Run path : /home/corbel/AI-Driven-Optimization-for-GT-Blade-Cooling/pinn13_runs/pinn13_no_data
Log file : /home/corbel/AI-Driven-Optimization-for-GT-Blade-Cooling/pinn13_runs/pinn13_no_data/training.log
Config   : folder=dp11  h=20  l=4  epochs=10000
           lr=0.001  lr_weights=0.0001  lr_min=1e-06
           T0=2000  N_mult=2  n_train=5000  n_sup=0  seed=42
Using device: cuda
coord_mean : [0.48097289763277484, 0.08777413587778102, 0.011334244102755646]
coord_std  : [0.2783405408863218, 0.05701961026948852, 0.00941359000104804]
out_mean   : [31.27008180257209, -0.03905995977294759, -0.00022490824057996286, 0.8376467141415622, 0.298149994]
out_std    : [17.432868186313385, 0.09864005464980533, 0.06641517278762007, 0.0017006922313924247, 0.001]
  [variance floor hit] p: raw=2.89e-06 → using floor=6.97e-05
  [variance floor hit] T: raw=0.00e+00 → using floor=1.00e+00

Field variances (used for all loss normalization):
  vx: 3.0394e+02  vy: 2.6524e-02  vz: 3.4917e-01
  p:  6.9723e-05   T:  1.0000e+00
Loading STL: ./preProcessedData/with_T/dp11/Baseline_ML4Science.stl
============================================================




[    1/10000]
PDE   div=1.847e-02  mom_x=2.812e-03  mom_y=1.594e-02  mom_z=1.284e+00  heat=6.877e-08  | total=1.321e+00
      w: div=9.999e-01  mom_x=9.999e-01  mom_y=9.999e-01  mom_z=1.000e+00  heat=9.999e-01
BC    inlet_vx=1.251e+00  inlet_vy=1.430e+00  inlet_vz=1.086e+00  inlet_T=1.293e-01  outlet_p=3.830e-02
      wall_vx=3.464e+00   wall_vy=2.282e-01   wall_vz=3.393e-03   wall_T=1.798e-01   wall_dp_dn=1.666e-01  | total=7.976e+00
      w: inlet_vx=1.000e+00  inlet_vy=1.000e+00  inlet_vz=1.000e+00  inlet_T=9.999e-01  outlet_p=9.999e-01
      w: wall_vx=1.000e+00   wall_vy=9.999e-01   wall_vz=9.999e-01   wall_T=9.999e-01   wall_dp_dn=9.999e-01
SUP   vx=0.000e+00  vy=0.000e+00  vz=0.000e+00  p=0.000e+00  T=0.000e+00  | total=0.000e+00
      w: vx=9.999e-01  vy=9.999e-01  vz=9.999e-01  p=9.999e-01  T=9.999e-01
MSE   vx=3.793e+02  vy=1.291e-02  vz=6.017e-03  p=1.252e-06  T=1.376e-01  | total=3.794e+02




[    2/10000]
PDE   div=1.466e-02  mom_x=3.296e-03  mom_y=1.739e-02  mom_z=8.714e-01  heat=5.900e-08  | total=9.068e-01
      w: div=9.998e-01  mom_x=9.998e-01  mom_y=9.998e-01  mom_z=1.000e+00  heat=9.998e-01
BC    inlet_vx=1.235e+00  inlet_vy=1.405e+00  inlet_vz=1.083e+00  inlet_T=1.185e-01  outlet_p=4.004e-02
      wall_vx=3.464e+00   wall_vy=2.071e-01   wall_vz=3.061e-03   wall_T=1.666e-01   wall_dp_dn=1.251e-01  | total=7.847e+00
      w: inlet_vx=1.000e+00  inlet_vy=1.000e+00  inlet_vz=1.000e+00  inlet_T=9.998e-01  outlet_p=9.998e-01
      w: wall_vx=1.000e+00   wall_vy=9.998e-01   wall_vz=9.998e-01   wall_T=9.998e-01   wall_dp_dn=9.998e-01
SUP   vx=0.000e+00  vy=0.000e+00  vz=0.000e+00  p=0.000e+00  T=0.000e+00  | total=0.000e+00
      w: vx=9.998e-01  vy=9.998e-01  vz=9.998e-01  p=9.998e-01  T=9.998e-01
MSE   vx=3.774e+02  vy=1.274e-02  vz=5.964e-03  p=1.273e-06  T=1.284e-01  | total=3.776e+02




[    3/10000]
PDE   div=1.131e-02  mom_x=4.021e-03  mom_y=1.855e-02  mom_z=5.429e-01  heat=5.244e-08  | total=5.768e-01
      w: div=9.997e-01  mom_x=9.997e-01  mom_y=9.997e-01  mom_z=1.000e+00  heat=9.997e-01
BC    inlet_vx=1.218e+00  inlet_vy=1.379e+00  inlet_vz=1.081e+00  inlet_T=1.082e-01  outlet_p=4.140e-02
      wall_vx=3.321e+00   wall_vy=1.951e-01   wall_vz=3.074e-03   wall_T=1.508e-01   wall_dp_dn=8.569e-02  | total=7.584e+00
      w: inlet_vx=1.000e+00  inlet_vy=1.000e+00  inlet_vz=1.000e+00  inlet_T=9.997e-01  outlet_p=9.997e-01
      w: wall_vx=1.000e+00   wall_vy=9.997e-01   wall_vz=9.997e-01   wall_T=9.997e-01   wall_dp_dn=9.997e-01
SUP   vx=0.000e+00  vy=0.000e+00  vz=0.000e+00  p=0.000e+00  T=0.000e+00  | total=0.000e+00
      w: vx=9.997e-01  vy=9.997e-01  vz=9.997e-01  p=9.997e-01  T=9.997e-01
MSE   vx=3.755e+02  vy=1.255e-02  vz=5.914e-03  p=1.300e-06  T=1.194e-01  | total=3.756e+02




[    4/10000]
PDE   div=8.674e-03  mom_x=4.745e-03  mom_y=2.009e-02  mom_z=3.195e-01  heat=4.329e-08  | total=3.530e-01
      w: div=9.996e-01  mom_x=9.996e-01  mom_y=9.996e-01  mom_z=1.000e+00  heat=9.996e-01
BC    inlet_vx=1.201e+00  inlet_vy=1.354e+00  inlet_vz=1.079e+00  inlet_T=9.824e-02  outlet_p=4.272e-02
      wall_vx=3.358e+00   wall_vy=1.843e-01   wall_vz=2.932e-03   wall_T=1.430e-01   wall_dp_dn=5.807e-02  | total=7.521e+00
      w: inlet_vx=1.000e+00  inlet_vy=1.000e+00  inlet_vz=1.000e+00  inlet_T=9.996e-01  outlet_p=9.996e-01
      w: wall_vx=1.000e+00   wall_vy=9.996e-01   wall_vz=9.996e-01   wall_T=9.996e-01   wall_dp_dn=9.996e-01
SUP   vx=0.000e+00  vy=0.000e+00  vz=0.000e+00  p=0.000e+00  T=0.000e+00  | total=0.000e+00
      w: vx=9.996e-01  vy=9.996e-01  vz=9.996e-01  p=9.996e-01  T=9.996e-01
MSE   vx=3.734e+02  vy=1.237e-02  vz=5.865e-03  p=1.332e-06  T=1.106e-01  | total=3.736e+02




[    5/10000]
PDE   div=6.413e-03  mom_x=5.748e-03  mom_y=2.179e-02  mom_z=1.756e-01  heat=3.817e-08  | total=2.095e-01
      w: div=9.995e-01  mom_x=9.995e-01  mom_y=9.995e-01  mom_z=1.000e+00  heat=9.995e-01
BC    inlet_vx=1.183e+00  inlet_vy=1.328e+00  inlet_vz=1.077e+00  inlet_T=8.875e-02  outlet_p=4.423e-02
      wall_vx=3.244e+00   wall_vy=1.617e-01   wall_vz=2.735e-03   wall_T=1.341e-01   wall_dp_dn=3.736e-02  | total=7.302e+00
      w: inlet_vx=1.000e+00  inlet_vy=1.000e+00  inlet_vz=1.000e+00  inlet_T=9.995e-01  outlet_p=9.995e-01
      w: wall_vx=1.000e+00   wall_vy=9.995e-01   wall_vz=9.995e-01   wall_T=9.995e-01   wall_dp_dn=9.995e-01
SUP   vx=0.000e+00  vy=0.000e+00  vz=0.000e+00  p=0.000e+00  T=0.000e+00  | total=0.000e+00
      w: vx=9.995e-01  vy=9.995e-01  vz=9.995e-01  p=9.995e-01  T=9.995e-01
MSE   vx=3.712e+02  vy=1.219e-02  vz=5.818e-03  p=1.367e-06  T=1.019e-01  | total=3.714e+02




[    6/10000]
PDE   div=4.702e-03  mom_x=6.748e-03  mom_y=2.304e-02  mom_z=8.884e-02  heat=3.076e-08  | total=1.233e-01
      w: div=9.994e-01  mom_x=9.994e-01  mom_y=9.994e-01  mom_z=9.999e-01  heat=9.994e-01
BC    inlet_vx=1.164e+00  inlet_vy=1.302e+00  inlet_vz=1.075e+00  inlet_T=7.982e-02  outlet_p=4.602e-02
      wall_vx=3.253e+00   wall_vy=1.602e-01   wall_vz=2.595e-03   wall_T=1.230e-01   wall_dp_dn=2.250e-02  | total=7.229e+00
      w: inlet_vx=1.001e+00  inlet_vy=1.001e+00  inlet_vz=1.001e+00  inlet_T=9.994e-01  outlet_p=9.994e-01
      w: wall_vx=1.001e+00   wall_vy=9.994e-01   wall_vz=9.994e-01   wall_T=9.994e-01   wall_dp_dn=9.994e-01
SUP   vx=0.000e+00  vy=0.000e+00  vz=0.000e+00  p=0.000e+00  T=0.000e+00  | total=0.000e+00
      w: vx=9.994e-01  vy=9.994e-01  vz=9.994e-01  p=9.994e-01  T=9.994e-01
MSE   vx=3.689e+02  vy=1.202e-02  vz=5.772e-03  p=1.404e-06  T=9.354e-02  | total=3.690e+02




[    7/10000]
PDE   div=3.551e-03  mom_x=7.720e-03  mom_y=2.332e-02  mom_z=5.646e-02  heat=2.731e-08  | total=9.105e-02
      w: div=9.993e-01  mom_x=9.993e-01  mom_y=9.993e-01  mom_z=9.998e-01  heat=9.993e-01
BC    inlet_vx=1.145e+00  inlet_vy=1.277e+00  inlet_vz=1.073e+00  inlet_T=7.151e-02  outlet_p=4.769e-02
      wall_vx=3.242e+00   wall_vy=1.444e-01   wall_vz=2.460e-03   wall_T=1.136e-01   wall_dp_dn=1.368e-02  | total=7.131e+00
      w: inlet_vx=1.001e+00  inlet_vy=1.001e+00  inlet_vz=1.001e+00  inlet_T=9.993e-01  outlet_p=9.993e-01
      w: wall_vx=1.001e+00   wall_vy=9.993e-01   wall_vz=9.993e-01   wall_T=9.993e-01   wall_dp_dn=9.993e-01
SUP   vx=0.000e+00  vy=0.000e+00  vz=0.000e+00  p=0.000e+00  T=0.000e+00  | total=0.000e+00
      w: vx=9.993e-01  vy=9.993e-01  vz=9.993e-01  p=9.993e-01  T=9.993e-01
MSE   vx=3.665e+02  vy=1.186e-02  vz=5.728e-03  p=1.442e-06  T=8.551e-02  | total=3.666e+02




[    8/10000]
PDE   div=2.843e-03  mom_x=9.258e-03  mom_y=2.476e-02  mom_z=7.314e-02  heat=2.101e-08  | total=1.100e-01
      w: div=9.992e-01  mom_x=9.992e-01  mom_y=9.992e-01  mom_z=9.997e-01  heat=9.992e-01
BC    inlet_vx=1.125e+00  inlet_vy=1.253e+00  inlet_vz=1.072e+00  inlet_T=6.401e-02  outlet_p=4.897e-02
      wall_vx=3.210e+00   wall_vy=1.285e-01   wall_vz=2.350e-03   wall_T=1.019e-01   wall_dp_dn=9.048e-03  | total=7.014e+00
      w: inlet_vx=1.001e+00  inlet_vy=1.001e+00  inlet_vz=1.001e+00  inlet_T=9.992e-01  outlet_p=9.992e-01
      w: wall_vx=1.001e+00   wall_vy=9.992e-01   wall_vz=9.992e-01   wall_T=9.992e-01   wall_dp_dn=9.992e-01
SUP   vx=0.000e+00  vy=0.000e+00  vz=0.000e+00  p=0.000e+00  T=0.000e+00  | total=0.000e+00
      w: vx=9.992e-01  vy=9.992e-01  vz=9.992e-01  p=9.992e-01  T=9.992e-01
MSE   vx=3.639e+02  vy=1.170e-02  vz=5.686e-03  p=1.479e-06  T=7.794e-02  | total=3.640e+02




[    9/10000]
PDE   div=2.758e-03  mom_x=1.047e-02  mom_y=2.422e-02  mom_z=1.157e-01  heat=1.828e-08  | total=1.532e-01
      w: div=9.991e-01  mom_x=9.991e-01  mom_y=9.991e-01  mom_z=9.997e-01  heat=9.991e-01
BC    inlet_vx=1.104e+00  inlet_vy=1.230e+00  inlet_vz=1.070e+00  inlet_T=5.744e-02  outlet_p=5.098e-02
      wall_vx=3.081e+00   wall_vy=1.107e-01   wall_vz=2.258e-03   wall_T=9.707e-02   wall_dp_dn=8.676e-03  | total=6.811e+00
      w: inlet_vx=1.001e+00  inlet_vy=1.001e+00  inlet_vz=1.001e+00  inlet_T=9.991e-01  outlet_p=9.991e-01
      w: wall_vx=1.001e+00   wall_vy=9.991e-01   wall_vz=9.991e-01   wall_T=9.991e-01   wall_dp_dn=9.991e-01
SUP   vx=0.000e+00  vy=0.000e+00  vz=0.000e+00  p=0.000e+00  T=0.000e+00  | total=0.000e+00
      w: vx=9.991e-01  vy=9.991e-01  vz=9.991e-01  p=9.991e-01  T=9.991e-01
MSE   vx=3.614e+02  vy=1.156e-02  vz=5.645e-03  p=1.514e-06  T=7.088e-02  | total=3.615e+02




[   10/10000]
PDE   div=3.218e-03  mom_x=1.189e-02  mom_y=2.370e-02  mom_z=1.720e-01  heat=1.502e-08  | total=2.108e-01
      w: div=9.990e-01  mom_x=9.990e-01  mom_y=9.990e-01  mom_z=9.996e-01  heat=9.990e-01
BC    inlet_vx=1.083e+00  inlet_vy=1.207e+00  inlet_vz=1.068e+00  inlet_T=5.188e-02  outlet_p=5.128e-02
      wall_vx=3.036e+00   wall_vy=1.104e-01   wall_vz=2.156e-03   wall_T=8.783e-02   wall_dp_dn=9.647e-03  | total=6.708e+00
      w: inlet_vx=1.001e+00  inlet_vy=1.001e+00  inlet_vz=1.001e+00  inlet_T=9.990e-01  outlet_p=9.990e-01
      w: wall_vx=1.001e+00   wall_vy=9.990e-01   wall_vz=9.990e-01   wall_T=9.990e-01   wall_dp_dn=9.990e-01
SUP   vx=0.000e+00  vy=0.000e+00  vz=0.000e+00  p=0.000e+00  T=0.000e+00  | total=0.000e+00
      w: vx=9.990e-01  vy=9.990e-01  vz=9.990e-01  p=9.990e-01  T=9.990e-01
MSE   vx=3.590e+02  vy=1.142e-02  vz=5.606e-03  p=1.546e-06  T=6.439e-02  | total=3.591e+02




[   11/10000]
PDE   div=4.178e-03  mom_x=1.344e-02  mom_y=2.297e-02  mom_z=2.358e-01  heat=1.290e-08  | total=2.764e-01
      w: div=9.989e-01  mom_x=9.989e-01  mom_y=9.989e-01  mom_z=9.995e-01  heat=9.989e-01
BC    inlet_vx=1.062e+00  inlet_vy=1.186e+00  inlet_vz=1.067e+00  inlet_T=4.739e-02  outlet_p=5.202e-02
      wall_vx=3.090e+00   wall_vy=1.028e-01   wall_vz=2.154e-03   wall_T=7.799e-02   wall_dp_dn=1.235e-02  | total=6.700e+00
      w: inlet_vx=1.001e+00  inlet_vy=1.001e+00  inlet_vz=1.001e+00  inlet_T=9.989e-01  outlet_p=9.989e-01
      w: wall_vx=1.001e+00   wall_vy=9.989e-01   wall_vz=9.989e-01   wall_T=9.989e-01   wall_dp_dn=9.989e-01
SUP   vx=0.000e+00  vy=0.000e+00  vz=0.000e+00  p=0.000e+00  T=0.000e+00  | total=0.000e+00
      w: vx=9.989e-01  vy=9.989e-01  vz=9.989e-01  p=9.989e-01  T=9.989e-01
MSE   vx=3.567e+02  vy=1.129e-02  vz=5.570e-03  p=1.573e-06  T=5.855e-02  | total=3.568e+02




[   12/10000]
PDE   div=5.553e-03  mom_x=1.541e-02  mom_y=2.236e-02  mom_z=2.785e-01  heat=1.261e-08  | total=3.218e-01
      w: div=9.988e-01  mom_x=9.988e-01  mom_y=9.988e-01  mom_z=9.994e-01  heat=9.988e-01
BC    inlet_vx=1.042e+00  inlet_vy=1.166e+00  inlet_vz=1.065e+00  inlet_T=4.400e-02  outlet_p=5.401e-02
      wall_vx=3.037e+00   wall_vy=8.928e-02   wall_vz=2.011e-03   wall_T=7.083e-02   wall_dp_dn=1.417e-02  | total=6.584e+00
      w: inlet_vx=1.001e+00  inlet_vy=1.001e+00  inlet_vz=1.001e+00  inlet_T=9.988e-01  outlet_p=9.988e-01
      w: wall_vx=1.001e+00   wall_vy=9.988e-01   wall_vz=9.988e-01   wall_T=9.988e-01   wall_dp_dn=9.988e-01
SUP   vx=0.000e+00  vy=0.000e+00  vz=0.000e+00  p=0.000e+00  T=0.000e+00  | total=0.000e+00
      w: vx=9.988e-01  vy=9.988e-01  vz=9.988e-01  p=9.988e-01  T=9.988e-01
MSE   vx=3.545e+02  vy=1.118e-02  vz=5.535e-03  p=1.597e-06  T=5.336e-02  | total=3.546e+02




[   13/10000]
PDE   div=7.697e-03  mom_x=1.726e-02  mom_y=2.093e-02  mom_z=3.228e-01  heat=1.250e-08  | total=3.687e-01
      w: div=9.987e-01  mom_x=9.987e-01  mom_y=9.987e-01  mom_z=9.993e-01  heat=9.987e-01
BC    inlet_vx=1.022e+00  inlet_vy=1.147e+00  inlet_vz=1.064e+00  inlet_T=4.167e-02  outlet_p=5.444e-02
      wall_vx=2.985e+00   wall_vy=8.066e-02   wall_vz=1.842e-03   wall_T=6.664e-02   wall_dp_dn=1.596e-02  | total=6.479e+00
      w: inlet_vx=1.001e+00  inlet_vy=1.001e+00  inlet_vz=1.001e+00  inlet_T=9.987e-01  outlet_p=9.987e-01
      w: wall_vx=1.001e+00   wall_vy=9.987e-01   wall_vz=9.987e-01   wall_T=9.987e-01   wall_dp_dn=9.987e-01
SUP   vx=0.000e+00  vy=0.000e+00  vz=0.000e+00  p=0.000e+00  T=0.000e+00  | total=0.000e+00
      w: vx=9.987e-01  vy=9.987e-01  vz=9.987e-01  p=9.987e-01  T=9.987e-01
MSE   vx=3.525e+02  vy=1.107e-02  vz=5.503e-03  p=1.616e-06  T=4.880e-02  | total=3.526e+02




[   14/10000]
PDE   div=9.930e-03  mom_x=1.904e-02  mom_y=1.948e-02  mom_z=3.391e-01  heat=1.285e-08  | total=3.875e-01
      w: div=9.986e-01  mom_x=9.986e-01  mom_y=9.986e-01  mom_z=9.992e-01  heat=9.986e-01
BC    inlet_vx=1.003e+00  inlet_vy=1.130e+00  inlet_vz=1.062e+00  inlet_T=4.033e-02  outlet_p=5.633e-02
      wall_vx=2.921e+00   wall_vy=7.450e-02   wall_vz=1.822e-03   wall_T=5.733e-02   wall_dp_dn=1.853e-02  | total=6.365e+00
      w: inlet_vx=1.001e+00  inlet_vy=1.001e+00  inlet_vz=1.001e+00  inlet_T=9.986e-01  outlet_p=9.986e-01
      w: wall_vx=1.001e+00   wall_vy=9.986e-01   wall_vz=9.986e-01   wall_T=9.986e-01   wall_dp_dn=9.986e-01
SUP   vx=0.000e+00  vy=0.000e+00  vz=0.000e+00  p=0.000e+00  T=0.000e+00  | total=0.000e+00
      w: vx=9.986e-01  vy=9.986e-01  vz=9.986e-01  p=9.986e-01  T=9.986e-01
MSE   vx=3.507e+02  vy=1.097e-02  vz=5.472e-03  p=1.631e-06  T=4.486e-02  | total=3.508e+02




[   15/10000]
PDE   div=1.289e-02  mom_x=2.154e-02  mom_y=1.790e-02  mom_z=3.502e-01  heat=1.504e-08  | total=4.025e-01
      w: div=9.985e-01  mom_x=9.985e-01  mom_y=9.985e-01  mom_z=9.991e-01  heat=9.985e-01
BC    inlet_vx=9.844e-01  inlet_vy=1.113e+00  inlet_vz=1.061e+00  inlet_T=3.990e-02  outlet_p=5.531e-02
      wall_vx=2.876e+00   wall_vy=6.803e-02   wall_vz=1.747e-03   wall_T=5.390e-02   wall_dp_dn=1.867e-02  | total=6.272e+00
      w: inlet_vx=1.001e+00  inlet_vy=1.001e+00  inlet_vz=1.001e+00  inlet_T=9.985e-01  outlet_p=9.985e-01
      w: wall_vx=1.001e+00   wall_vy=9.985e-01   wall_vz=9.985e-01   wall_T=9.985e-01   wall_dp_dn=9.985e-01
SUP   vx=0.000e+00  vy=0.000e+00  vz=0.000e+00  p=0.000e+00  T=0.000e+00  | total=0.000e+00
      w: vx=9.985e-01  vy=9.985e-01  vz=9.985e-01  p=9.985e-01  T=9.985e-01
MSE   vx=3.492e+02  vy=1.088e-02  vz=5.444e-03  p=1.643e-06  T=4.147e-02  | total=3.492e+02




[   16/10000]
PDE   div=1.587e-02  mom_x=2.371e-02  mom_y=1.680e-02  mom_z=3.301e-01  heat=1.646e-08  | total=3.864e-01
      w: div=9.984e-01  mom_x=9.984e-01  mom_y=9.984e-01  mom_z=9.990e-01  heat=9.984e-01
BC    inlet_vx=9.667e-01  inlet_vy=1.098e+00  inlet_vz=1.060e+00  inlet_T=4.027e-02  outlet_p=5.652e-02
      wall_vx=2.845e+00   wall_vy=6.088e-02   wall_vz=1.651e-03   wall_T=4.871e-02   wall_dp_dn=1.902e-02  | total=6.197e+00
      w: inlet_vx=1.001e+00  inlet_vy=1.002e+00  inlet_vz=1.002e+00  inlet_T=9.984e-01  outlet_p=9.984e-01
      w: wall_vx=1.002e+00   wall_vy=9.984e-01   wall_vz=9.984e-01   wall_T=9.984e-01   wall_dp_dn=9.984e-01
SUP   vx=0.000e+00  vy=0.000e+00  vz=0.000e+00  p=0.000e+00  T=0.000e+00  | total=0.000e+00
      w: vx=9.984e-01  vy=9.984e-01  vz=9.984e-01  p=9.984e-01  T=9.984e-01
MSE   vx=3.478e+02  vy=1.080e-02  vz=5.417e-03  p=1.652e-06  T=3.861e-02  | total=3.479e+02




[   17/10000]
PDE   div=1.943e-02  mom_x=2.558e-02  mom_y=1.446e-02  mom_z=3.213e-01  heat=1.869e-08  | total=3.808e-01
      w: div=9.983e-01  mom_x=9.983e-01  mom_y=9.983e-01  mom_z=9.989e-01  heat=9.983e-01
BC    inlet_vx=9.497e-01  inlet_vy=1.084e+00  inlet_vz=1.059e+00  inlet_T=4.133e-02  outlet_p=5.690e-02
      wall_vx=2.761e+00   wall_vy=5.337e-02   wall_vz=1.573e-03   wall_T=4.676e-02   wall_dp_dn=1.736e-02  | total=6.071e+00
      w: inlet_vx=1.002e+00  inlet_vy=1.002e+00  inlet_vz=1.002e+00  inlet_T=9.983e-01  outlet_p=9.983e-01
      w: wall_vx=1.002e+00   wall_vy=9.983e-01   wall_vz=9.983e-01   wall_T=9.983e-01   wall_dp_dn=9.983e-01
SUP   vx=0.000e+00  vy=0.000e+00  vz=0.000e+00  p=0.000e+00  T=0.000e+00  | total=0.000e+00
      w: vx=9.983e-01  vy=9.983e-01  vz=9.983e-01  p=9.983e-01  T=9.983e-01
MSE   vx=3.468e+02  vy=1.073e-02  vz=5.392e-03  p=1.658e-06  T=3.620e-02  | total=3.468e+02




[   18/10000]
PDE   div=2.360e-02  mom_x=2.842e-02  mom_y=1.306e-02  mom_z=2.971e-01  heat=2.178e-08  | total=3.622e-01
      w: div=9.982e-01  mom_x=9.982e-01  mom_y=9.982e-01  mom_z=9.989e-01  heat=9.982e-01
BC    inlet_vx=9.334e-01  inlet_vy=1.072e+00  inlet_vz=1.058e+00  inlet_T=4.298e-02  outlet_p=5.674e-02
      wall_vx=2.741e+00   wall_vy=4.880e-02   wall_vz=1.526e-03   wall_T=4.294e-02   wall_dp_dn=1.624e-02  | total=6.013e+00
      w: inlet_vx=1.002e+00  inlet_vy=1.002e+00  inlet_vz=1.002e+00  inlet_T=9.982e-01  outlet_p=9.982e-01
      w: wall_vx=1.002e+00   wall_vy=9.982e-01   wall_vz=9.982e-01   wall_T=9.982e-01   wall_dp_dn=9.982e-01
SUP   vx=0.000e+00  vy=0.000e+00  vz=0.000e+00  p=0.000e+00  T=0.000e+00  | total=0.000e+00
      w: vx=9.982e-01  vy=9.982e-01  vz=9.982e-01  p=9.982e-01  T=9.982e-01
MSE   vx=3.460e+02  vy=1.066e-02  vz=5.368e-03  p=1.661e-06  T=3.421e-02  | total=3.460e+02




[   19/10000]
PDE   div=2.785e-02  mom_x=3.019e-02  mom_y=1.122e-02  mom_z=2.720e-01  heat=2.399e-08  | total=3.413e-01
      w: div=9.981e-01  mom_x=9.981e-01  mom_y=9.981e-01  mom_z=9.988e-01  heat=9.981e-01
BC    inlet_vx=9.178e-01  inlet_vy=1.060e+00  inlet_vz=1.057e+00  inlet_T=4.509e-02  outlet_p=5.728e-02
      wall_vx=2.693e+00   wall_vy=4.388e-02   wall_vz=1.468e-03   wall_T=4.038e-02   wall_dp_dn=1.396e-02  | total=5.929e+00
      w: inlet_vx=1.002e+00  inlet_vy=1.002e+00  inlet_vz=1.002e+00  inlet_T=9.981e-01  outlet_p=9.981e-01
      w: wall_vx=1.002e+00   wall_vy=9.981e-01   wall_vz=9.981e-01   wall_T=9.981e-01   wall_dp_dn=9.981e-01
SUP   vx=0.000e+00  vy=0.000e+00  vz=0.000e+00  p=0.000e+00  T=0.000e+00  | total=0.000e+00
      w: vx=9.981e-01  vy=9.981e-01  vz=9.981e-01  p=9.981e-01  T=9.981e-01
MSE   vx=3.454e+02  vy=1.060e-02  vz=5.346e-03  p=1.663e-06  T=3.258e-02  | total=3.454e+02




[   20/10000]
PDE   div=3.242e-02  mom_x=3.289e-02  mom_y=1.008e-02  mom_z=2.218e-01  heat=2.784e-08  | total=2.972e-01
      w: div=9.980e-01  mom_x=9.980e-01  mom_y=9.980e-01  mom_z=9.987e-01  heat=9.980e-01
BC    inlet_vx=9.030e-01  inlet_vy=1.049e+00  inlet_vz=1.056e+00  inlet_T=4.758e-02  outlet_p=5.781e-02
      wall_vx=2.767e+00   wall_vy=4.268e-02   wall_vz=1.437e-03   wall_T=3.572e-02   wall_dp_dn=1.177e-02  | total=5.971e+00
      w: inlet_vx=1.002e+00  inlet_vy=1.002e+00  inlet_vz=1.002e+00  inlet_T=9.980e-01  outlet_p=9.980e-01
      w: wall_vx=1.002e+00   wall_vy=9.980e-01   wall_vz=9.980e-01   wall_T=9.980e-01   wall_dp_dn=9.980e-01
SUP   vx=0.000e+00  vy=0.000e+00  vz=0.000e+00  p=0.000e+00  T=0.000e+00  | total=0.000e+00
      w: vx=9.980e-01  vy=9.980e-01  vz=9.980e-01  p=9.980e-01  T=9.980e-01
MSE   vx=3.451e+02  vy=1.055e-02  vz=5.325e-03  p=1.664e-06  T=3.127e-02  | total=3.451e+02




[   21/10000]
PDE   div=3.695e-02  mom_x=3.473e-02  mom_y=8.229e-03  mom_z=1.836e-01  heat=2.989e-08  | total=2.635e-01
      w: div=9.979e-01  mom_x=9.979e-01  mom_y=9.979e-01  mom_z=9.986e-01  heat=9.979e-01
BC    inlet_vx=8.890e-01  inlet_vy=1.039e+00  inlet_vz=1.055e+00  inlet_T=5.035e-02  outlet_p=5.773e-02
      wall_vx=2.651e+00   wall_vy=3.771e-02   wall_vz=1.398e-03   wall_T=3.409e-02   wall_dp_dn=9.619e-03  | total=5.825e+00
      w: inlet_vx=1.002e+00  inlet_vy=1.002e+00  inlet_vz=1.002e+00  inlet_T=9.979e-01  outlet_p=9.979e-01
      w: wall_vx=1.002e+00   wall_vy=9.979e-01   wall_vz=9.979e-01   wall_T=9.979e-01   wall_dp_dn=9.979e-01
SUP   vx=0.000e+00  vy=0.000e+00  vz=0.000e+00  p=0.000e+00  T=0.000e+00  | total=0.000e+00
      w: vx=9.979e-01  vy=9.979e-01  vz=9.979e-01  p=9.979e-01  T=9.979e-01
MSE   vx=3.450e+02  vy=1.050e-02  vz=5.305e-03  p=1.664e-06  T=3.023e-02  | total=3.450e+02




[   22/10000]
PDE   div=4.271e-02  mom_x=3.777e-02  mom_y=7.269e-03  mom_z=1.467e-01  heat=3.369e-08  | total=2.345e-01
      w: div=9.978e-01  mom_x=9.978e-01  mom_y=9.978e-01  mom_z=9.985e-01  heat=9.978e-01
BC    inlet_vx=8.756e-01  inlet_vy=1.030e+00  inlet_vz=1.054e+00  inlet_T=5.330e-02  outlet_p=5.735e-02
      wall_vx=2.596e+00   wall_vy=3.371e-02   wall_vz=1.308e-03   wall_T=3.455e-02   wall_dp_dn=7.980e-03  | total=5.744e+00
      w: inlet_vx=1.002e+00  inlet_vy=1.002e+00  inlet_vz=1.002e+00  inlet_T=9.978e-01  outlet_p=9.978e-01
      w: wall_vx=1.002e+00   wall_vy=9.978e-01   wall_vz=9.978e-01   wall_T=9.978e-01   wall_dp_dn=9.978e-01
SUP   vx=0.000e+00  vy=0.000e+00  vz=0.000e+00  p=0.000e+00  T=0.000e+00  | total=0.000e+00
      w: vx=9.978e-01  vy=9.978e-01  vz=9.978e-01  p=9.978e-01  T=9.978e-01
MSE   vx=3.452e+02  vy=1.046e-02  vz=5.286e-03  p=1.663e-06  T=2.942e-02  | total=3.452e+02




[   23/10000]
PDE   div=4.782e-02  mom_x=4.003e-02  mom_y=6.196e-03  mom_z=1.119e-01  heat=3.652e-08  | total=2.059e-01
      w: div=9.977e-01  mom_x=9.977e-01  mom_y=9.977e-01  mom_z=9.984e-01  heat=9.977e-01
BC    inlet_vx=8.630e-01  inlet_vy=1.022e+00  inlet_vz=1.053e+00  inlet_T=5.635e-02  outlet_p=5.752e-02
      wall_vx=2.582e+00   wall_vy=2.974e-02   wall_vz=1.272e-03   wall_T=3.254e-02   wall_dp_dn=5.635e-03  | total=5.703e+00
      w: inlet_vx=1.002e+00  inlet_vy=1.002e+00  inlet_vz=1.002e+00  inlet_T=9.977e-01  outlet_p=9.977e-01
      w: wall_vx=1.002e+00   wall_vy=9.977e-01   wall_vz=9.977e-01   wall_T=9.977e-01   wall_dp_dn=9.977e-01
SUP   vx=0.000e+00  vy=0.000e+00  vz=0.000e+00  p=0.000e+00  T=0.000e+00  | total=0.000e+00
      w: vx=9.977e-01  vy=9.977e-01  vz=9.977e-01  p=9.977e-01  T=9.977e-01
MSE   vx=3.456e+02  vy=1.042e-02  vz=5.268e-03  p=1.661e-06  T=2.880e-02  | total=3.456e+02




[   24/10000]
PDE   div=5.364e-02  mom_x=4.261e-02  mom_y=5.205e-03  mom_z=8.004e-02  heat=3.875e-08  | total=1.815e-01
      w: div=9.976e-01  mom_x=9.976e-01  mom_y=9.976e-01  mom_z=9.983e-01  heat=9.976e-01
BC    inlet_vx=8.510e-01  inlet_vy=1.014e+00  inlet_vz=1.053e+00  inlet_T=5.940e-02  outlet_p=5.746e-02
      wall_vx=2.572e+00   wall_vy=2.880e-02   wall_vz=1.208e-03   wall_T=3.087e-02   wall_dp_dn=4.288e-03  | total=5.672e+00
      w: inlet_vx=1.002e+00  inlet_vy=1.002e+00  inlet_vz=1.002e+00  inlet_T=9.976e-01  outlet_p=9.976e-01
      w: wall_vx=1.002e+00   wall_vy=9.976e-01   wall_vz=9.976e-01   wall_T=9.976e-01   wall_dp_dn=9.976e-01
SUP   vx=0.000e+00  vy=0.000e+00  vz=0.000e+00  p=0.000e+00  T=0.000e+00  | total=0.000e+00
      w: vx=9.976e-01  vy=9.976e-01  vz=9.976e-01  p=9.976e-01  T=9.976e-01
MSE   vx=3.463e+02  vy=1.039e-02  vz=5.250e-03  p=1.660e-06  T=2.834e-02  | total=3.463e+02




[   25/10000]
PDE   div=5.925e-02  mom_x=4.509e-02  mom_y=4.576e-03  mom_z=5.256e-02  heat=4.139e-08  | total=1.615e-01
      w: div=9.975e-01  mom_x=9.975e-01  mom_y=9.975e-01  mom_z=9.982e-01  heat=9.975e-01
BC    inlet_vx=8.397e-01  inlet_vy=1.008e+00  inlet_vz=1.052e+00  inlet_T=6.239e-02  outlet_p=5.771e-02
      wall_vx=2.513e+00   wall_vy=2.479e-02   wall_vz=1.185e-03   wall_T=3.096e-02   wall_dp_dn=3.281e-03  | total=5.593e+00
      w: inlet_vx=1.002e+00  inlet_vy=1.002e+00  inlet_vz=1.002e+00  inlet_T=9.975e-01  outlet_p=9.975e-01
      w: wall_vx=1.002e+00   wall_vy=9.975e-01   wall_vz=9.975e-01   wall_T=9.975e-01   wall_dp_dn=9.975e-01
SUP   vx=0.000e+00  vy=0.000e+00  vz=0.000e+00  p=0.000e+00  T=0.000e+00  | total=0.000e+00
      w: vx=9.975e-01  vy=9.975e-01  vz=9.975e-01  p=9.975e-01  T=9.975e-01
MSE   vx=3.472e+02  vy=1.036e-02  vz=5.234e-03  p=1.659e-06  T=2.798e-02  | total=3.472e+02




[   26/10000]
PDE   div=6.506e-02  mom_x=4.759e-02  mom_y=3.906e-03  mom_z=3.594e-02  heat=4.323e-08  | total=1.525e-01
      w: div=9.974e-01  mom_x=9.974e-01  mom_y=9.974e-01  mom_z=9.981e-01  heat=9.974e-01
BC    inlet_vx=8.289e-01  inlet_vy=1.002e+00  inlet_vz=1.051e+00  inlet_T=6.522e-02  outlet_p=5.701e-02
      wall_vx=2.543e+00   wall_vy=2.429e-02   wall_vz=1.134e-03   wall_T=3.030e-02   wall_dp_dn=2.710e-03  | total=5.605e+00
      w: inlet_vx=1.002e+00  inlet_vy=1.002e+00  inlet_vz=1.003e+00  inlet_T=9.974e-01  outlet_p=9.974e-01
      w: wall_vx=1.003e+00   wall_vy=9.974e-01   wall_vz=9.974e-01   wall_T=9.974e-01   wall_dp_dn=9.974e-01
SUP   vx=0.000e+00  vy=0.000e+00  vz=0.000e+00  p=0.000e+00  T=0.000e+00  | total=0.000e+00
      w: vx=9.974e-01  vy=9.974e-01  vz=9.974e-01  p=9.974e-01  T=9.974e-01
MSE   vx=3.483e+02  vy=1.034e-02  vz=5.218e-03  p=1.658e-06  T=2.771e-02  | total=3.483e+02




[   27/10000]
PDE   div=7.205e-02  mom_x=5.033e-02  mom_y=3.639e-03  mom_z=2.319e-02  heat=4.620e-08  | total=1.492e-01
      w: div=9.973e-01  mom_x=9.973e-01  mom_y=9.973e-01  mom_z=9.980e-01  heat=9.973e-01
BC    inlet_vx=8.188e-01  inlet_vy=9.961e-01  inlet_vz=1.051e+00  inlet_T=6.785e-02  outlet_p=5.717e-02
      wall_vx=2.508e+00   wall_vy=2.215e-02   wall_vz=1.098e-03   wall_T=2.971e-02   wall_dp_dn=3.003e-03  | total=5.554e+00
      w: inlet_vx=1.002e+00  inlet_vy=1.002e+00  inlet_vz=1.003e+00  inlet_T=9.973e-01  outlet_p=9.973e-01
      w: wall_vx=1.003e+00   wall_vy=9.973e-01   wall_vz=9.973e-01   wall_T=9.973e-01   wall_dp_dn=9.973e-01
SUP   vx=0.000e+00  vy=0.000e+00  vz=0.000e+00  p=0.000e+00  T=0.000e+00  | total=0.000e+00
      w: vx=9.973e-01  vy=9.973e-01  vz=9.973e-01  p=9.973e-01  T=9.973e-01
MSE   vx=3.496e+02  vy=1.032e-02  vz=5.202e-03  p=1.657e-06  T=2.750e-02  | total=3.497e+02




[   28/10000]
PDE   div=7.803e-02  mom_x=5.262e-02  mom_y=3.304e-03  mom_z=1.830e-02  heat=4.665e-08  | total=1.522e-01
      w: div=9.972e-01  mom_x=9.972e-01  mom_y=9.972e-01  mom_z=9.979e-01  heat=9.972e-01
BC    inlet_vx=8.095e-01  inlet_vy=9.912e-01  inlet_vz=1.050e+00  inlet_T=7.020e-02  outlet_p=5.686e-02
      wall_vx=2.493e+00   wall_vy=2.037e-02   wall_vz=1.038e-03   wall_T=2.956e-02   wall_dp_dn=3.885e-03  | total=5.525e+00
      w: inlet_vx=1.002e+00  inlet_vy=1.003e+00  inlet_vz=1.003e+00  inlet_T=9.972e-01  outlet_p=9.972e-01
      w: wall_vx=1.003e+00   wall_vy=9.972e-01   wall_vz=9.972e-01   wall_T=9.972e-01   wall_dp_dn=9.972e-01
SUP   vx=0.000e+00  vy=0.000e+00  vz=0.000e+00  p=0.000e+00  T=0.000e+00  | total=0.000e+00
      w: vx=9.972e-01  vy=9.972e-01  vz=9.972e-01  p=9.972e-01  T=9.972e-01
MSE   vx=3.511e+02  vy=1.030e-02  vz=5.187e-03  p=1.657e-06  T=2.731e-02  | total=3.512e+02




[   29/10000]
PDE   div=8.462e-02  mom_x=5.541e-02  mom_y=3.146e-03  mom_z=1.965e-02  heat=4.873e-08  | total=1.628e-01
      w: div=9.971e-01  mom_x=9.971e-01  mom_y=9.971e-01  mom_z=9.978e-01  heat=9.971e-01
BC    inlet_vx=8.008e-01  inlet_vy=9.868e-01  inlet_vz=1.049e+00  inlet_T=7.223e-02  outlet_p=5.615e-02
      wall_vx=2.410e+00   wall_vy=1.950e-02   wall_vz=1.061e-03   wall_T=2.814e-02   wall_dp_dn=5.132e-03  | total=5.429e+00
      w: inlet_vx=1.002e+00  inlet_vy=1.003e+00  inlet_vz=1.003e+00  inlet_T=9.971e-01  outlet_p=9.971e-01
      w: wall_vx=1.003e+00   wall_vy=9.971e-01   wall_vz=9.971e-01   wall_T=9.971e-01   wall_dp_dn=9.971e-01
SUP   vx=0.000e+00  vy=0.000e+00  vz=0.000e+00  p=0.000e+00  T=0.000e+00  | total=0.000e+00
      w: vx=9.971e-01  vy=9.971e-01  vz=9.971e-01  p=9.971e-01  T=9.971e-01
MSE   vx=3.529e+02  vy=1.028e-02  vz=5.173e-03  p=1.658e-06  T=2.712e-02  | total=3.529e+02




[   30/10000]
PDE   div=9.118e-02  mom_x=5.723e-02  mom_y=3.243e-03  mom_z=2.716e-02  heat=4.831e-08  | total=1.788e-01
      w: div=9.970e-01  mom_x=9.970e-01  mom_y=9.970e-01  mom_z=9.977e-01  heat=9.970e-01
BC    inlet_vx=7.927e-01  inlet_vy=9.828e-01  inlet_vz=1.049e+00  inlet_T=7.388e-02  outlet_p=5.639e-02
      wall_vx=2.424e+00   wall_vy=1.826e-02   wall_vz=9.837e-04   wall_T=2.820e-02   wall_dp_dn=6.365e-03  | total=5.433e+00
      w: inlet_vx=1.002e+00  inlet_vy=1.003e+00  inlet_vz=1.003e+00  inlet_T=9.970e-01  outlet_p=9.970e-01
      w: wall_vx=1.003e+00   wall_vy=9.970e-01   wall_vz=9.970e-01   wall_T=9.970e-01   wall_dp_dn=9.970e-01
SUP   vx=0.000e+00  vy=0.000e+00  vz=0.000e+00  p=0.000e+00  T=0.000e+00  | total=0.000e+00
      w: vx=9.970e-01  vy=9.970e-01  vz=9.970e-01  p=9.970e-01  T=9.970e-01
MSE   vx=3.548e+02  vy=1.027e-02  vz=5.158e-03  p=1.660e-06  T=2.692e-02  | total=3.549e+02




[   31/10000]
PDE   div=9.857e-02  mom_x=6.101e-02  mom_y=3.271e-03  mom_z=3.855e-02  heat=5.009e-08  | total=2.014e-01
      w: div=9.969e-01  mom_x=9.969e-01  mom_y=9.969e-01  mom_z=9.976e-01  heat=9.969e-01
BC    inlet_vx=7.852e-01  inlet_vy=9.793e-01  inlet_vz=1.048e+00  inlet_T=7.514e-02  outlet_p=5.641e-02
      wall_vx=2.376e+00   wall_vy=1.722e-02   wall_vz=9.851e-04   wall_T=2.879e-02   wall_dp_dn=8.647e-03  | total=5.375e+00
      w: inlet_vx=1.002e+00  inlet_vy=1.003e+00  inlet_vz=1.003e+00  inlet_T=9.969e-01  outlet_p=9.969e-01
      w: wall_vx=1.003e+00   wall_vy=9.969e-01   wall_vz=9.969e-01   wall_T=9.969e-01   wall_dp_dn=9.969e-01
SUP   vx=0.000e+00  vy=0.000e+00  vz=0.000e+00  p=0.000e+00  T=0.000e+00  | total=0.000e+00
      w: vx=9.969e-01  vy=9.969e-01  vz=9.969e-01  p=9.969e-01  T=9.969e-01
MSE   vx=3.570e+02  vy=1.026e-02  vz=5.144e-03  p=1.662e-06  T=2.667e-02  | total=3.570e+02




[   32/10000]
PDE   div=1.057e-01  mom_x=6.285e-02  mom_y=3.624e-03  mom_z=5.442e-02  heat=4.994e-08  | total=2.266e-01
      w: div=9.968e-01  mom_x=9.968e-01  mom_y=9.968e-01  mom_z=9.975e-01  heat=9.968e-01
BC    inlet_vx=7.784e-01  inlet_vy=9.762e-01  inlet_vz=1.047e+00  inlet_T=7.595e-02  outlet_p=5.513e-02
      wall_vx=2.321e+00   wall_vy=1.669e-02   wall_vz=9.182e-04   wall_T=2.744e-02   wall_dp_dn=1.130e-02  | total=5.311e+00
      w: inlet_vx=1.002e+00  inlet_vy=1.003e+00  inlet_vz=1.003e+00  inlet_T=9.968e-01  outlet_p=9.968e-01
      w: wall_vx=1.003e+00   wall_vy=9.968e-01   wall_vz=9.968e-01   wall_T=9.968e-01   wall_dp_dn=9.968e-01
SUP   vx=0.000e+00  vy=0.000e+00  vz=0.000e+00  p=0.000e+00  T=0.000e+00  | total=0.000e+00
      w: vx=9.968e-01  vy=9.968e-01  vz=9.968e-01  p=9.968e-01  T=9.968e-01
MSE   vx=3.593e+02  vy=1.025e-02  vz=5.130e-03  p=1.665e-06  T=2.637e-02  | total=3.594e+02




[   33/10000]
PDE   div=1.142e-01  mom_x=6.606e-02  mom_y=3.926e-03  mom_z=7.428e-02  heat=5.079e-08  | total=2.584e-01
      w: div=9.967e-01  mom_x=9.967e-01  mom_y=9.967e-01  mom_z=9.974e-01  heat=9.967e-01
BC    inlet_vx=7.721e-01  inlet_vy=9.734e-01  inlet_vz=1.047e+00  inlet_T=7.632e-02  outlet_p=5.607e-02
      wall_vx=2.393e+00   wall_vy=1.599e-02   wall_vz=8.840e-04   wall_T=2.852e-02   wall_dp_dn=1.329e-02  | total=5.376e+00
      w: inlet_vx=1.002e+00  inlet_vy=1.003e+00  inlet_vz=1.003e+00  inlet_T=9.967e-01  outlet_p=9.967e-01
      w: wall_vx=1.003e+00   wall_vy=9.967e-01   wall_vz=9.967e-01   wall_T=9.967e-01   wall_dp_dn=9.967e-01
SUP   vx=0.000e+00  vy=0.000e+00  vz=0.000e+00  p=0.000e+00  T=0.000e+00  | total=0.000e+00
      w: vx=9.967e-01  vy=9.967e-01  vz=9.967e-01  p=9.967e-01  T=9.967e-01
MSE   vx=3.618e+02  vy=1.024e-02  vz=5.117e-03  p=1.670e-06  T=2.601e-02  | total=3.619e+02




[   34/10000]
PDE   div=1.204e-01  mom_x=6.906e-02  mom_y=4.151e-03  mom_z=9.389e-02  heat=5.030e-08  | total=2.875e-01
      w: div=9.966e-01  mom_x=9.966e-01  mom_y=9.966e-01  mom_z=9.973e-01  heat=9.966e-01
BC    inlet_vx=7.666e-01  inlet_vy=9.710e-01  inlet_vz=1.046e+00  inlet_T=7.625e-02  outlet_p=5.703e-02
      wall_vx=2.314e+00   wall_vy=1.668e-02   wall_vz=8.956e-04   wall_T=2.696e-02   wall_dp_dn=1.580e-02  | total=5.291e+00
      w: inlet_vx=1.002e+00  inlet_vy=1.003e+00  inlet_vz=1.003e+00  inlet_T=9.966e-01  outlet_p=9.966e-01
      w: wall_vx=1.003e+00   wall_vy=9.966e-01   wall_vz=9.966e-01   wall_T=9.966e-01   wall_dp_dn=9.966e-01
SUP   vx=0.000e+00  vy=0.000e+00  vz=0.000e+00  p=0.000e+00  T=0.000e+00  | total=0.000e+00
      w: vx=9.966e-01  vy=9.966e-01  vz=9.966e-01  p=9.966e-01  T=9.966e-01
MSE   vx=3.645e+02  vy=1.023e-02  vz=5.103e-03  p=1.675e-06  T=2.558e-02  | total=3.646e+02




[   35/10000]
PDE   div=1.279e-01  mom_x=7.042e-02  mom_y=4.766e-03  mom_z=1.125e-01  heat=4.867e-08  | total=3.156e-01
      w: div=9.965e-01  mom_x=9.965e-01  mom_y=9.965e-01  mom_z=9.972e-01  heat=9.965e-01
BC    inlet_vx=7.616e-01  inlet_vy=9.688e-01  inlet_vz=1.045e+00  inlet_T=7.574e-02  outlet_p=5.571e-02
      wall_vx=2.271e+00   wall_vy=1.594e-02   wall_vz=8.481e-04   wall_T=2.624e-02   wall_dp_dn=1.845e-02  | total=5.239e+00
      w: inlet_vx=1.002e+00  inlet_vy=1.003e+00  inlet_vz=1.003e+00  inlet_T=9.965e-01  outlet_p=9.965e-01
      w: wall_vx=1.003e+00   wall_vy=9.965e-01   wall_vz=9.965e-01   wall_T=9.965e-01   wall_dp_dn=9.965e-01
SUP   vx=0.000e+00  vy=0.000e+00  vz=0.000e+00  p=0.000e+00  T=0.000e+00  | total=0.000e+00
      w: vx=9.965e-01  vy=9.965e-01  vz=9.965e-01  p=9.965e-01  T=9.965e-01
MSE   vx=3.674e+02  vy=1.022e-02  vz=5.089e-03  p=1.680e-06  T=2.506e-02  | total=3.674e+02




[   36/10000]
PDE   div=1.363e-01  mom_x=7.251e-02  mom_y=5.148e-03  mom_z=1.326e-01  heat=4.687e-08  | total=3.465e-01
      w: div=9.964e-01  mom_x=9.964e-01  mom_y=9.964e-01  mom_z=9.971e-01  heat=9.964e-01
BC    inlet_vx=7.572e-01  inlet_vy=9.668e-01  inlet_vz=1.045e+00  inlet_T=7.480e-02  outlet_p=5.645e-02
      wall_vx=2.280e+00   wall_vy=1.546e-02   wall_vz=8.010e-04   wall_T=2.724e-02   wall_dp_dn=2.032e-02  | total=5.244e+00
      w: inlet_vx=1.002e+00  inlet_vy=1.003e+00  inlet_vz=1.004e+00  inlet_T=9.964e-01  outlet_p=9.964e-01
      w: wall_vx=1.004e+00   wall_vy=9.964e-01   wall_vz=9.964e-01   wall_T=9.964e-01   wall_dp_dn=9.964e-01
SUP   vx=0.000e+00  vy=0.000e+00  vz=0.000e+00  p=0.000e+00  T=0.000e+00  | total=0.000e+00
      w: vx=9.964e-01  vy=9.964e-01  vz=9.964e-01  p=9.964e-01  T=9.964e-01
MSE   vx=3.704e+02  vy=1.021e-02  vz=5.076e-03  p=1.687e-06  T=2.448e-02  | total=3.704e+02




[   37/10000]
PDE   div=1.409e-01  mom_x=7.236e-02  mom_y=5.749e-03  mom_z=1.461e-01  heat=4.348e-08  | total=3.651e-01
      w: div=9.963e-01  mom_x=9.963e-01  mom_y=9.963e-01  mom_z=9.970e-01  heat=9.963e-01
BC    inlet_vx=7.534e-01  inlet_vy=9.650e-01  inlet_vz=1.044e+00  inlet_T=7.345e-02  outlet_p=5.627e-02
      wall_vx=2.247e+00   wall_vy=1.576e-02   wall_vz=7.822e-04   wall_T=2.575e-02   wall_dp_dn=2.147e-02  | total=5.203e+00
      w: inlet_vx=1.002e+00  inlet_vy=1.003e+00  inlet_vz=1.004e+00  inlet_T=9.963e-01  outlet_p=9.963e-01
      w: wall_vx=1.004e+00   wall_vy=9.963e-01   wall_vz=9.963e-01   wall_T=9.963e-01   wall_dp_dn=9.963e-01
SUP   vx=0.000e+00  vy=0.000e+00  vz=0.000e+00  p=0.000e+00  T=0.000e+00  | total=0.000e+00
      w: vx=9.963e-01  vy=9.963e-01  vz=9.963e-01  p=9.963e-01  T=9.963e-01
MSE   vx=3.735e+02  vy=1.020e-02  vz=5.063e-03  p=1.694e-06  T=2.382e-02  | total=3.736e+02




[   38/10000]
PDE   div=1.501e-01  mom_x=7.531e-02  mom_y=6.087e-03  mom_z=1.637e-01  heat=4.320e-08  | total=3.953e-01
      w: div=9.962e-01  mom_x=9.962e-01  mom_y=9.962e-01  mom_z=9.969e-01  heat=9.962e-01
BC    inlet_vx=7.501e-01  inlet_vy=9.634e-01  inlet_vz=1.043e+00  inlet_T=7.174e-02  outlet_p=5.571e-02
      wall_vx=2.234e+00   wall_vy=1.626e-02   wall_vz=7.501e-04   wall_T=2.540e-02   wall_dp_dn=2.309e-02  | total=5.183e+00
      w: inlet_vx=1.002e+00  inlet_vy=1.003e+00  inlet_vz=1.004e+00  inlet_T=9.962e-01  outlet_p=9.962e-01
      w: wall_vx=1.004e+00   wall_vy=9.962e-01   wall_vz=9.962e-01   wall_T=9.962e-01   wall_dp_dn=9.962e-01
SUP   vx=0.000e+00  vy=0.000e+00  vz=0.000e+00  p=0.000e+00  T=0.000e+00  | total=0.000e+00
      w: vx=9.962e-01  vy=9.962e-01  vz=9.962e-01  p=9.962e-01  T=9.962e-01
MSE   vx=3.768e+02  vy=1.020e-02  vz=5.049e-03  p=1.702e-06  T=2.309e-02  | total=3.768e+02




[   39/10000]
PDE   div=1.586e-01  mom_x=7.859e-02  mom_y=6.636e-03  mom_z=1.698e-01  heat=4.128e-08  | total=4.137e-01
      w: div=9.961e-01  mom_x=9.961e-01  mom_y=9.961e-01  mom_z=9.968e-01  heat=9.961e-01
BC    inlet_vx=7.474e-01  inlet_vy=9.619e-01  inlet_vz=1.042e+00  inlet_T=6.969e-02  outlet_p=5.675e-02
      wall_vx=2.161e+00   wall_vy=1.679e-02   wall_vz=7.232e-04   wall_T=2.386e-02   wall_dp_dn=2.460e-02  | total=5.105e+00
      w: inlet_vx=1.002e+00  inlet_vy=1.003e+00  inlet_vz=1.004e+00  inlet_T=9.961e-01  outlet_p=9.961e-01
      w: wall_vx=1.004e+00   wall_vy=9.961e-01   wall_vz=9.961e-01   wall_T=9.961e-01   wall_dp_dn=9.961e-01
SUP   vx=0.000e+00  vy=0.000e+00  vz=0.000e+00  p=0.000e+00  T=0.000e+00  | total=0.000e+00
      w: vx=9.961e-01  vy=9.961e-01  vz=9.961e-01  p=9.961e-01  T=9.961e-01
MSE   vx=3.802e+02  vy=1.019e-02  vz=5.036e-03  p=1.710e-06  T=2.229e-02  | total=3.803e+02




[   40/10000]
PDE   div=1.657e-01  mom_x=8.078e-02  mom_y=6.902e-03  mom_z=1.791e-01  heat=3.947e-08  | total=4.324e-01
      w: div=9.960e-01  mom_x=9.960e-01  mom_y=9.960e-01  mom_z=9.967e-01  heat=9.960e-01
BC    inlet_vx=7.452e-01  inlet_vy=9.605e-01  inlet_vz=1.041e+00  inlet_T=6.733e-02  outlet_p=5.695e-02
      wall_vx=2.133e+00   wall_vy=1.690e-02   wall_vz=6.912e-04   wall_T=2.314e-02   wall_dp_dn=2.486e-02  | total=5.070e+00
      w: inlet_vx=1.002e+00  inlet_vy=1.003e+00  inlet_vz=1.004e+00  inlet_T=9.960e-01  outlet_p=9.960e-01
      w: wall_vx=1.004e+00   wall_vy=9.960e-01   wall_vz=9.960e-01   wall_T=9.960e-01   wall_dp_dn=9.960e-01
SUP   vx=0.000e+00  vy=0.000e+00  vz=0.000e+00  p=0.000e+00  T=0.000e+00  | total=0.000e+00
      w: vx=9.960e-01  vy=9.960e-01  vz=9.960e-01  p=9.960e-01  T=9.960e-01
MSE   vx=3.838e+02  vy=1.018e-02  vz=5.023e-03  p=1.720e-06  T=2.144e-02  | total=3.838e+02




[   41/10000]
PDE   div=1.735e-01  mom_x=8.058e-02  mom_y=7.176e-03  mom_z=1.864e-01  heat=3.670e-08  | total=4.476e-01
      w: div=9.959e-01  mom_x=9.959e-01  mom_y=9.959e-01  mom_z=9.966e-01  heat=9.959e-01
BC    inlet_vx=7.434e-01  inlet_vy=9.593e-01  inlet_vz=1.041e+00  inlet_T=6.471e-02  outlet_p=5.652e-02
      wall_vx=2.111e+00   wall_vy=1.706e-02   wall_vz=6.376e-04   wall_T=2.200e-02   wall_dp_dn=2.525e-02  | total=5.040e+00
      w: inlet_vx=1.002e+00  inlet_vy=1.003e+00  inlet_vz=1.004e+00  inlet_T=9.959e-01  outlet_p=9.959e-01
      w: wall_vx=1.004e+00   wall_vy=9.959e-01   wall_vz=9.959e-01   wall_T=9.959e-01   wall_dp_dn=9.959e-01
SUP   vx=0.000e+00  vy=0.000e+00  vz=0.000e+00  p=0.000e+00  T=0.000e+00  | total=0.000e+00
      w: vx=9.959e-01  vy=9.959e-01  vz=9.959e-01  p=9.959e-01  T=9.959e-01
MSE   vx=3.875e+02  vy=1.016e-02  vz=5.010e-03  p=1.729e-06  T=2.054e-02  | total=3.875e+02




[   42/10000]
PDE   div=1.798e-01  mom_x=8.282e-02  mom_y=7.713e-03  mom_z=1.822e-01  heat=3.365e-08  | total=4.525e-01
      w: div=9.958e-01  mom_x=9.958e-01  mom_y=9.958e-01  mom_z=9.966e-01  heat=9.958e-01
BC    inlet_vx=7.420e-01  inlet_vy=9.580e-01  inlet_vz=1.040e+00  inlet_T=6.187e-02  outlet_p=5.783e-02
      wall_vx=2.108e+00   wall_vy=1.737e-02   wall_vz=6.227e-04   wall_T=2.169e-02   wall_dp_dn=2.457e-02  | total=5.031e+00
      w: inlet_vx=1.001e+00  inlet_vy=1.003e+00  inlet_vz=1.004e+00  inlet_T=9.958e-01  outlet_p=9.958e-01
      w: wall_vx=1.004e+00   wall_vy=9.958e-01   wall_vz=9.958e-01   wall_T=9.958e-01   wall_dp_dn=9.958e-01
SUP   vx=0.000e+00  vy=0.000e+00  vz=0.000e+00  p=0.000e+00  T=0.000e+00  | total=0.000e+00
      w: vx=9.958e-01  vy=9.958e-01  vz=9.958e-01  p=9.958e-01  T=9.958e-01
MSE   vx=3.913e+02  vy=1.015e-02  vz=4.997e-03  p=1.739e-06  T=1.960e-02  | total=3.913e+02




[   43/10000]
PDE   div=1.868e-01  mom_x=8.248e-02  mom_y=8.242e-03  mom_z=1.769e-01  heat=3.017e-08  | total=4.543e-01
      w: div=9.957e-01  mom_x=9.957e-01  mom_y=9.957e-01  mom_z=9.965e-01  heat=9.957e-01
BC    inlet_vx=7.410e-01  inlet_vy=9.568e-01  inlet_vz=1.039e+00  inlet_T=5.885e-02  outlet_p=5.651e-02
      wall_vx=2.110e+00   wall_vy=1.777e-02   wall_vz=5.877e-04   wall_T=2.111e-02   wall_dp_dn=2.451e-02  | total=5.026e+00
      w: inlet_vx=1.001e+00  inlet_vy=1.003e+00  inlet_vz=1.004e+00  inlet_T=9.957e-01  outlet_p=9.957e-01
      w: wall_vx=1.004e+00   wall_vy=9.957e-01   wall_vz=9.957e-01   wall_T=9.957e-01   wall_dp_dn=9.957e-01
SUP   vx=0.000e+00  vy=0.000e+00  vz=0.000e+00  p=0.000e+00  T=0.000e+00  | total=0.000e+00
      w: vx=9.957e-01  vy=9.957e-01  vz=9.957e-01  p=9.957e-01  T=9.957e-01
MSE   vx=3.952e+02  vy=1.013e-02  vz=4.984e-03  p=1.750e-06  T=1.863e-02  | total=3.952e+02




[   44/10000]
PDE   div=1.975e-01  mom_x=8.531e-02  mom_y=8.249e-03  mom_z=1.727e-01  heat=2.953e-08  | total=4.638e-01
      w: div=9.956e-01  mom_x=9.956e-01  mom_y=9.956e-01  mom_z=9.964e-01  heat=9.956e-01
BC    inlet_vx=7.405e-01  inlet_vy=9.557e-01  inlet_vz=1.038e+00  inlet_T=5.569e-02  outlet_p=5.785e-02
      wall_vx=2.072e+00   wall_vy=1.745e-02   wall_vz=5.582e-04   wall_T=1.948e-02   wall_dp_dn=2.403e-02  | total=4.981e+00
      w: inlet_vx=1.001e+00  inlet_vy=1.003e+00  inlet_vz=1.004e+00  inlet_T=9.956e-01  outlet_p=9.956e-01
      w: wall_vx=1.004e+00   wall_vy=9.956e-01   wall_vz=9.956e-01   wall_T=9.956e-01   wall_dp_dn=9.956e-01
SUP   vx=0.000e+00  vy=0.000e+00  vz=0.000e+00  p=0.000e+00  T=0.000e+00  | total=0.000e+00
      w: vx=9.956e-01  vy=9.956e-01  vz=9.956e-01  p=9.956e-01  T=9.956e-01
MSE   vx=3.992e+02  vy=1.012e-02  vz=4.971e-03  p=1.761e-06  T=1.764e-02  | total=3.992e+02




[   45/10000]
PDE   div=2.041e-01  mom_x=8.704e-02  mom_y=8.472e-03  mom_z=1.625e-01  heat=2.660e-08  | total=4.621e-01
      w: div=9.955e-01  mom_x=9.955e-01  mom_y=9.955e-01  mom_z=9.963e-01  heat=9.955e-01
BC    inlet_vx=7.405e-01  inlet_vy=9.545e-01  inlet_vz=1.037e+00  inlet_T=5.242e-02  outlet_p=5.852e-02
      wall_vx=2.057e+00   wall_vy=1.959e-02   wall_vz=5.585e-04   wall_T=1.882e-02   wall_dp_dn=2.200e-02  | total=4.961e+00
      w: inlet_vx=1.001e+00  inlet_vy=1.003e+00  inlet_vz=1.004e+00  inlet_T=9.955e-01  outlet_p=9.955e-01
      w: wall_vx=1.004e+00   wall_vy=9.955e-01   wall_vz=9.955e-01   wall_T=9.955e-01   wall_dp_dn=9.955e-01
SUP   vx=0.000e+00  vy=0.000e+00  vz=0.000e+00  p=0.000e+00  T=0.000e+00  | total=0.000e+00
      w: vx=9.955e-01  vy=9.955e-01  vz=9.955e-01  p=9.955e-01  T=9.955e-01
MSE   vx=4.033e+02  vy=1.010e-02  vz=4.959e-03  p=1.772e-06  T=1.664e-02  | total=4.033e+02




[   46/10000]
PDE   div=2.099e-01  mom_x=8.757e-02  mom_y=8.976e-03  mom_z=1.475e-01  heat=2.401e-08  | total=4.539e-01
      w: div=9.954e-01  mom_x=9.954e-01  mom_y=9.954e-01  mom_z=9.962e-01  heat=9.954e-01
BC    inlet_vx=7.410e-01  inlet_vy=9.534e-01  inlet_vz=1.036e+00  inlet_T=4.909e-02  outlet_p=5.886e-02
      wall_vx=2.055e+00   wall_vy=1.927e-02   wall_vz=5.202e-04   wall_T=1.872e-02   wall_dp_dn=2.057e-02  | total=4.952e+00
      w: inlet_vx=1.001e+00  inlet_vy=1.003e+00  inlet_vz=1.004e+00  inlet_T=9.954e-01  outlet_p=9.954e-01
      w: wall_vx=1.005e+00   wall_vy=9.954e-01   wall_vz=9.954e-01   wall_T=9.954e-01   wall_dp_dn=9.954e-01
SUP   vx=0.000e+00  vy=0.000e+00  vz=0.000e+00  p=0.000e+00  T=0.000e+00  | total=0.000e+00
      w: vx=9.954e-01  vy=9.954e-01  vz=9.954e-01  p=9.954e-01  T=9.954e-01
MSE   vx=4.074e+02  vy=1.008e-02  vz=4.946e-03  p=1.784e-06  T=1.564e-02  | total=4.075e+02




[   47/10000]
PDE   div=2.174e-01  mom_x=8.648e-02  mom_y=9.205e-03  mom_z=1.357e-01  heat=2.066e-08  | total=4.488e-01
      w: div=9.953e-01  mom_x=9.953e-01  mom_y=9.953e-01  mom_z=9.961e-01  heat=9.953e-01
BC    inlet_vx=7.419e-01  inlet_vy=9.523e-01  inlet_vz=1.035e+00  inlet_T=4.573e-02  outlet_p=5.844e-02
      wall_vx=2.037e+00   wall_vy=1.965e-02   wall_vz=5.006e-04   wall_T=1.742e-02   wall_dp_dn=1.918e-02  | total=4.928e+00
      w: inlet_vx=1.001e+00  inlet_vy=1.004e+00  inlet_vz=1.005e+00  inlet_T=9.953e-01  outlet_p=9.953e-01
      w: wall_vx=1.005e+00   wall_vy=9.953e-01   wall_vz=9.953e-01   wall_T=9.953e-01   wall_dp_dn=9.953e-01
SUP   vx=0.000e+00  vy=0.000e+00  vz=0.000e+00  p=0.000e+00  T=0.000e+00  | total=0.000e+00
      w: vx=9.953e-01  vy=9.953e-01  vz=9.953e-01  p=9.953e-01  T=9.953e-01
MSE   vx=4.117e+02  vy=1.006e-02  vz=4.934e-03  p=1.796e-06  T=1.466e-02  | total=4.117e+02




[   48/10000]
PDE   div=2.268e-01  mom_x=9.002e-02  mom_y=9.178e-03  mom_z=1.204e-01  heat=1.925e-08  | total=4.464e-01
      w: div=9.952e-01  mom_x=9.952e-01  mom_y=9.952e-01  mom_z=9.960e-01  heat=9.952e-01
BC    inlet_vx=7.433e-01  inlet_vy=9.511e-01  inlet_vz=1.034e+00  inlet_T=4.236e-02  outlet_p=5.840e-02
      wall_vx=1.953e+00   wall_vy=1.975e-02   wall_vz=4.813e-04   wall_T=1.493e-02   wall_dp_dn=1.734e-02  | total=4.835e+00
      w: inlet_vx=1.001e+00  inlet_vy=1.004e+00  inlet_vz=1.005e+00  inlet_T=9.952e-01  outlet_p=9.952e-01
      w: wall_vx=1.005e+00   wall_vy=9.952e-01   wall_vz=9.952e-01   wall_T=9.952e-01   wall_dp_dn=9.952e-01
SUP   vx=0.000e+00  vy=0.000e+00  vz=0.000e+00  p=0.000e+00  T=0.000e+00  | total=0.000e+00
      w: vx=9.952e-01  vy=9.952e-01  vz=9.952e-01  p=9.952e-01  T=9.952e-01
MSE   vx=4.160e+02  vy=1.004e-02  vz=4.923e-03  p=1.809e-06  T=1.368e-02  | total=4.160e+02




[   49/10000]
PDE   div=2.302e-01  mom_x=8.995e-02  mom_y=9.251e-03  mom_z=1.054e-01  heat=1.708e-08  | total=4.349e-01
      w: div=9.951e-01  mom_x=9.951e-01  mom_y=9.951e-01  mom_z=9.959e-01  heat=9.951e-01
BC    inlet_vx=7.451e-01  inlet_vy=9.499e-01  inlet_vz=1.033e+00  inlet_T=3.903e-02  outlet_p=5.958e-02
      wall_vx=1.917e+00   wall_vy=2.202e-02   wall_vz=4.691e-04   wall_T=1.463e-02   wall_dp_dn=1.544e-02  | total=4.797e+00
      w: inlet_vx=1.001e+00  inlet_vy=1.004e+00  inlet_vz=1.005e+00  inlet_T=9.951e-01  outlet_p=9.951e-01
      w: wall_vx=1.005e+00   wall_vy=9.951e-01   wall_vz=9.951e-01   wall_T=9.951e-01   wall_dp_dn=9.951e-01
SUP   vx=0.000e+00  vy=0.000e+00  vz=0.000e+00  p=0.000e+00  T=0.000e+00  | total=0.000e+00
      w: vx=9.951e-01  vy=9.951e-01  vz=9.951e-01  p=9.951e-01  T=9.951e-01
MSE   vx=4.204e+02  vy=1.002e-02  vz=4.911e-03  p=1.822e-06  T=1.273e-02  | total=4.205e+02




[   50/10000]
PDE   div=2.394e-01  mom_x=9.183e-02  mom_y=9.081e-03  mom_z=9.146e-02  heat=1.494e-08  | total=4.318e-01
      w: div=9.950e-01  mom_x=9.950e-01  mom_y=9.950e-01  mom_z=9.958e-01  heat=9.950e-01
BC    inlet_vx=7.473e-01  inlet_vy=9.487e-01  inlet_vz=1.032e+00  inlet_T=3.575e-02  outlet_p=6.056e-02
      wall_vx=1.913e+00   wall_vy=2.273e-02   wall_vz=4.439e-04   wall_T=1.404e-02   wall_dp_dn=1.349e-02  | total=4.789e+00
      w: inlet_vx=1.001e+00  inlet_vy=1.004e+00  inlet_vz=1.005e+00  inlet_T=9.950e-01  outlet_p=9.950e-01
      w: wall_vx=1.005e+00   wall_vy=9.950e-01   wall_vz=9.950e-01   wall_T=9.950e-01   wall_dp_dn=9.950e-01
SUP   vx=0.000e+00  vy=0.000e+00  vz=0.000e+00  p=0.000e+00  T=0.000e+00  | total=0.000e+00
      w: vx=9.950e-01  vy=9.950e-01  vz=9.950e-01  p=9.950e-01  T=9.950e-01
MSE   vx=4.249e+02  vy=9.994e-03  vz=4.900e-03  p=1.835e-06  T=1.182e-02  | total=4.249e+02




[   51/10000]
PDE   div=2.453e-01  mom_x=9.209e-02  mom_y=9.556e-03  mom_z=7.600e-02  heat=1.319e-08  | total=4.230e-01
      w: div=9.949e-01  mom_x=9.949e-01  mom_y=9.949e-01  mom_z=9.957e-01  heat=9.949e-01
BC    inlet_vx=7.500e-01  inlet_vy=9.474e-01  inlet_vz=1.031e+00  inlet_T=3.256e-02  outlet_p=5.974e-02
      wall_vx=1.868e+00   wall_vy=2.406e-02   wall_vz=4.180e-04   wall_T=1.254e-02   wall_dp_dn=1.123e-02  | total=4.737e+00
      w: inlet_vx=1.001e+00  inlet_vy=1.004e+00  inlet_vz=1.005e+00  inlet_T=9.949e-01  outlet_p=9.949e-01
      w: wall_vx=1.005e+00   wall_vy=9.949e-01   wall_vz=9.949e-01   wall_T=9.949e-01   wall_dp_dn=9.949e-01
SUP   vx=0.000e+00  vy=0.000e+00  vz=0.000e+00  p=0.000e+00  T=0.000e+00  | total=0.000e+00
      w: vx=9.949e-01  vy=9.949e-01  vz=9.949e-01  p=9.949e-01  T=9.949e-01
MSE   vx=4.295e+02  vy=9.968e-03  vz=4.889e-03  p=1.848e-06  T=1.094e-02  | total=4.295e+02




[   52/10000]
PDE   div=2.524e-01  mom_x=9.319e-02  mom_y=9.126e-03  mom_z=6.217e-02  heat=1.109e-08  | total=4.169e-01
      w: div=9.948e-01  mom_x=9.948e-01  mom_y=9.948e-01  mom_z=9.956e-01  heat=9.948e-01
BC    inlet_vx=7.530e-01  inlet_vy=9.461e-01  inlet_vz=1.030e+00  inlet_T=2.947e-02  outlet_p=6.041e-02
      wall_vx=1.883e+00   wall_vy=2.427e-02   wall_vz=4.108e-04   wall_T=1.249e-02   wall_dp_dn=9.727e-03  | total=4.749e+00
      w: inlet_vx=1.001e+00  inlet_vy=1.004e+00  inlet_vz=1.005e+00  inlet_T=9.948e-01  outlet_p=9.948e-01
      w: wall_vx=1.005e+00   wall_vy=9.948e-01   wall_vz=9.948e-01   wall_T=9.948e-01   wall_dp_dn=9.948e-01
SUP   vx=0.000e+00  vy=0.000e+00  vz=0.000e+00  p=0.000e+00  T=0.000e+00  | total=0.000e+00
      w: vx=9.948e-01  vy=9.948e-01  vz=9.948e-01  p=9.948e-01  T=9.948e-01
MSE   vx=4.341e+02  vy=9.942e-03  vz=4.878e-03  p=1.862e-06  T=1.010e-02  | total=4.341e+02




[   53/10000]
PDE   div=2.591e-01  mom_x=9.280e-02  mom_y=9.330e-03  mom_z=4.779e-02  heat=9.442e-09  | total=4.090e-01
      w: div=9.947e-01  mom_x=9.947e-01  mom_y=9.947e-01  mom_z=9.955e-01  heat=9.947e-01
BC    inlet_vx=7.565e-01  inlet_vy=9.447e-01  inlet_vz=1.029e+00  inlet_T=2.651e-02  outlet_p=6.275e-02
      wall_vx=1.815e+00   wall_vy=2.430e-02   wall_vz=3.855e-04   wall_T=1.040e-02   wall_dp_dn=8.342e-03  | total=4.678e+00
      w: inlet_vx=1.001e+00  inlet_vy=1.004e+00  inlet_vz=1.005e+00  inlet_T=9.947e-01  outlet_p=9.947e-01
      w: wall_vx=1.005e+00   wall_vy=9.947e-01   wall_vz=9.947e-01   wall_T=9.947e-01   wall_dp_dn=9.947e-01
SUP   vx=0.000e+00  vy=0.000e+00  vz=0.000e+00  p=0.000e+00  T=0.000e+00  | total=0.000e+00
      w: vx=9.947e-01  vy=9.947e-01  vz=9.947e-01  p=9.947e-01  T=9.947e-01
MSE   vx=4.388e+02  vy=9.913e-03  vz=4.868e-03  p=1.876e-06  T=9.321e-03  | total=4.388e+02




[   54/10000]
PDE   div=2.632e-01  mom_x=9.094e-02  mom_y=9.225e-03  mom_z=3.895e-02  heat=7.483e-09  | total=4.023e-01
      w: div=9.946e-01  mom_x=9.946e-01  mom_y=9.946e-01  mom_z=9.954e-01  heat=9.946e-01
BC    inlet_vx=7.604e-01  inlet_vy=9.433e-01  inlet_vz=1.028e+00  inlet_T=2.370e-02  outlet_p=6.171e-02
      wall_vx=1.812e+00   wall_vy=2.581e-02   wall_vz=3.636e-04   wall_T=1.007e-02   wall_dp_dn=6.936e-03  | total=4.673e+00
      w: inlet_vx=1.001e+00  inlet_vy=1.004e+00  inlet_vz=1.005e+00  inlet_T=9.946e-01  outlet_p=9.946e-01
      w: wall_vx=1.005e+00   wall_vy=9.946e-01   wall_vz=9.946e-01   wall_T=9.946e-01   wall_dp_dn=9.946e-01
SUP   vx=0.000e+00  vy=0.000e+00  vz=0.000e+00  p=0.000e+00  T=0.000e+00  | total=0.000e+00
      w: vx=9.946e-01  vy=9.946e-01  vz=9.946e-01  p=9.946e-01  T=9.946e-01
MSE   vx=4.436e+02  vy=9.884e-03  vz=4.858e-03  p=1.890e-06  T=8.597e-03  | total=4.436e+02




[   55/10000]
PDE   div=2.721e-01  mom_x=9.413e-02  mom_y=9.340e-03  mom_z=2.802e-02  heat=6.464e-09  | total=4.036e-01
      w: div=9.945e-01  mom_x=9.945e-01  mom_y=9.945e-01  mom_z=9.953e-01  heat=9.945e-01
BC    inlet_vx=7.647e-01  inlet_vy=9.419e-01  inlet_vz=1.027e+00  inlet_T=2.106e-02  outlet_p=6.298e-02
      wall_vx=1.793e+00   wall_vy=2.632e-02   wall_vz=3.599e-04   wall_T=8.968e-03   wall_dp_dn=5.779e-03  | total=4.653e+00
      w: inlet_vx=1.001e+00  inlet_vy=1.004e+00  inlet_vz=1.005e+00  inlet_T=9.945e-01  outlet_p=9.945e-01
      w: wall_vx=1.005e+00   wall_vy=9.945e-01   wall_vz=9.945e-01   wall_T=9.945e-01   wall_dp_dn=9.945e-01
SUP   vx=0.000e+00  vy=0.000e+00  vz=0.000e+00  p=0.000e+00  T=0.000e+00  | total=0.000e+00
      w: vx=9.945e-01  vy=9.945e-01  vz=9.945e-01  p=9.945e-01  T=9.945e-01
MSE   vx=4.484e+02  vy=9.854e-03  vz=4.848e-03  p=1.904e-06  T=7.934e-03  | total=4.484e+02




[   56/10000]
PDE   div=2.760e-01  mom_x=9.112e-02  mom_y=9.292e-03  mom_z=2.233e-02  heat=5.181e-09  | total=3.987e-01
      w: div=9.944e-01  mom_x=9.944e-01  mom_y=9.944e-01  mom_z=9.952e-01  heat=9.944e-01
BC    inlet_vx=7.695e-01  inlet_vy=9.403e-01  inlet_vz=1.026e+00  inlet_T=1.860e-02  outlet_p=6.325e-02
      wall_vx=1.734e+00   wall_vy=2.631e-02   wall_vz=3.503e-04   wall_T=8.468e-03   wall_dp_dn=4.201e-03  | total=4.591e+00
      w: inlet_vx=1.001e+00  inlet_vy=1.004e+00  inlet_vz=1.005e+00  inlet_T=9.944e-01  outlet_p=9.944e-01
      w: wall_vx=1.005e+00   wall_vy=9.944e-01   wall_vz=9.944e-01   wall_T=9.944e-01   wall_dp_dn=9.944e-01
SUP   vx=0.000e+00  vy=0.000e+00  vz=0.000e+00  p=0.000e+00  T=0.000e+00  | total=0.000e+00
      w: vx=9.944e-01  vy=9.944e-01  vz=9.944e-01  p=9.944e-01  T=9.944e-01
MSE   vx=4.533e+02  vy=9.822e-03  vz=4.839e-03  p=1.918e-06  T=7.338e-03  | total=4.533e+02




[   57/10000]
PDE   div=2.766e-01  mom_x=8.975e-02  mom_y=9.371e-03  mom_z=1.678e-02  heat=3.980e-09  | total=3.925e-01
      w: div=9.943e-01  mom_x=9.943e-01  mom_y=9.943e-01  mom_z=9.951e-01  heat=9.943e-01
BC    inlet_vx=7.746e-01  inlet_vy=9.388e-01  inlet_vz=1.025e+00  inlet_T=1.633e-02  outlet_p=6.390e-02
      wall_vx=1.778e+00   wall_vy=2.639e-02   wall_vz=3.239e-04   wall_T=8.752e-03   wall_dp_dn=3.249e-03  | total=4.635e+00
      w: inlet_vx=1.001e+00  inlet_vy=1.004e+00  inlet_vz=1.006e+00  inlet_T=9.943e-01  outlet_p=9.943e-01
      w: wall_vx=1.006e+00   wall_vy=9.943e-01   wall_vz=9.943e-01   wall_T=9.943e-01   wall_dp_dn=9.943e-01
SUP   vx=0.000e+00  vy=0.000e+00  vz=0.000e+00  p=0.000e+00  T=0.000e+00  | total=0.000e+00
      w: vx=9.943e-01  vy=9.943e-01  vz=9.943e-01  p=9.943e-01  T=9.943e-01
MSE   vx=4.582e+02  vy=9.789e-03  vz=4.830e-03  p=1.932e-06  T=6.810e-03  | total=4.582e+02




[   58/10000]
PDE   div=2.846e-01  mom_x=9.153e-02  mom_y=9.255e-03  mom_z=1.433e-02  heat=3.433e-09  | total=3.997e-01
      w: div=9.942e-01  mom_x=9.942e-01  mom_y=9.942e-01  mom_z=9.950e-01  heat=9.942e-01
BC    inlet_vx=7.803e-01  inlet_vy=9.371e-01  inlet_vz=1.024e+00  inlet_T=1.428e-02  outlet_p=6.356e-02
      wall_vx=1.774e+00   wall_vy=2.855e-02   wall_vz=3.394e-04   wall_T=7.898e-03   wall_dp_dn=2.718e-03  | total=4.633e+00
      w: inlet_vx=1.000e+00  inlet_vy=1.004e+00  inlet_vz=1.006e+00  inlet_T=9.942e-01  outlet_p=9.942e-01
      w: wall_vx=1.006e+00   wall_vy=9.942e-01   wall_vz=9.942e-01   wall_T=9.942e-01   wall_dp_dn=9.942e-01
SUP   vx=0.000e+00  vy=0.000e+00  vz=0.000e+00  p=0.000e+00  T=0.000e+00  | total=0.000e+00
      w: vx=9.942e-01  vy=9.942e-01  vz=9.942e-01  p=9.942e-01  T=9.942e-01
MSE   vx=4.632e+02  vy=9.756e-03  vz=4.822e-03  p=1.946e-06  T=6.355e-03  | total=4.632e+02




[   59/10000]
PDE   div=2.899e-01  mom_x=9.125e-02  mom_y=8.834e-03  mom_z=1.246e-02  heat=2.729e-09  | total=4.024e-01
      w: div=9.941e-01  mom_x=9.941e-01  mom_y=9.941e-01  mom_z=9.949e-01  heat=9.941e-01
BC    inlet_vx=7.866e-01  inlet_vy=9.355e-01  inlet_vz=1.023e+00  inlet_T=1.244e-02  outlet_p=6.393e-02
      wall_vx=1.689e+00   wall_vy=2.854e-02   wall_vz=3.216e-04   wall_T=7.153e-03   wall_dp_dn=2.432e-03  | total=4.549e+00
      w: inlet_vx=1.000e+00  inlet_vy=1.004e+00  inlet_vz=1.006e+00  inlet_T=9.941e-01  outlet_p=9.941e-01
      w: wall_vx=1.006e+00   wall_vy=9.941e-01   wall_vz=9.941e-01   wall_T=9.941e-01   wall_dp_dn=9.941e-01
SUP   vx=0.000e+00  vy=0.000e+00  vz=0.000e+00  p=0.000e+00  T=0.000e+00  | total=0.000e+00
      w: vx=9.941e-01  vy=9.941e-01  vz=9.941e-01  p=9.941e-01  T=9.941e-01
MSE   vx=4.683e+02  vy=9.721e-03  vz=4.813e-03  p=1.960e-06  T=5.974e-03  | total=4.683e+02




[   60/10000]
PDE   div=2.962e-01  mom_x=8.985e-02  mom_y=9.016e-03  mom_z=1.435e-02  heat=2.130e-09  | total=4.094e-01
      w: div=9.940e-01  mom_x=9.940e-01  mom_y=9.940e-01  mom_z=9.948e-01  heat=9.940e-01
BC    inlet_vx=7.933e-01  inlet_vy=9.337e-01  inlet_vz=1.022e+00  inlet_T=1.083e-02  outlet_p=6.336e-02
      wall_vx=1.647e+00   wall_vy=2.860e-02   wall_vz=2.871e-04   wall_T=6.616e-03   wall_dp_dn=2.188e-03  | total=4.509e+00
      w: inlet_vx=1.000e+00  inlet_vy=1.004e+00  inlet_vz=1.006e+00  inlet_T=9.940e-01  outlet_p=9.940e-01
      w: wall_vx=1.006e+00   wall_vy=9.940e-01   wall_vz=9.940e-01   wall_T=9.940e-01   wall_dp_dn=9.940e-01
SUP   vx=0.000e+00  vy=0.000e+00  vz=0.000e+00  p=0.000e+00  T=0.000e+00  | total=0.000e+00
      w: vx=9.940e-01  vy=9.940e-01  vz=9.940e-01  p=9.940e-01  T=9.940e-01
MSE   vx=4.734e+02  vy=9.686e-03  vz=4.806e-03  p=1.973e-06  T=5.667e-03  | total=4.734e+02




[   61/10000]
PDE   div=3.033e-01  mom_x=8.984e-02  mom_y=8.626e-03  mom_z=1.662e-02  heat=1.899e-09  | total=4.183e-01
      w: div=9.939e-01  mom_x=9.939e-01  mom_y=9.939e-01  mom_z=9.947e-01  heat=9.939e-01
BC    inlet_vx=8.005e-01  inlet_vy=9.319e-01  inlet_vz=1.021e+00  inlet_T=9.442e-03  outlet_p=6.517e-02
      wall_vx=1.645e+00   wall_vy=2.903e-02   wall_vz=2.936e-04   wall_T=6.419e-03   wall_dp_dn=2.236e-03  | total=4.511e+00
      w: inlet_vx=1.000e+00  inlet_vy=1.004e+00  inlet_vz=1.006e+00  inlet_T=9.939e-01  outlet_p=9.939e-01
      w: wall_vx=1.006e+00   wall_vy=9.939e-01   wall_vz=9.939e-01   wall_T=9.939e-01   wall_dp_dn=9.939e-01
SUP   vx=0.000e+00  vy=0.000e+00  vz=0.000e+00  p=0.000e+00  T=0.000e+00  | total=0.000e+00
      w: vx=9.939e-01  vy=9.939e-01  vz=9.939e-01  p=9.939e-01  T=9.939e-01
MSE   vx=4.785e+02  vy=9.650e-03  vz=4.798e-03  p=1.986e-06  T=5.437e-03  | total=4.786e+02




[   62/10000]
PDE   div=3.060e-01  mom_x=9.008e-02  mom_y=8.597e-03  mom_z=2.109e-02  heat=1.770e-09  | total=4.258e-01
      w: div=9.938e-01  mom_x=9.938e-01  mom_y=9.938e-01  mom_z=9.946e-01  heat=9.938e-01
BC    inlet_vx=8.082e-01  inlet_vy=9.301e-01  inlet_vz=1.020e+00  inlet_T=8.284e-03  outlet_p=6.481e-02
      wall_vx=1.628e+00   wall_vy=3.017e-02   wall_vz=2.947e-04   wall_T=6.098e-03   wall_dp_dn=2.443e-03  | total=4.499e+00
      w: inlet_vx=1.000e+00  inlet_vy=1.004e+00  inlet_vz=1.006e+00  inlet_T=9.938e-01  outlet_p=9.938e-01
      w: wall_vx=1.006e+00   wall_vy=9.938e-01   wall_vz=9.938e-01   wall_T=9.938e-01   wall_dp_dn=9.938e-01
SUP   vx=0.000e+00  vy=0.000e+00  vz=0.000e+00  p=0.000e+00  T=0.000e+00  | total=0.000e+00
      w: vx=9.938e-01  vy=9.938e-01  vz=9.938e-01  p=9.938e-01  T=9.938e-01
MSE   vx=4.838e+02  vy=9.613e-03  vz=4.791e-03  p=1.999e-06  T=5.282e-03  | total=4.838e+02




[   63/10000]
PDE   div=3.131e-01  mom_x=9.038e-02  mom_y=8.551e-03  mom_z=2.861e-02  heat=1.930e-09  | total=4.406e-01
      w: div=9.937e-01  mom_x=9.937e-01  mom_y=9.937e-01  mom_z=9.945e-01  heat=9.937e-01
BC    inlet_vx=8.165e-01  inlet_vy=9.282e-01  inlet_vz=1.019e+00  inlet_T=7.357e-03  outlet_p=6.496e-02
      wall_vx=1.615e+00   wall_vy=3.006e-02   wall_vz=2.968e-04   wall_T=5.804e-03   wall_dp_dn=2.682e-03  | total=4.490e+00
      w: inlet_vx=1.000e+00  inlet_vy=1.004e+00  inlet_vz=1.006e+00  inlet_T=9.937e-01  outlet_p=9.937e-01
      w: wall_vx=1.006e+00   wall_vy=9.937e-01   wall_vz=9.937e-01   wall_T=9.937e-01   wall_dp_dn=9.937e-01
SUP   vx=0.000e+00  vy=0.000e+00  vz=0.000e+00  p=0.000e+00  T=0.000e+00  | total=0.000e+00
      w: vx=9.937e-01  vy=9.937e-01  vz=9.937e-01  p=9.937e-01  T=9.937e-01
MSE   vx=4.890e+02  vy=9.575e-03  vz=4.785e-03  p=2.012e-06  T=5.202e-03  | total=4.891e+02




[   64/10000]
PDE   div=3.099e-01  mom_x=8.525e-02  mom_y=8.604e-03  mom_z=3.351e-02  heat=1.938e-09  | total=4.372e-01
      w: div=9.936e-01  mom_x=9.936e-01  mom_y=9.936e-01  mom_z=9.944e-01  heat=9.936e-01
BC    inlet_vx=8.254e-01  inlet_vy=9.262e-01  inlet_vz=1.019e+00  inlet_T=6.658e-03  outlet_p=6.553e-02
      wall_vx=1.558e+00   wall_vy=3.168e-02   wall_vz=2.845e-04   wall_T=5.471e-03   wall_dp_dn=3.233e-03  | total=4.441e+00
      w: inlet_vx=1.000e+00  inlet_vy=1.004e+00  inlet_vz=1.006e+00  inlet_T=9.936e-01  outlet_p=9.936e-01
      w: wall_vx=1.006e+00   wall_vy=9.936e-01   wall_vz=9.936e-01   wall_T=9.936e-01   wall_dp_dn=9.936e-01
SUP   vx=0.000e+00  vy=0.000e+00  vz=0.000e+00  p=0.000e+00  T=0.000e+00  | total=0.000e+00
      w: vx=9.936e-01  vy=9.936e-01  vz=9.936e-01  p=9.936e-01  T=9.936e-01
MSE   vx=4.944e+02  vy=9.537e-03  vz=4.778e-03  p=2.024e-06  T=5.196e-03  | total=4.944e+02




[   65/10000]
PDE   div=3.194e-01  mom_x=8.716e-02  mom_y=8.253e-03  mom_z=4.200e-02  heat=1.983e-09  | total=4.568e-01
      w: div=9.935e-01  mom_x=9.935e-01  mom_y=9.935e-01  mom_z=9.943e-01  heat=9.935e-01
BC    inlet_vx=8.347e-01  inlet_vy=9.242e-01  inlet_vz=1.018e+00  inlet_T=6.184e-03  outlet_p=6.589e-02
      wall_vx=1.509e+00   wall_vy=3.296e-02   wall_vz=2.808e-04   wall_T=5.417e-03   wall_dp_dn=3.767e-03  | total=4.400e+00
      w: inlet_vx=9.999e-01  inlet_vy=1.004e+00  inlet_vz=1.006e+00  inlet_T=9.935e-01  outlet_p=9.935e-01
      w: wall_vx=1.006e+00   wall_vy=9.935e-01   wall_vz=9.935e-01   wall_T=9.935e-01   wall_dp_dn=9.935e-01
SUP   vx=0.000e+00  vy=0.000e+00  vz=0.000e+00  p=0.000e+00  T=0.000e+00  | total=0.000e+00
      w: vx=9.935e-01  vy=9.935e-01  vz=9.935e-01  p=9.935e-01  T=9.935e-01
MSE   vx=4.998e+02  vy=9.499e-03  vz=4.773e-03  p=2.035e-06  T=5.262e-03  | total=4.998e+02




[   66/10000]
PDE   div=3.175e-01  mom_x=8.600e-02  mom_y=8.508e-03  mom_z=5.209e-02  heat=2.811e-09  | total=4.641e-01
      w: div=9.935e-01  mom_x=9.934e-01  mom_y=9.934e-01  mom_z=9.942e-01  heat=9.934e-01
BC    inlet_vx=8.445e-01  inlet_vy=9.222e-01  inlet_vz=1.017e+00  inlet_T=5.928e-03  outlet_p=6.582e-02
      wall_vx=1.509e+00   wall_vy=3.239e-02   wall_vz=2.572e-04   wall_T=5.174e-03   wall_dp_dn=4.393e-03  | total=4.406e+00
      w: inlet_vx=9.998e-01  inlet_vy=1.004e+00  inlet_vz=1.006e+00  inlet_T=9.934e-01  outlet_p=9.934e-01
      w: wall_vx=1.006e+00   wall_vy=9.934e-01   wall_vz=9.934e-01   wall_T=9.934e-01   wall_dp_dn=9.934e-01
SUP   vx=0.000e+00  vy=0.000e+00  vz=0.000e+00  p=0.000e+00  T=0.000e+00  | total=0.000e+00
      w: vx=9.934e-01  vy=9.934e-01  vz=9.934e-01  p=9.934e-01  T=9.934e-01
MSE   vx=5.053e+02  vy=9.460e-03  vz=4.767e-03  p=2.046e-06  T=5.398e-03  | total=5.053e+02




[   67/10000]
PDE   div=3.244e-01  mom_x=8.526e-02  mom_y=8.168e-03  mom_z=5.866e-02  heat=3.099e-09  | total=4.765e-01
      w: div=9.934e-01  mom_x=9.933e-01  mom_y=9.933e-01  mom_z=9.941e-01  heat=9.933e-01
BC    inlet_vx=8.547e-01  inlet_vy=9.201e-01  inlet_vz=1.016e+00  inlet_T=5.886e-03  outlet_p=6.651e-02
      wall_vx=1.478e+00   wall_vy=3.346e-02   wall_vz=2.536e-04   wall_T=5.468e-03   wall_dp_dn=4.951e-03  | total=4.386e+00
      w: inlet_vx=9.998e-01  inlet_vy=1.004e+00  inlet_vz=1.006e+00  inlet_T=9.933e-01  outlet_p=9.933e-01
      w: wall_vx=1.006e+00   wall_vy=9.933e-01   wall_vz=9.933e-01   wall_T=9.933e-01   wall_dp_dn=9.933e-01
SUP   vx=0.000e+00  vy=0.000e+00  vz=0.000e+00  p=0.000e+00  T=0.000e+00  | total=0.000e+00
      w: vx=9.933e-01  vy=9.933e-01  vz=9.933e-01  p=9.933e-01  T=9.933e-01
MSE   vx=5.109e+02  vy=9.420e-03  vz=4.762e-03  p=2.056e-06  T=5.601e-03  | total=5.109e+02




[   68/10000]
PDE   div=3.265e-01  mom_x=8.561e-02  mom_y=8.252e-03  mom_z=6.815e-02  heat=3.768e-09  | total=4.885e-01
      w: div=9.933e-01  mom_x=9.932e-01  mom_y=9.932e-01  mom_z=9.940e-01  heat=9.932e-01
BC    inlet_vx=8.654e-01  inlet_vy=9.180e-01  inlet_vz=1.015e+00  inlet_T=6.050e-03  outlet_p=6.712e-02
      wall_vx=1.522e+00   wall_vy=3.327e-02   wall_vz=2.756e-04   wall_T=5.943e-03   wall_dp_dn=6.051e-03  | total=4.440e+00
      w: inlet_vx=9.997e-01  inlet_vy=1.004e+00  inlet_vz=1.006e+00  inlet_T=9.932e-01  outlet_p=9.932e-01
      w: wall_vx=1.006e+00   wall_vy=9.932e-01   wall_vz=9.932e-01   wall_T=9.932e-01   wall_dp_dn=9.932e-01
SUP   vx=0.000e+00  vy=0.000e+00  vz=0.000e+00  p=0.000e+00  T=0.000e+00  | total=0.000e+00
      w: vx=9.932e-01  vy=9.932e-01  vz=9.932e-01  p=9.932e-01  T=9.932e-01
MSE   vx=5.165e+02  vy=9.381e-03  vz=4.757e-03  p=2.065e-06  T=5.868e-03  | total=5.165e+02




[   69/10000]
PDE   div=3.263e-01  mom_x=8.277e-02  mom_y=8.302e-03  mom_z=7.843e-02  heat=4.277e-09  | total=4.958e-01
      w: div=9.932e-01  mom_x=9.931e-01  mom_y=9.931e-01  mom_z=9.939e-01  heat=9.931e-01
BC    inlet_vx=8.767e-01  inlet_vy=9.158e-01  inlet_vz=1.014e+00  inlet_T=6.410e-03  outlet_p=6.748e-02
      wall_vx=1.414e+00   wall_vy=3.528e-02   wall_vz=2.726e-04   wall_T=5.874e-03   wall_dp_dn=6.564e-03  | total=4.343e+00
      w: inlet_vx=9.996e-01  inlet_vy=1.004e+00  inlet_vz=1.007e+00  inlet_T=9.931e-01  outlet_p=9.931e-01
      w: wall_vx=1.007e+00   wall_vy=9.931e-01   wall_vz=9.931e-01   wall_T=9.931e-01   wall_dp_dn=9.931e-01
SUP   vx=0.000e+00  vy=0.000e+00  vz=0.000e+00  p=0.000e+00  T=0.000e+00  | total=0.000e+00
      w: vx=9.931e-01  vy=9.931e-01  vz=9.931e-01  p=9.931e-01  T=9.931e-01
MSE   vx=5.222e+02  vy=9.341e-03  vz=4.753e-03  p=2.074e-06  T=6.196e-03  | total=5.222e+02




[   70/10000]
PDE   div=3.325e-01  mom_x=8.342e-02  mom_y=7.929e-03  mom_z=8.672e-02  heat=5.278e-09  | total=5.106e-01
      w: div=9.931e-01  mom_x=9.930e-01  mom_y=9.930e-01  mom_z=9.938e-01  heat=9.930e-01
BC    inlet_vx=8.885e-01  inlet_vy=9.136e-01  inlet_vz=1.013e+00  inlet_T=6.956e-03  outlet_p=6.675e-02
      wall_vx=1.459e+00   wall_vy=3.636e-02   wall_vz=2.589e-04   wall_T=5.953e-03   wall_dp_dn=7.183e-03  | total=4.398e+00
      w: inlet_vx=9.995e-01  inlet_vy=1.004e+00  inlet_vz=1.007e+00  inlet_T=9.930e-01  outlet_p=9.930e-01
      w: wall_vx=1.007e+00   wall_vy=9.930e-01   wall_vz=9.930e-01   wall_T=9.930e-01   wall_dp_dn=9.930e-01
SUP   vx=0.000e+00  vy=0.000e+00  vz=0.000e+00  p=0.000e+00  T=0.000e+00  | total=0.000e+00
      w: vx=9.930e-01  vy=9.930e-01  vz=9.930e-01  p=9.930e-01  T=9.930e-01
MSE   vx=5.280e+02  vy=9.302e-03  vz=4.749e-03  p=2.082e-06  T=6.581e-03  | total=5.280e+02




[   71/10000]
PDE   div=3.349e-01  mom_x=8.201e-02  mom_y=7.807e-03  mom_z=8.879e-02  heat=5.989e-09  | total=5.135e-01
      w: div=9.930e-01  mom_x=9.929e-01  mom_y=9.929e-01  mom_z=9.937e-01  heat=9.929e-01
BC    inlet_vx=9.007e-01  inlet_vy=9.114e-01  inlet_vz=1.013e+00  inlet_T=7.677e-03  outlet_p=6.762e-02
      wall_vx=1.376e+00   wall_vy=3.508e-02   wall_vz=2.731e-04   wall_T=6.529e-03   wall_dp_dn=7.774e-03  | total=4.326e+00
      w: inlet_vx=9.995e-01  inlet_vy=1.004e+00  inlet_vz=1.007e+00  inlet_T=9.929e-01  outlet_p=9.929e-01
      w: wall_vx=1.007e+00   wall_vy=9.929e-01   wall_vz=9.929e-01   wall_T=9.929e-01   wall_dp_dn=9.929e-01
SUP   vx=0.000e+00  vy=0.000e+00  vz=0.000e+00  p=0.000e+00  T=0.000e+00  | total=0.000e+00
      w: vx=9.929e-01  vy=9.929e-01  vz=9.929e-01  p=9.929e-01  T=9.929e-01
MSE   vx=5.339e+02  vy=9.262e-03  vz=4.745e-03  p=2.089e-06  T=7.019e-03  | total=5.339e+02




[   72/10000]
PDE   div=3.381e-01  mom_x=8.129e-02  mom_y=7.863e-03  mom_z=9.706e-02  heat=6.695e-09  | total=5.243e-01
      w: div=9.929e-01  mom_x=9.928e-01  mom_y=9.928e-01  mom_z=9.936e-01  heat=9.928e-01
BC    inlet_vx=9.135e-01  inlet_vy=9.091e-01  inlet_vz=1.012e+00  inlet_T=8.561e-03  outlet_p=6.789e-02
      wall_vx=1.371e+00   wall_vy=3.818e-02   wall_vz=2.559e-04   wall_T=6.676e-03   wall_dp_dn=8.321e-03  | total=4.335e+00
      w: inlet_vx=9.994e-01  inlet_vy=1.004e+00  inlet_vz=1.007e+00  inlet_T=9.928e-01  outlet_p=9.928e-01
      w: wall_vx=1.007e+00   wall_vy=9.928e-01   wall_vz=9.928e-01   wall_T=9.928e-01   wall_dp_dn=9.928e-01
SUP   vx=0.000e+00  vy=0.000e+00  vz=0.000e+00  p=0.000e+00  T=0.000e+00  | total=0.000e+00
      w: vx=9.928e-01  vy=9.928e-01  vz=9.928e-01  p=9.928e-01  T=9.928e-01
MSE   vx=5.398e+02  vy=9.223e-03  vz=4.742e-03  p=2.095e-06  T=7.505e-03  | total=5.398e+02




[   73/10000]
PDE   div=3.359e-01  mom_x=7.706e-02  mom_y=8.051e-03  mom_z=9.968e-02  heat=7.812e-09  | total=5.207e-01
      w: div=9.928e-01  mom_x=9.927e-01  mom_y=9.927e-01  mom_z=9.935e-01  heat=9.927e-01
BC    inlet_vx=9.266e-01  inlet_vy=9.068e-01  inlet_vz=1.011e+00  inlet_T=9.595e-03  outlet_p=6.604e-02
      wall_vx=1.373e+00   wall_vy=3.769e-02   wall_vz=2.605e-04   wall_T=6.838e-03   wall_dp_dn=8.746e-03  | total=4.347e+00
      w: inlet_vx=9.993e-01  inlet_vy=1.004e+00  inlet_vz=1.007e+00  inlet_T=9.927e-01  outlet_p=9.927e-01
      w: wall_vx=1.007e+00   wall_vy=9.927e-01   wall_vz=9.927e-01   wall_T=9.927e-01   wall_dp_dn=9.927e-01
SUP   vx=0.000e+00  vy=0.000e+00  vz=0.000e+00  p=0.000e+00  T=0.000e+00  | total=0.000e+00
      w: vx=9.927e-01  vy=9.927e-01  vz=9.927e-01  p=9.927e-01  T=9.927e-01
MSE   vx=5.459e+02  vy=9.184e-03  vz=4.738e-03  p=2.101e-06  T=8.036e-03  | total=5.459e+02




[   74/10000]
PDE   div=3.393e-01  mom_x=7.847e-02  mom_y=7.929e-03  mom_z=1.060e-01  heat=9.064e-09  | total=5.317e-01
      w: div=9.927e-01  mom_x=9.926e-01  mom_y=9.926e-01  mom_z=9.934e-01  heat=9.926e-01
BC    inlet_vx=9.403e-01  inlet_vy=9.046e-01  inlet_vz=1.010e+00  inlet_T=1.077e-02  outlet_p=6.848e-02
      wall_vx=1.304e+00   wall_vy=3.733e-02   wall_vz=2.838e-04   wall_T=7.875e-03   wall_dp_dn=9.344e-03  | total=4.293e+00
      w: inlet_vx=9.992e-01  inlet_vy=1.004e+00  inlet_vz=1.007e+00  inlet_T=9.926e-01  outlet_p=9.926e-01
      w: wall_vx=1.007e+00   wall_vy=9.926e-01   wall_vz=9.926e-01   wall_T=9.926e-01   wall_dp_dn=9.926e-01
SUP   vx=0.000e+00  vy=0.000e+00  vz=0.000e+00  p=0.000e+00  T=0.000e+00  | total=0.000e+00
      w: vx=9.926e-01  vy=9.926e-01  vz=9.926e-01  p=9.926e-01  T=9.926e-01
MSE   vx=5.520e+02  vy=9.146e-03  vz=4.736e-03  p=2.105e-06  T=8.606e-03  | total=5.520e+02




[   75/10000]
PDE   div=3.405e-01  mom_x=7.814e-02  mom_y=8.137e-03  mom_z=1.105e-01  heat=9.648e-09  | total=5.373e-01
      w: div=9.926e-01  mom_x=9.925e-01  mom_y=9.925e-01  mom_z=9.933e-01  heat=9.925e-01
BC    inlet_vx=9.543e-01  inlet_vy=9.023e-01  inlet_vz=1.010e+00  inlet_T=1.206e-02  outlet_p=6.806e-02
      wall_vx=1.310e+00   wall_vy=3.563e-02   wall_vz=2.709e-04   wall_T=8.168e-03   wall_dp_dn=9.422e-03  | total=4.310e+00
      w: inlet_vx=9.992e-01  inlet_vy=1.004e+00  inlet_vz=1.007e+00  inlet_T=9.925e-01  outlet_p=9.925e-01
      w: wall_vx=1.007e+00   wall_vy=9.925e-01   wall_vz=9.925e-01   wall_T=9.925e-01   wall_dp_dn=9.925e-01
SUP   vx=0.000e+00  vy=0.000e+00  vz=0.000e+00  p=0.000e+00  T=0.000e+00  | total=0.000e+00
      w: vx=9.925e-01  vy=9.925e-01  vz=9.925e-01  p=9.925e-01  T=9.925e-01
MSE   vx=5.582e+02  vy=9.108e-03  vz=4.733e-03  p=2.109e-06  T=9.211e-03  | total=5.582e+02




[   76/10000]
PDE   div=3.431e-01  mom_x=7.628e-02  mom_y=7.901e-03  mom_z=1.087e-01  heat=1.020e-08  | total=5.360e-01
      w: div=9.925e-01  mom_x=9.924e-01  mom_y=9.924e-01  mom_z=9.932e-01  heat=9.924e-01
BC    inlet_vx=9.688e-01  inlet_vy=9.000e-01  inlet_vz=1.009e+00  inlet_T=1.347e-02  outlet_p=6.886e-02
      wall_vx=1.271e+00   wall_vy=3.678e-02   wall_vz=2.799e-04   wall_T=8.975e-03   wall_dp_dn=9.634e-03  | total=4.286e+00
      w: inlet_vx=9.991e-01  inlet_vy=1.004e+00  inlet_vz=1.007e+00  inlet_T=9.924e-01  outlet_p=9.924e-01
      w: wall_vx=1.007e+00   wall_vy=9.924e-01   wall_vz=9.924e-01   wall_T=9.924e-01   wall_dp_dn=9.924e-01
SUP   vx=0.000e+00  vy=0.000e+00  vz=0.000e+00  p=0.000e+00  T=0.000e+00  | total=0.000e+00
      w: vx=9.924e-01  vy=9.924e-01  vz=9.924e-01  p=9.924e-01  T=9.924e-01
MSE   vx=5.645e+02  vy=9.071e-03  vz=4.731e-03  p=2.113e-06  T=9.846e-03  | total=5.646e+02




[   77/10000]
PDE   div=3.385e-01  mom_x=7.218e-02  mom_y=8.232e-03  mom_z=1.063e-01  heat=1.057e-08  | total=5.253e-01
      w: div=9.924e-01  mom_x=9.923e-01  mom_y=9.923e-01  mom_z=9.931e-01  heat=9.923e-01
BC    inlet_vx=9.837e-01  inlet_vy=8.977e-01  inlet_vz=1.008e+00  inlet_T=1.497e-02  outlet_p=6.902e-02
      wall_vx=1.235e+00   wall_vy=3.977e-02   wall_vz=3.027e-04   wall_T=9.684e-03   wall_dp_dn=9.580e-03  | total=4.268e+00
      w: inlet_vx=9.990e-01  inlet_vy=1.004e+00  inlet_vz=1.007e+00  inlet_T=9.923e-01  outlet_p=9.923e-01
      w: wall_vx=1.007e+00   wall_vy=9.923e-01   wall_vz=9.923e-01   wall_T=9.923e-01   wall_dp_dn=9.923e-01
SUP   vx=0.000e+00  vy=0.000e+00  vz=0.000e+00  p=0.000e+00  T=0.000e+00  | total=0.000e+00
      w: vx=9.923e-01  vy=9.923e-01  vz=9.923e-01  p=9.923e-01  T=9.923e-01
MSE   vx=5.710e+02  vy=9.034e-03  vz=4.729e-03  p=2.115e-06  T=1.051e-02  | total=5.710e+02




[   78/10000]
PDE   div=3.469e-01  mom_x=7.291e-02  mom_y=8.100e-03  mom_z=1.073e-01  heat=1.194e-08  | total=5.352e-01
      w: div=9.923e-01  mom_x=9.922e-01  mom_y=9.922e-01  mom_z=9.930e-01  heat=9.922e-01
BC    inlet_vx=9.989e-01  inlet_vy=8.954e-01  inlet_vz=1.008e+00  inlet_T=1.656e-02  outlet_p=6.761e-02
      wall_vx=1.254e+00   wall_vy=4.241e-02   wall_vz=2.892e-04   wall_T=9.306e-03   wall_dp_dn=9.473e-03  | total=4.302e+00
      w: inlet_vx=9.989e-01  inlet_vy=1.004e+00  inlet_vz=1.007e+00  inlet_T=9.922e-01  outlet_p=9.922e-01
      w: wall_vx=1.007e+00   wall_vy=9.922e-01   wall_vz=9.922e-01   wall_T=9.922e-01   wall_dp_dn=9.922e-01
SUP   vx=0.000e+00  vy=0.000e+00  vz=0.000e+00  p=0.000e+00  T=0.000e+00  | total=0.000e+00
      w: vx=9.922e-01  vy=9.922e-01  vz=9.922e-01  p=9.922e-01  T=9.922e-01
MSE   vx=5.775e+02  vy=8.998e-03  vz=4.727e-03  p=2.117e-06  T=1.119e-02  | total=5.775e+02




[   79/10000]
PDE   div=3.474e-01  mom_x=7.236e-02  mom_y=8.015e-03  mom_z=1.043e-01  heat=1.300e-08  | total=5.321e-01
      w: div=9.922e-01  mom_x=9.921e-01  mom_y=9.921e-01  mom_z=9.929e-01  heat=9.921e-01
BC    inlet_vx=1.014e+00  inlet_vy=8.931e-01  inlet_vz=1.007e+00  inlet_T=1.821e-02  outlet_p=6.809e-02
      wall_vx=1.201e+00   wall_vy=4.118e-02   wall_vz=3.030e-04   wall_T=1.053e-02   wall_dp_dn=9.190e-03  | total=4.263e+00
      w: inlet_vx=9.989e-01  inlet_vy=1.004e+00  inlet_vz=1.007e+00  inlet_T=9.921e-01  outlet_p=9.921e-01
      w: wall_vx=1.007e+00   wall_vy=9.921e-01   wall_vz=9.921e-01   wall_T=9.921e-01   wall_dp_dn=9.921e-01
SUP   vx=0.000e+00  vy=0.000e+00  vz=0.000e+00  p=0.000e+00  T=0.000e+00  | total=0.000e+00
      w: vx=9.921e-01  vy=9.921e-01  vz=9.921e-01  p=9.921e-01  T=9.921e-01
MSE   vx=5.841e+02  vy=8.964e-03  vz=4.726e-03  p=2.119e-06  T=1.189e-02  | total=5.841e+02




[   80/10000]
PDE   div=3.453e-01  mom_x=7.171e-02  mom_y=8.000e-03  mom_z=9.889e-02  heat=1.422e-08  | total=5.239e-01
      w: div=9.921e-01  mom_x=9.920e-01  mom_y=9.920e-01  mom_z=9.928e-01  heat=9.920e-01
BC    inlet_vx=1.030e+00  inlet_vy=8.908e-01  inlet_vz=1.007e+00  inlet_T=1.992e-02  outlet_p=6.730e-02
      wall_vx=1.127e+00   wall_vy=4.504e-02   wall_vz=3.136e-04   wall_T=1.220e-02   wall_dp_dn=8.822e-03  | total=4.208e+00
      w: inlet_vx=9.988e-01  inlet_vy=1.004e+00  inlet_vz=1.007e+00  inlet_T=9.920e-01  outlet_p=9.920e-01
      w: wall_vx=1.007e+00   wall_vy=9.920e-01   wall_vz=9.920e-01   wall_T=9.920e-01   wall_dp_dn=9.920e-01
SUP   vx=0.000e+00  vy=0.000e+00  vz=0.000e+00  p=0.000e+00  T=0.000e+00  | total=0.000e+00
      w: vx=9.920e-01  vy=9.920e-01  vz=9.920e-01  p=9.920e-01  T=9.920e-01
MSE   vx=5.908e+02  vy=8.930e-03  vz=4.724e-03  p=2.119e-06  T=1.259e-02  | total=5.909e+02




[   81/10000]
PDE   div=3.474e-01  mom_x=7.048e-02  mom_y=8.295e-03  mom_z=9.780e-02  heat=1.500e-08  | total=5.240e-01
      w: div=9.920e-01  mom_x=9.919e-01  mom_y=9.919e-01  mom_z=9.927e-01  heat=9.919e-01
BC    inlet_vx=1.046e+00  inlet_vy=8.886e-01  inlet_vz=1.006e+00  inlet_T=2.168e-02  outlet_p=6.784e-02
      wall_vx=1.140e+00   wall_vy=4.042e-02   wall_vz=3.047e-04   wall_T=1.223e-02   wall_dp_dn=8.920e-03  | total=4.232e+00
      w: inlet_vx=9.987e-01  inlet_vy=1.004e+00  inlet_vz=1.008e+00  inlet_T=9.919e-01  outlet_p=9.919e-01
      w: wall_vx=1.008e+00   wall_vy=9.919e-01   wall_vz=9.919e-01   wall_T=9.919e-01   wall_dp_dn=9.919e-01
SUP   vx=0.000e+00  vy=0.000e+00  vz=0.000e+00  p=0.000e+00  T=0.000e+00  | total=0.000e+00
      w: vx=9.919e-01  vy=9.919e-01  vz=9.919e-01  p=9.919e-01  T=9.919e-01
MSE   vx=5.977e+02  vy=8.897e-03  vz=4.723e-03  p=2.120e-06  T=1.331e-02  | total=5.977e+02




[   82/10000]
PDE   div=3.487e-01  mom_x=6.898e-02  mom_y=8.220e-03  mom_z=9.101e-02  heat=1.518e-08  | total=5.169e-01
      w: div=9.919e-01  mom_x=9.918e-01  mom_y=9.918e-01  mom_z=9.926e-01  heat=9.918e-01
BC    inlet_vx=1.063e+00  inlet_vy=8.863e-01  inlet_vz=1.005e+00  inlet_T=2.346e-02  outlet_p=6.727e-02
      wall_vx=1.104e+00   wall_vy=4.164e-02   wall_vz=3.092e-04   wall_T=1.282e-02   wall_dp_dn=8.010e-03  | total=4.212e+00
      w: inlet_vx=9.987e-01  inlet_vy=1.004e+00  inlet_vz=1.008e+00  inlet_T=9.918e-01  outlet_p=9.918e-01
      w: wall_vx=1.008e+00   wall_vy=9.918e-01   wall_vz=9.918e-01   wall_T=9.918e-01   wall_dp_dn=9.918e-01
SUP   vx=0.000e+00  vy=0.000e+00  vz=0.000e+00  p=0.000e+00  T=0.000e+00  | total=0.000e+00
      w: vx=9.918e-01  vy=9.918e-01  vz=9.918e-01  p=9.918e-01  T=9.918e-01
MSE   vx=6.047e+02  vy=8.865e-03  vz=4.722e-03  p=2.119e-06  T=1.403e-02  | total=6.047e+02




[   83/10000]
PDE   div=3.572e-01  mom_x=6.934e-02  mom_y=8.077e-03  mom_z=8.614e-02  heat=1.610e-08  | total=5.208e-01
      w: div=9.918e-01  mom_x=9.917e-01  mom_y=9.917e-01  mom_z=9.925e-01  heat=9.917e-01
BC    inlet_vx=1.079e+00  inlet_vy=8.841e-01  inlet_vz=1.005e+00  inlet_T=2.526e-02  outlet_p=6.755e-02
      wall_vx=1.077e+00   wall_vy=4.368e-02   wall_vz=3.379e-04   wall_T=1.278e-02   wall_dp_dn=7.346e-03  | total=4.202e+00
      w: inlet_vx=9.986e-01  inlet_vy=1.004e+00  inlet_vz=1.008e+00  inlet_T=9.917e-01  outlet_p=9.917e-01
      w: wall_vx=1.008e+00   wall_vy=9.917e-01   wall_vz=9.917e-01   wall_T=9.917e-01   wall_dp_dn=9.917e-01
SUP   vx=0.000e+00  vy=0.000e+00  vz=0.000e+00  p=0.000e+00  T=0.000e+00  | total=0.000e+00
      w: vx=9.917e-01  vy=9.917e-01  vz=9.917e-01  p=9.917e-01  T=9.917e-01
MSE   vx=6.117e+02  vy=8.835e-03  vz=4.722e-03  p=2.118e-06  T=1.475e-02  | total=6.118e+02




[   84/10000]
PDE   div=3.526e-01  mom_x=6.791e-02  mom_y=8.353e-03  mom_z=7.909e-02  heat=1.655e-08  | total=5.080e-01
      w: div=9.917e-01  mom_x=9.916e-01  mom_y=9.916e-01  mom_z=9.924e-01  heat=9.916e-01
BC    inlet_vx=1.096e+00  inlet_vy=8.819e-01  inlet_vz=1.004e+00  inlet_T=2.708e-02  outlet_p=6.757e-02
      wall_vx=1.070e+00   wall_vy=4.639e-02   wall_vz=3.091e-04   wall_T=1.251e-02   wall_dp_dn=7.078e-03  | total=4.213e+00
      w: inlet_vx=9.985e-01  inlet_vy=1.004e+00  inlet_vz=1.008e+00  inlet_T=9.916e-01  outlet_p=9.916e-01
      w: wall_vx=1.008e+00   wall_vy=9.916e-01   wall_vz=9.916e-01   wall_T=9.916e-01   wall_dp_dn=9.916e-01
SUP   vx=0.000e+00  vy=0.000e+00  vz=0.000e+00  p=0.000e+00  T=0.000e+00  | total=0.000e+00
      w: vx=9.916e-01  vy=9.916e-01  vz=9.916e-01  p=9.916e-01  T=9.916e-01
MSE   vx=6.189e+02  vy=8.806e-03  vz=4.722e-03  p=2.117e-06  T=1.546e-02  | total=6.190e+02




[   85/10000]
PDE   div=3.556e-01  mom_x=6.707e-02  mom_y=8.433e-03  mom_z=7.269e-02  heat=1.781e-08  | total=5.038e-01
      w: div=9.916e-01  mom_x=9.915e-01  mom_y=9.915e-01  mom_z=9.923e-01  heat=9.915e-01
BC    inlet_vx=1.112e+00  inlet_vy=8.798e-01  inlet_vz=1.004e+00  inlet_T=2.889e-02  outlet_p=6.654e-02
      wall_vx=1.072e+00   wall_vy=4.516e-02   wall_vz=3.394e-04   wall_T=1.421e-02   wall_dp_dn=6.483e-03  | total=4.230e+00
      w: inlet_vx=9.985e-01  inlet_vy=1.004e+00  inlet_vz=1.008e+00  inlet_T=9.915e-01  outlet_p=9.915e-01
      w: wall_vx=1.008e+00   wall_vy=9.915e-01   wall_vz=9.915e-01   wall_T=9.915e-01   wall_dp_dn=9.915e-01
SUP   vx=0.000e+00  vy=0.000e+00  vz=0.000e+00  p=0.000e+00  T=0.000e+00  | total=0.000e+00
      w: vx=9.915e-01  vy=9.915e-01  vz=9.915e-01  p=9.915e-01  T=9.915e-01
MSE   vx=6.262e+02  vy=8.777e-03  vz=4.721e-03  p=2.116e-06  T=1.617e-02  | total=6.263e+02




[   86/10000]
PDE   div=3.592e-01  mom_x=6.583e-02  mom_y=8.500e-03  mom_z=6.504e-02  heat=1.788e-08  | total=4.986e-01
      w: div=9.915e-01  mom_x=9.914e-01  mom_y=9.914e-01  mom_z=9.922e-01  heat=9.914e-01
BC    inlet_vx=1.129e+00  inlet_vy=8.777e-01  inlet_vz=1.003e+00  inlet_T=3.068e-02  outlet_p=6.636e-02
      wall_vx=1.032e+00   wall_vy=4.446e-02   wall_vz=3.517e-04   wall_T=1.503e-02   wall_dp_dn=5.982e-03  | total=4.205e+00
      w: inlet_vx=9.984e-01  inlet_vy=1.004e+00  inlet_vz=1.008e+00  inlet_T=9.914e-01  outlet_p=9.914e-01
      w: wall_vx=1.008e+00   wall_vy=9.914e-01   wall_vz=9.914e-01   wall_T=9.914e-01   wall_dp_dn=9.914e-01
SUP   vx=0.000e+00  vy=0.000e+00  vz=0.000e+00  p=0.000e+00  T=0.000e+00  | total=0.000e+00
      w: vx=9.914e-01  vy=9.914e-01  vz=9.914e-01  p=9.914e-01  T=9.914e-01
MSE   vx=6.337e+02  vy=8.750e-03  vz=4.721e-03  p=2.114e-06  T=1.686e-02  | total=6.337e+02




[   87/10000]
PDE   div=3.601e-01  mom_x=6.565e-02  mom_y=8.563e-03  mom_z=6.033e-02  heat=1.878e-08  | total=4.946e-01
      w: div=9.914e-01  mom_x=9.913e-01  mom_y=9.913e-01  mom_z=9.921e-01  heat=9.913e-01
BC    inlet_vx=1.146e+00  inlet_vy=8.756e-01  inlet_vz=1.003e+00  inlet_T=3.244e-02  outlet_p=6.715e-02
      wall_vx=1.021e+00   wall_vy=4.730e-02   wall_vz=3.589e-04   wall_T=1.616e-02   wall_dp_dn=5.378e-03  | total=4.214e+00
      w: inlet_vx=9.984e-01  inlet_vy=1.004e+00  inlet_vz=1.008e+00  inlet_T=9.913e-01  outlet_p=9.913e-01
      w: wall_vx=1.008e+00   wall_vy=9.913e-01   wall_vz=9.913e-01   wall_T=9.913e-01   wall_dp_dn=9.913e-01
SUP   vx=0.000e+00  vy=0.000e+00  vz=0.000e+00  p=0.000e+00  T=0.000e+00  | total=0.000e+00
      w: vx=9.913e-01  vy=9.913e-01  vz=9.913e-01  p=9.913e-01  T=9.913e-01
MSE   vx=6.412e+02  vy=8.725e-03  vz=4.722e-03  p=2.111e-06  T=1.754e-02  | total=6.412e+02




[   88/10000]
PDE   div=3.581e-01  mom_x=6.254e-02  mom_y=8.767e-03  mom_z=5.161e-02  heat=1.861e-08  | total=4.810e-01
      w: div=9.913e-01  mom_x=9.912e-01  mom_y=9.912e-01  mom_z=9.920e-01  heat=9.912e-01
BC    inlet_vx=1.163e+00  inlet_vy=8.735e-01  inlet_vz=1.002e+00  inlet_T=3.417e-02  outlet_p=6.701e-02
      wall_vx=9.858e-01   wall_vy=4.672e-02   wall_vz=3.717e-04   wall_T=1.663e-02   wall_dp_dn=5.046e-03  | total=4.194e+00
      w: inlet_vx=9.983e-01  inlet_vy=1.004e+00  inlet_vz=1.008e+00  inlet_T=9.912e-01  outlet_p=9.912e-01
      w: wall_vx=1.008e+00   wall_vy=9.912e-01   wall_vz=9.912e-01   wall_T=9.912e-01   wall_dp_dn=9.912e-01
SUP   vx=0.000e+00  vy=0.000e+00  vz=0.000e+00  p=0.000e+00  T=0.000e+00  | total=0.000e+00
      w: vx=9.912e-01  vy=9.912e-01  vz=9.912e-01  p=9.912e-01  T=9.912e-01
MSE   vx=6.488e+02  vy=8.701e-03  vz=4.722e-03  p=2.109e-06  T=1.819e-02  | total=6.488e+02




[   89/10000]
PDE   div=3.633e-01  mom_x=6.300e-02  mom_y=8.747e-03  mom_z=4.590e-02  heat=1.909e-08  | total=4.810e-01
      w: div=9.912e-01  mom_x=9.911e-01  mom_y=9.911e-01  mom_z=9.919e-01  heat=9.911e-01
BC    inlet_vx=1.180e+00  inlet_vy=8.715e-01  inlet_vz=1.002e+00  inlet_T=3.584e-02  outlet_p=6.676e-02
      wall_vx=9.136e-01   wall_vy=4.637e-02   wall_vz=3.942e-04   wall_T=1.730e-02   wall_dp_dn=4.275e-03  | total=4.137e+00
      w: inlet_vx=9.982e-01  inlet_vy=1.004e+00  inlet_vz=1.008e+00  inlet_T=9.911e-01  outlet_p=9.911e-01
      w: wall_vx=1.008e+00   wall_vy=9.911e-01   wall_vz=9.911e-01   wall_T=9.911e-01   wall_dp_dn=9.911e-01
SUP   vx=0.000e+00  vy=0.000e+00  vz=0.000e+00  p=0.000e+00  T=0.000e+00  | total=0.000e+00
      w: vx=9.911e-01  vy=9.911e-01  vz=9.911e-01  p=9.911e-01  T=9.911e-01
MSE   vx=6.565e+02  vy=8.678e-03  vz=4.722e-03  p=2.106e-06  T=1.882e-02  | total=6.566e+02




[   90/10000]
PDE   div=3.627e-01  mom_x=6.214e-02  mom_y=8.809e-03  mom_z=3.881e-02  heat=1.994e-08  | total=4.724e-01
      w: div=9.911e-01  mom_x=9.910e-01  mom_y=9.910e-01  mom_z=9.918e-01  heat=9.910e-01
BC    inlet_vx=1.197e+00  inlet_vy=8.695e-01  inlet_vz=1.001e+00  inlet_T=3.746e-02  outlet_p=6.670e-02
      wall_vx=9.607e-01   wall_vy=5.073e-02   wall_vz=3.803e-04   wall_T=1.822e-02   wall_dp_dn=3.784e-03  | total=4.205e+00
      w: inlet_vx=9.982e-01  inlet_vy=1.004e+00  inlet_vz=1.008e+00  inlet_T=9.910e-01  outlet_p=9.910e-01
      w: wall_vx=1.008e+00   wall_vy=9.910e-01   wall_vz=9.910e-01   wall_T=9.910e-01   wall_dp_dn=9.910e-01
SUP   vx=0.000e+00  vy=0.000e+00  vz=0.000e+00  p=0.000e+00  T=0.000e+00  | total=0.000e+00
      w: vx=9.910e-01  vy=9.910e-01  vz=9.910e-01  p=9.910e-01  T=9.910e-01
MSE   vx=6.644e+02  vy=8.657e-03  vz=4.723e-03  p=2.103e-06  T=1.942e-02  | total=6.644e+02




[   91/10000]
PDE   div=3.628e-01  mom_x=6.051e-02  mom_y=8.942e-03  mom_z=3.357e-02  heat=1.942e-08  | total=4.658e-01
      w: div=9.911e-01  mom_x=9.909e-01  mom_y=9.909e-01  mom_z=9.917e-01  heat=9.909e-01
BC    inlet_vx=1.213e+00  inlet_vy=8.676e-01  inlet_vz=1.001e+00  inlet_T=3.902e-02  outlet_p=6.539e-02
      wall_vx=9.444e-01   wall_vy=4.933e-02   wall_vz=3.851e-04   wall_T=1.761e-02   wall_dp_dn=3.294e-03  | total=4.201e+00
      w: inlet_vx=9.981e-01  inlet_vy=1.004e+00  inlet_vz=1.008e+00  inlet_T=9.909e-01  outlet_p=9.909e-01
      w: wall_vx=1.008e+00   wall_vy=9.909e-01   wall_vz=9.909e-01   wall_T=9.909e-01   wall_dp_dn=9.909e-01
SUP   vx=0.000e+00  vy=0.000e+00  vz=0.000e+00  p=0.000e+00  T=0.000e+00  | total=0.000e+00
      w: vx=9.909e-01  vy=9.909e-01  vz=9.909e-01  p=9.909e-01  T=9.909e-01
MSE   vx=6.724e+02  vy=8.637e-03  vz=4.724e-03  p=2.100e-06  T=1.999e-02  | total=6.724e+02




[   92/10000]
PDE   div=3.701e-01  mom_x=6.117e-02  mom_y=8.965e-03  mom_z=2.918e-02  heat=2.066e-08  | total=4.695e-01
      w: div=9.910e-01  mom_x=9.908e-01  mom_y=9.908e-01  mom_z=9.916e-01  heat=9.908e-01
BC    inlet_vx=1.230e+00  inlet_vy=8.658e-01  inlet_vz=1.000e+00  inlet_T=4.050e-02  outlet_p=6.487e-02
      wall_vx=9.200e-01   wall_vy=5.079e-02   wall_vz=3.935e-04   wall_T=1.801e-02   wall_dp_dn=2.965e-03  | total=4.193e+00
      w: inlet_vx=9.981e-01  inlet_vy=1.004e+00  inlet_vz=1.008e+00  inlet_T=9.908e-01  outlet_p=9.908e-01
      w: wall_vx=1.008e+00   wall_vy=9.908e-01   wall_vz=9.908e-01   wall_T=9.908e-01   wall_dp_dn=9.908e-01
SUP   vx=0.000e+00  vy=0.000e+00  vz=0.000e+00  p=0.000e+00  T=0.000e+00  | total=0.000e+00
      w: vx=9.908e-01  vy=9.908e-01  vz=9.908e-01  p=9.908e-01  T=9.908e-01
MSE   vx=6.804e+02  vy=8.619e-03  vz=4.725e-03  p=2.097e-06  T=2.052e-02  | total=6.805e+02




[   93/10000]
PDE   div=3.690e-01  mom_x=5.869e-02  mom_y=8.781e-03  mom_z=2.403e-02  heat=2.022e-08  | total=4.605e-01
      w: div=9.909e-01  mom_x=9.907e-01  mom_y=9.907e-01  mom_z=9.915e-01  heat=9.907e-01
BC    inlet_vx=1.246e+00  inlet_vy=8.639e-01  inlet_vz=9.998e-01  inlet_T=4.190e-02  outlet_p=6.470e-02
      wall_vx=8.838e-01   wall_vy=4.861e-02   wall_vz=4.269e-04   wall_T=1.996e-02   wall_dp_dn=2.586e-03  | total=4.172e+00
      w: inlet_vx=9.981e-01  inlet_vy=1.004e+00  inlet_vz=1.008e+00  inlet_T=9.907e-01  outlet_p=9.907e-01
      w: wall_vx=1.008e+00   wall_vy=9.907e-01   wall_vz=9.907e-01   wall_T=9.907e-01   wall_dp_dn=9.907e-01
SUP   vx=0.000e+00  vy=0.000e+00  vz=0.000e+00  p=0.000e+00  T=0.000e+00  | total=0.000e+00
      w: vx=9.907e-01  vy=9.907e-01  vz=9.907e-01  p=9.907e-01  T=9.907e-01
MSE   vx=6.886e+02  vy=8.602e-03  vz=4.726e-03  p=2.094e-06  T=2.102e-02  | total=6.886e+02




[   94/10000]
PDE   div=3.663e-01  mom_x=5.773e-02  mom_y=9.054e-03  mom_z=2.041e-02  heat=1.966e-08  | total=4.535e-01
      w: div=9.908e-01  mom_x=9.906e-01  mom_y=9.906e-01  mom_z=9.914e-01  heat=9.906e-01
BC    inlet_vx=1.262e+00  inlet_vy=8.622e-01  inlet_vz=9.993e-01  inlet_T=4.321e-02  outlet_p=6.570e-02
      wall_vx=8.778e-01   wall_vy=5.378e-02   wall_vz=4.070e-04   wall_T=1.904e-02   wall_dp_dn=2.402e-03  | total=4.186e+00
      w: inlet_vx=9.980e-01  inlet_vy=1.004e+00  inlet_vz=1.009e+00  inlet_T=9.906e-01  outlet_p=9.906e-01
      w: wall_vx=1.008e+00   wall_vy=9.906e-01   wall_vz=9.906e-01   wall_T=9.906e-01   wall_dp_dn=9.906e-01
SUP   vx=0.000e+00  vy=0.000e+00  vz=0.000e+00  p=0.000e+00  T=0.000e+00  | total=0.000e+00
      w: vx=9.906e-01  vy=9.906e-01  vz=9.906e-01  p=9.906e-01  T=9.906e-01
MSE   vx=6.968e+02  vy=8.586e-03  vz=4.727e-03  p=2.091e-06  T=2.148e-02  | total=6.969e+02




[   95/10000]
PDE   div=3.726e-01  mom_x=5.891e-02  mom_y=9.140e-03  mom_z=1.770e-02  heat=2.059e-08  | total=4.583e-01
      w: div=9.907e-01  mom_x=9.905e-01  mom_y=9.905e-01  mom_z=9.913e-01  heat=9.905e-01
BC    inlet_vx=1.278e+00  inlet_vy=8.605e-01  inlet_vz=9.989e-01  inlet_T=4.443e-02  outlet_p=6.522e-02
      wall_vx=8.426e-01   wall_vy=5.168e-02   wall_vz=4.271e-04   wall_T=1.930e-02   wall_dp_dn=2.106e-03  | total=4.163e+00
      w: inlet_vx=9.980e-01  inlet_vy=1.004e+00  inlet_vz=1.009e+00  inlet_T=9.905e-01  outlet_p=9.905e-01
      w: wall_vx=1.009e+00   wall_vy=9.905e-01   wall_vz=9.905e-01   wall_T=9.905e-01   wall_dp_dn=9.905e-01
SUP   vx=0.000e+00  vy=0.000e+00  vz=0.000e+00  p=0.000e+00  T=0.000e+00  | total=0.000e+00
      w: vx=9.905e-01  vy=9.905e-01  vz=9.905e-01  p=9.905e-01  T=9.905e-01
MSE   vx=7.052e+02  vy=8.572e-03  vz=4.728e-03  p=2.088e-06  T=2.190e-02  | total=7.052e+02




[   96/10000]
PDE   div=3.791e-01  mom_x=5.755e-02  mom_y=9.057e-03  mom_z=1.564e-02  heat=2.032e-08  | total=4.614e-01
      w: div=9.906e-01  mom_x=9.904e-01  mom_y=9.904e-01  mom_z=9.912e-01  heat=9.904e-01
BC    inlet_vx=1.293e+00  inlet_vy=8.588e-01  inlet_vz=9.984e-01  inlet_T=4.555e-02  outlet_p=6.466e-02
      wall_vx=8.860e-01   wall_vy=5.281e-02   wall_vz=4.306e-04   wall_T=1.968e-02   wall_dp_dn=2.025e-03  | total=4.222e+00
      w: inlet_vx=9.980e-01  inlet_vy=1.004e+00  inlet_vz=1.009e+00  inlet_T=9.904e-01  outlet_p=9.904e-01
      w: wall_vx=1.009e+00   wall_vy=9.904e-01   wall_vz=9.904e-01   wall_T=9.904e-01   wall_dp_dn=9.904e-01
SUP   vx=0.000e+00  vy=0.000e+00  vz=0.000e+00  p=0.000e+00  T=0.000e+00  | total=0.000e+00
      w: vx=9.904e-01  vy=9.904e-01  vz=9.904e-01  p=9.904e-01  T=9.904e-01
MSE   vx=7.136e+02  vy=8.560e-03  vz=4.730e-03  p=2.085e-06  T=2.228e-02  | total=7.136e+02




[   97/10000]
PDE   div=3.774e-01  mom_x=5.539e-02  mom_y=9.090e-03  mom_z=1.383e-02  heat=1.941e-08  | total=4.557e-01
      w: div=9.905e-01  mom_x=9.903e-01  mom_y=9.903e-01  mom_z=9.911e-01  heat=9.903e-01
BC    inlet_vx=1.308e+00  inlet_vy=8.572e-01  inlet_vz=9.980e-01  inlet_T=4.656e-02  outlet_p=6.451e-02
      wall_vx=8.432e-01   wall_vy=5.465e-02   wall_vz=4.313e-04   wall_T=1.931e-02   wall_dp_dn=1.934e-03  | total=4.194e+00
      w: inlet_vx=9.979e-01  inlet_vy=1.004e+00  inlet_vz=1.009e+00  inlet_T=9.903e-01  outlet_p=9.903e-01
      w: wall_vx=1.009e+00   wall_vy=9.903e-01   wall_vz=9.903e-01   wall_T=9.903e-01   wall_dp_dn=9.903e-01
SUP   vx=0.000e+00  vy=0.000e+00  vz=0.000e+00  p=0.000e+00  T=0.000e+00  | total=0.000e+00
      w: vx=9.903e-01  vy=9.903e-01  vz=9.903e-01  p=9.903e-01  T=9.903e-01
MSE   vx=7.221e+02  vy=8.549e-03  vz=4.731e-03  p=2.082e-06  T=2.261e-02  | total=7.221e+02




[   98/10000]
PDE   div=3.857e-01  mom_x=5.810e-02  mom_y=9.047e-03  mom_z=1.341e-02  heat=2.036e-08  | total=4.663e-01
      w: div=9.904e-01  mom_x=9.902e-01  mom_y=9.902e-01  mom_z=9.910e-01  heat=9.902e-01
BC    inlet_vx=1.323e+00  inlet_vy=8.556e-01  inlet_vz=9.975e-01  inlet_T=4.746e-02  outlet_p=6.348e-02
      wall_vx=8.430e-01   wall_vy=5.395e-02   wall_vz=4.783e-04   wall_T=2.147e-02   wall_dp_dn=1.843e-03  | total=4.208e+00
      w: inlet_vx=9.979e-01  inlet_vy=1.004e+00  inlet_vz=1.009e+00  inlet_T=9.902e-01  outlet_p=9.902e-01
      w: wall_vx=1.009e+00   wall_vy=9.902e-01   wall_vz=9.902e-01   wall_T=9.902e-01   wall_dp_dn=9.902e-01
SUP   vx=0.000e+00  vy=0.000e+00  vz=0.000e+00  p=0.000e+00  T=0.000e+00  | total=0.000e+00
      w: vx=9.902e-01  vy=9.902e-01  vz=9.902e-01  p=9.902e-01  T=9.902e-01
MSE   vx=7.306e+02  vy=8.539e-03  vz=4.733e-03  p=2.079e-06  T=2.289e-02  | total=7.307e+02




[   99/10000]
PDE   div=3.841e-01  mom_x=5.631e-02  mom_y=9.164e-03  mom_z=1.343e-02  heat=1.998e-08  | total=4.630e-01
      w: div=9.903e-01  mom_x=9.901e-01  mom_y=9.901e-01  mom_z=9.909e-01  heat=9.901e-01
BC    inlet_vx=1.338e+00  inlet_vy=8.541e-01  inlet_vz=9.971e-01  inlet_T=4.825e-02  outlet_p=6.385e-02
      wall_vx=7.973e-01   wall_vy=5.890e-02   wall_vz=4.670e-04   wall_T=2.092e-02   wall_dp_dn=1.946e-03  | total=4.181e+00
      w: inlet_vx=9.979e-01  inlet_vy=1.004e+00  inlet_vz=1.009e+00  inlet_T=9.901e-01  outlet_p=9.901e-01
      w: wall_vx=1.009e+00   wall_vy=9.901e-01   wall_vz=9.901e-01   wall_T=9.901e-01   wall_dp_dn=9.901e-01
SUP   vx=0.000e+00  vy=0.000e+00  vz=0.000e+00  p=0.000e+00  T=0.000e+00  | total=0.000e+00
      w: vx=9.901e-01  vy=9.901e-01  vz=9.901e-01  p=9.901e-01  T=9.901e-01
MSE   vx=7.393e+02  vy=8.530e-03  vz=4.735e-03  p=2.076e-06  T=2.313e-02  | total=7.393e+02




[  100/10000]
PDE   div=3.939e-01  mom_x=5.722e-02  mom_y=9.242e-03  mom_z=1.332e-02  heat=2.023e-08  | total=4.737e-01
      w: div=9.902e-01  mom_x=9.900e-01  mom_y=9.900e-01  mom_z=9.908e-01  heat=9.900e-01
BC    inlet_vx=1.352e+00  inlet_vy=8.527e-01  inlet_vz=9.966e-01  inlet_T=4.893e-02  outlet_p=6.304e-02
      wall_vx=7.789e-01   wall_vy=5.651e-02   wall_vz=4.953e-04   wall_T=2.159e-02   wall_dp_dn=2.161e-03  | total=4.173e+00
      w: inlet_vx=9.979e-01  inlet_vy=1.004e+00  inlet_vz=1.009e+00  inlet_T=9.900e-01  outlet_p=9.900e-01
      w: wall_vx=1.009e+00   wall_vy=9.900e-01   wall_vz=9.900e-01   wall_T=9.900e-01   wall_dp_dn=9.900e-01
SUP   vx=0.000e+00  vy=0.000e+00  vz=0.000e+00  p=0.000e+00  T=0.000e+00  | total=0.000e+00
      w: vx=9.900e-01  vy=9.900e-01  vz=9.900e-01  p=9.900e-01  T=9.900e-01
MSE   vx=7.480e+02  vy=8.523e-03  vz=4.737e-03  p=2.073e-06  T=2.332e-02  | total=7.480e+02




[  101/10000]
PDE   div=3.906e-01  mom_x=5.592e-02  mom_y=9.369e-03  mom_z=1.475e-02  heat=1.949e-08  | total=4.706e-01
      w: div=9.901e-01  mom_x=9.899e-01  mom_y=9.899e-01  mom_z=9.907e-01  heat=9.899e-01
BC    inlet_vx=1.365e+00  inlet_vy=8.513e-01  inlet_vz=9.962e-01  inlet_T=4.949e-02  outlet_p=6.272e-02
      wall_vx=7.444e-01   wall_vy=5.988e-02   wall_vz=5.094e-04   wall_T=2.215e-02   wall_dp_dn=2.292e-03  | total=4.154e+00
      w: inlet_vx=9.979e-01  inlet_vy=1.004e+00  inlet_vz=1.009e+00  inlet_T=9.899e-01  outlet_p=9.899e-01
      w: wall_vx=1.009e+00   wall_vy=9.899e-01   wall_vz=9.899e-01   wall_T=9.899e-01   wall_dp_dn=9.899e-01
SUP   vx=0.000e+00  vy=0.000e+00  vz=0.000e+00  p=0.000e+00  T=0.000e+00  | total=0.000e+00
      w: vx=9.899e-01  vy=9.899e-01  vz=9.899e-01  p=9.899e-01  T=9.899e-01
MSE   vx=7.567e+02  vy=8.518e-03  vz=4.739e-03  p=2.070e-06  T=2.346e-02  | total=7.567e+02




[  102/10000]
PDE   div=3.955e-01  mom_x=5.468e-02  mom_y=8.957e-03  mom_z=1.639e-02  heat=1.919e-08  | total=4.756e-01
      w: div=9.900e-01  mom_x=9.898e-01  mom_y=9.898e-01  mom_z=9.906e-01  heat=9.898e-01
BC    inlet_vx=1.378e+00  inlet_vy=8.500e-01  inlet_vz=9.957e-01  inlet_T=4.994e-02  outlet_p=6.238e-02
      wall_vx=7.190e-01   wall_vy=5.818e-02   wall_vz=4.897e-04   wall_T=2.079e-02   wall_dp_dn=2.613e-03  | total=4.137e+00
      w: inlet_vx=9.979e-01  inlet_vy=1.004e+00  inlet_vz=1.009e+00  inlet_T=9.898e-01  outlet_p=9.898e-01
      w: wall_vx=1.009e+00   wall_vy=9.898e-01   wall_vz=9.898e-01   wall_T=9.898e-01   wall_dp_dn=9.898e-01
SUP   vx=0.000e+00  vy=0.000e+00  vz=0.000e+00  p=0.000e+00  T=0.000e+00  | total=0.000e+00
      w: vx=9.898e-01  vy=9.898e-01  vz=9.898e-01  p=9.898e-01  T=9.898e-01
MSE   vx=7.655e+02  vy=8.513e-03  vz=4.741e-03  p=2.068e-06  T=2.355e-02  | total=7.655e+02




[  103/10000]
PDE   div=4.019e-01  mom_x=5.414e-02  mom_y=8.987e-03  mom_z=1.848e-02  heat=1.865e-08  | total=4.835e-01
      w: div=9.899e-01  mom_x=9.897e-01  mom_y=9.897e-01  mom_z=9.905e-01  heat=9.897e-01
BC    inlet_vx=1.390e+00  inlet_vy=8.487e-01  inlet_vz=9.953e-01  inlet_T=5.028e-02  outlet_p=6.365e-02
      wall_vx=7.532e-01   wall_vy=6.037e-02   wall_vz=4.867e-04   wall_T=2.029e-02   wall_dp_dn=2.711e-03  | total=4.185e+00
      w: inlet_vx=9.978e-01  inlet_vy=1.003e+00  inlet_vz=1.009e+00  inlet_T=9.897e-01  outlet_p=9.897e-01
      w: wall_vx=1.009e+00   wall_vy=9.897e-01   wall_vz=9.897e-01   wall_T=9.897e-01   wall_dp_dn=9.897e-01
SUP   vx=0.000e+00  vy=0.000e+00  vz=0.000e+00  p=0.000e+00  T=0.000e+00  | total=0.000e+00
      w: vx=9.897e-01  vy=9.897e-01  vz=9.897e-01  p=9.897e-01  T=9.897e-01
MSE   vx=7.743e+02  vy=8.510e-03  vz=4.743e-03  p=2.066e-06  T=2.360e-02  | total=7.743e+02




[  104/10000]
PDE   div=4.037e-01  mom_x=5.388e-02  mom_y=9.114e-03  mom_z=2.105e-02  heat=1.867e-08  | total=4.878e-01
      w: div=9.898e-01  mom_x=9.896e-01  mom_y=9.896e-01  mom_z=9.904e-01  heat=9.896e-01
BC    inlet_vx=1.402e+00  inlet_vy=8.475e-01  inlet_vz=9.948e-01  inlet_T=5.050e-02  outlet_p=6.147e-02
      wall_vx=7.592e-01   wall_vy=6.284e-02   wall_vz=5.497e-04   wall_T=2.275e-02   wall_dp_dn=3.089e-03  | total=4.205e+00
      w: inlet_vx=9.978e-01  inlet_vy=1.003e+00  inlet_vz=1.009e+00  inlet_T=9.896e-01  outlet_p=9.896e-01
      w: wall_vx=1.009e+00   wall_vy=9.896e-01   wall_vz=9.896e-01   wall_T=9.896e-01   wall_dp_dn=9.896e-01
SUP   vx=0.000e+00  vy=0.000e+00  vz=0.000e+00  p=0.000e+00  T=0.000e+00  | total=0.000e+00
      w: vx=9.896e-01  vy=9.896e-01  vz=9.896e-01  p=9.896e-01  T=9.896e-01
MSE   vx=7.831e+02  vy=8.508e-03  vz=4.745e-03  p=2.064e-06  T=2.359e-02  | total=7.831e+02




[  105/10000]
PDE   div=4.137e-01  mom_x=5.496e-02  mom_y=8.989e-03  mom_z=2.328e-02  heat=1.856e-08  | total=5.010e-01
      w: div=9.897e-01  mom_x=9.895e-01  mom_y=9.895e-01  mom_z=9.903e-01  heat=9.895e-01
BC    inlet_vx=1.413e+00  inlet_vy=8.463e-01  inlet_vz=9.944e-01  inlet_T=5.061e-02  outlet_p=6.211e-02
      wall_vx=7.405e-01   wall_vy=6.134e-02   wall_vz=5.532e-04   wall_T=2.190e-02   wall_dp_dn=3.246e-03  | total=4.194e+00
      w: inlet_vx=9.978e-01  inlet_vy=1.003e+00  inlet_vz=1.009e+00  inlet_T=9.895e-01  outlet_p=9.895e-01
      w: wall_vx=1.009e+00   wall_vy=9.895e-01   wall_vz=9.895e-01   wall_T=9.895e-01   wall_dp_dn=9.895e-01
SUP   vx=0.000e+00  vy=0.000e+00  vz=0.000e+00  p=0.000e+00  T=0.000e+00  | total=0.000e+00
      w: vx=9.895e-01  vy=9.895e-01  vz=9.895e-01  p=9.895e-01  T=9.895e-01
MSE   vx=7.919e+02  vy=8.507e-03  vz=4.748e-03  p=2.062e-06  T=2.353e-02  | total=7.919e+02




[  106/10000]
PDE   div=4.142e-01  mom_x=5.432e-02  mom_y=8.973e-03  mom_z=2.708e-02  heat=1.780e-08  | total=5.046e-01
      w: div=9.896e-01  mom_x=9.894e-01  mom_y=9.894e-01  mom_z=9.902e-01  heat=9.894e-01
BC    inlet_vx=1.424e+00  inlet_vy=8.452e-01  inlet_vz=9.939e-01  inlet_T=5.060e-02  outlet_p=6.211e-02
      wall_vx=7.077e-01   wall_vy=6.084e-02   wall_vz=5.607e-04   wall_T=2.154e-02   wall_dp_dn=3.782e-03  | total=4.170e+00
      w: inlet_vx=9.978e-01  inlet_vy=1.003e+00  inlet_vz=1.009e+00  inlet_T=9.894e-01  outlet_p=9.894e-01
      w: wall_vx=1.009e+00   wall_vy=9.894e-01   wall_vz=9.894e-01   wall_T=9.894e-01   wall_dp_dn=9.894e-01
SUP   vx=0.000e+00  vy=0.000e+00  vz=0.000e+00  p=0.000e+00  T=0.000e+00  | total=0.000e+00
      w: vx=9.894e-01  vy=9.894e-01  vz=9.894e-01  p=9.894e-01  T=9.894e-01
MSE   vx=8.007e+02  vy=8.507e-03  vz=4.750e-03  p=2.060e-06  T=2.343e-02  | total=8.007e+02




[  107/10000]
PDE   div=4.179e-01  mom_x=5.383e-02  mom_y=8.755e-03  mom_z=3.056e-02  heat=1.755e-08  | total=5.111e-01
      w: div=9.895e-01  mom_x=9.893e-01  mom_y=9.893e-01  mom_z=9.901e-01  heat=9.893e-01
BC    inlet_vx=1.434e+00  inlet_vy=8.442e-01  inlet_vz=9.935e-01  inlet_T=5.049e-02  outlet_p=6.127e-02
      wall_vx=6.600e-01   wall_vy=6.343e-02   wall_vz=6.010e-04   wall_T=2.176e-02   wall_dp_dn=4.218e-03  | total=4.133e+00
      w: inlet_vx=9.979e-01  inlet_vy=1.003e+00  inlet_vz=1.009e+00  inlet_T=9.893e-01  outlet_p=9.893e-01
      w: wall_vx=1.009e+00   wall_vy=9.893e-01   wall_vz=9.893e-01   wall_T=9.893e-01   wall_dp_dn=9.893e-01
SUP   vx=0.000e+00  vy=0.000e+00  vz=0.000e+00  p=0.000e+00  T=0.000e+00  | total=0.000e+00
      w: vx=9.893e-01  vy=9.893e-01  vz=9.893e-01  p=9.893e-01  T=9.893e-01
MSE   vx=8.095e+02  vy=8.508e-03  vz=4.753e-03  p=2.059e-06  T=2.328e-02  | total=8.095e+02




[  108/10000]
PDE   div=4.141e-01  mom_x=5.095e-02  mom_y=8.885e-03  mom_z=3.458e-02  heat=1.615e-08  | total=5.085e-01
      w: div=9.895e-01  mom_x=9.892e-01  mom_y=9.892e-01  mom_z=9.900e-01  heat=9.892e-01
BC    inlet_vx=1.443e+00  inlet_vy=8.432e-01  inlet_vz=9.930e-01  inlet_T=5.027e-02  outlet_p=6.087e-02
      wall_vx=6.186e-01   wall_vy=6.287e-02   wall_vz=6.240e-04   wall_T=2.143e-02   wall_dp_dn=4.821e-03  | total=4.098e+00
      w: inlet_vx=9.979e-01  inlet_vy=1.003e+00  inlet_vz=1.009e+00  inlet_T=9.892e-01  outlet_p=9.892e-01
      w: wall_vx=1.009e+00   wall_vy=9.892e-01   wall_vz=9.892e-01   wall_T=9.892e-01   wall_dp_dn=9.892e-01
SUP   vx=0.000e+00  vy=0.000e+00  vz=0.000e+00  p=0.000e+00  T=0.000e+00  | total=0.000e+00
      w: vx=9.892e-01  vy=9.892e-01  vz=9.892e-01  p=9.892e-01  T=9.892e-01
MSE   vx=8.183e+02  vy=8.510e-03  vz=4.755e-03  p=2.058e-06  T=2.309e-02  | total=8.183e+02




[  109/10000]
PDE   div=4.198e-01  mom_x=5.089e-02  mom_y=8.798e-03  mom_z=3.781e-02  heat=1.623e-08  | total=5.173e-01
      w: div=9.894e-01  mom_x=9.891e-01  mom_y=9.891e-01  mom_z=9.899e-01  heat=9.891e-01
BC    inlet_vx=1.451e+00  inlet_vy=8.422e-01  inlet_vz=9.925e-01  inlet_T=4.995e-02  outlet_p=6.055e-02
      wall_vx=6.509e-01   wall_vy=6.494e-02   wall_vz=6.237e-04   wall_T=2.131e-02   wall_dp_dn=4.920e-03  | total=4.139e+00
      w: inlet_vx=9.979e-01  inlet_vy=1.003e+00  inlet_vz=1.009e+00  inlet_T=9.891e-01  outlet_p=9.891e-01
      w: wall_vx=1.009e+00   wall_vy=9.891e-01   wall_vz=9.891e-01   wall_T=9.891e-01   wall_dp_dn=9.891e-01
SUP   vx=0.000e+00  vy=0.000e+00  vz=0.000e+00  p=0.000e+00  T=0.000e+00  | total=0.000e+00
      w: vx=9.891e-01  vy=9.891e-01  vz=9.891e-01  p=9.891e-01  T=9.891e-01
MSE   vx=8.270e+02  vy=8.513e-03  vz=4.758e-03  p=2.057e-06  T=2.285e-02  | total=8.270e+02




[  110/10000]
PDE   div=4.370e-01  mom_x=5.292e-02  mom_y=8.482e-03  mom_z=3.982e-02  heat=1.614e-08  | total=5.382e-01
      w: div=9.893e-01  mom_x=9.890e-01  mom_y=9.890e-01  mom_z=9.898e-01  heat=9.890e-01
BC    inlet_vx=1.458e+00  inlet_vy=8.413e-01  inlet_vz=9.921e-01  inlet_T=4.955e-02  outlet_p=6.106e-02
      wall_vx=6.383e-01   wall_vy=6.389e-02   wall_vz=6.043e-04   wall_T=1.994e-02   wall_dp_dn=5.034e-03  | total=4.130e+00
      w: inlet_vx=9.979e-01  inlet_vy=1.003e+00  inlet_vz=1.009e+00  inlet_T=9.890e-01  outlet_p=9.890e-01
      w: wall_vx=1.009e+00   wall_vy=9.890e-01   wall_vz=9.890e-01   wall_T=9.890e-01   wall_dp_dn=9.890e-01
SUP   vx=0.000e+00  vy=0.000e+00  vz=0.000e+00  p=0.000e+00  T=0.000e+00  | total=0.000e+00
      w: vx=9.890e-01  vy=9.890e-01  vz=9.890e-01  p=9.890e-01  T=9.890e-01
MSE   vx=8.357e+02  vy=8.517e-03  vz=4.761e-03  p=2.056e-06  T=2.257e-02  | total=8.357e+02




[  111/10000]
PDE   div=4.381e-01  mom_x=5.266e-02  mom_y=8.329e-03  mom_z=4.269e-02  heat=1.535e-08  | total=5.418e-01
      w: div=9.892e-01  mom_x=9.889e-01  mom_y=9.889e-01  mom_z=9.897e-01  heat=9.889e-01
BC    inlet_vx=1.464e+00  inlet_vy=8.405e-01  inlet_vz=9.916e-01  inlet_T=4.905e-02  outlet_p=5.920e-02
      wall_vx=6.613e-01   wall_vy=6.378e-02   wall_vz=6.849e-04   wall_T=2.221e-02   wall_dp_dn=5.664e-03  | total=4.158e+00
      w: inlet_vx=9.979e-01  inlet_vy=1.003e+00  inlet_vz=1.010e+00  inlet_T=9.889e-01  outlet_p=9.889e-01
      w: wall_vx=1.009e+00   wall_vy=9.889e-01   wall_vz=9.889e-01   wall_T=9.889e-01   wall_dp_dn=9.889e-01
SUP   vx=0.000e+00  vy=0.000e+00  vz=0.000e+00  p=0.000e+00  T=0.000e+00  | total=0.000e+00
      w: vx=9.889e-01  vy=9.889e-01  vz=9.889e-01  p=9.889e-01  T=9.889e-01
MSE   vx=8.443e+02  vy=8.522e-03  vz=4.764e-03  p=2.056e-06  T=2.225e-02  | total=8.443e+02




[  112/10000]
PDE   div=4.410e-01  mom_x=5.232e-02  mom_y=8.380e-03  mom_z=4.553e-02  heat=1.498e-08  | total=5.473e-01
      w: div=9.891e-01  mom_x=9.888e-01  mom_y=9.888e-01  mom_z=9.896e-01  heat=9.888e-01
BC    inlet_vx=1.470e+00  inlet_vy=8.397e-01  inlet_vz=9.911e-01  inlet_T=4.846e-02  outlet_p=5.949e-02
      wall_vx=6.915e-01   wall_vy=6.719e-02   wall_vz=6.321e-04   wall_T=2.061e-02   wall_dp_dn=5.689e-03  | total=4.194e+00
      w: inlet_vx=9.979e-01  inlet_vy=1.003e+00  inlet_vz=1.010e+00  inlet_T=9.888e-01  outlet_p=9.888e-01
      w: wall_vx=1.010e+00   wall_vy=9.888e-01   wall_vz=9.888e-01   wall_T=9.888e-01   wall_dp_dn=9.888e-01
SUP   vx=0.000e+00  vy=0.000e+00  vz=0.000e+00  p=0.000e+00  T=0.000e+00  | total=0.000e+00
      w: vx=9.888e-01  vy=9.888e-01  vz=9.888e-01  p=9.888e-01  T=9.888e-01
MSE   vx=8.528e+02  vy=8.527e-03  vz=4.767e-03  p=2.056e-06  T=2.189e-02  | total=8.528e+02




[  113/10000]
PDE   div=4.486e-01  mom_x=5.432e-02  mom_y=8.081e-03  mom_z=4.843e-02  heat=1.557e-08  | total=5.594e-01
      w: div=9.890e-01  mom_x=9.887e-01  mom_y=9.887e-01  mom_z=9.895e-01  heat=9.887e-01
BC    inlet_vx=1.475e+00  inlet_vy=8.389e-01  inlet_vz=9.907e-01  inlet_T=4.777e-02  outlet_p=5.897e-02
      wall_vx=6.416e-01   wall_vy=6.620e-02   wall_vz=6.551e-04   wall_T=1.966e-02   wall_dp_dn=6.156e-03  | total=4.146e+00
      w: inlet_vx=9.979e-01  inlet_vy=1.003e+00  inlet_vz=1.010e+00  inlet_T=9.887e-01  outlet_p=9.887e-01
      w: wall_vx=1.010e+00   wall_vy=9.887e-01   wall_vz=9.887e-01   wall_T=9.887e-01   wall_dp_dn=9.887e-01
SUP   vx=0.000e+00  vy=0.000e+00  vz=0.000e+00  p=0.000e+00  T=0.000e+00  | total=0.000e+00
      w: vx=9.887e-01  vy=9.887e-01  vz=9.887e-01  p=9.887e-01  T=9.887e-01
MSE   vx=8.612e+02  vy=8.533e-03  vz=4.770e-03  p=2.056e-06  T=2.149e-02  | total=8.613e+02




[  114/10000]
PDE   div=4.589e-01  mom_x=5.377e-02  mom_y=7.929e-03  mom_z=5.096e-02  heat=1.475e-08  | total=5.716e-01
      w: div=9.889e-01  mom_x=9.886e-01  mom_y=9.886e-01  mom_z=9.894e-01  heat=9.886e-01
BC    inlet_vx=1.479e+00  inlet_vy=8.382e-01  inlet_vz=9.902e-01  inlet_T=4.701e-02  outlet_p=5.964e-02
      wall_vx=6.535e-01   wall_vy=6.799e-02   wall_vz=6.944e-04   wall_T=1.993e-02   wall_dp_dn=6.472e-03  | total=4.163e+00
      w: inlet_vx=9.980e-01  inlet_vy=1.003e+00  inlet_vz=1.010e+00  inlet_T=9.886e-01  outlet_p=9.886e-01
      w: wall_vx=1.010e+00   wall_vy=9.886e-01   wall_vz=9.886e-01   wall_T=9.886e-01   wall_dp_dn=9.886e-01
SUP   vx=0.000e+00  vy=0.000e+00  vz=0.000e+00  p=0.000e+00  T=0.000e+00  | total=0.000e+00
      w: vx=9.886e-01  vy=9.886e-01  vz=9.886e-01  p=9.886e-01  T=9.886e-01
MSE   vx=8.696e+02  vy=8.539e-03  vz=4.773e-03  p=2.056e-06  T=2.105e-02  | total=8.696e+02




[  115/10000]
PDE   div=4.653e-01  mom_x=5.280e-02  mom_y=7.556e-03  mom_z=5.297e-02  heat=1.364e-08  | total=5.786e-01
      w: div=9.888e-01  mom_x=9.885e-01  mom_y=9.885e-01  mom_z=9.893e-01  heat=9.885e-01
BC    inlet_vx=1.483e+00  inlet_vy=8.376e-01  inlet_vz=9.897e-01  inlet_T=4.616e-02  outlet_p=5.974e-02
      wall_vx=6.216e-01   wall_vy=6.678e-02   wall_vz=6.881e-04   wall_T=1.905e-02   wall_dp_dn=6.541e-03  | total=4.131e+00
      w: inlet_vx=9.980e-01  inlet_vy=1.003e+00  inlet_vz=1.010e+00  inlet_T=9.885e-01  outlet_p=9.885e-01
      w: wall_vx=1.010e+00   wall_vy=9.885e-01   wall_vz=9.885e-01   wall_T=9.885e-01   wall_dp_dn=9.885e-01
SUP   vx=0.000e+00  vy=0.000e+00  vz=0.000e+00  p=0.000e+00  T=0.000e+00  | total=0.000e+00
      w: vx=9.885e-01  vy=9.885e-01  vz=9.885e-01  p=9.885e-01  T=9.885e-01
MSE   vx=8.778e+02  vy=8.546e-03  vz=4.776e-03  p=2.057e-06  T=2.059e-02  | total=8.778e+02




[  116/10000]
PDE   div=4.698e-01  mom_x=5.394e-02  mom_y=7.530e-03  mom_z=5.440e-02  heat=1.367e-08  | total=5.857e-01
      w: div=9.887e-01  mom_x=9.884e-01  mom_y=9.884e-01  mom_z=9.892e-01  heat=9.884e-01
BC    inlet_vx=1.486e+00  inlet_vy=8.370e-01  inlet_vz=9.892e-01  inlet_T=4.525e-02  outlet_p=5.842e-02
      wall_vx=6.100e-01   wall_vy=6.942e-02   wall_vz=6.724e-04   wall_T=1.758e-02   wall_dp_dn=6.835e-03  | total=4.120e+00
      w: inlet_vx=9.980e-01  inlet_vy=1.003e+00  inlet_vz=1.010e+00  inlet_T=9.884e-01  outlet_p=9.884e-01
      w: wall_vx=1.010e+00   wall_vy=9.884e-01   wall_vz=9.884e-01   wall_T=9.884e-01   wall_dp_dn=9.884e-01
SUP   vx=0.000e+00  vy=0.000e+00  vz=0.000e+00  p=0.000e+00  T=0.000e+00  | total=0.000e+00
      w: vx=9.884e-01  vy=9.884e-01  vz=9.884e-01  p=9.884e-01  T=9.884e-01
MSE   vx=8.858e+02  vy=8.554e-03  vz=4.780e-03  p=2.057e-06  T=2.009e-02  | total=8.859e+02




[  117/10000]
PDE   div=4.764e-01  mom_x=5.327e-02  mom_y=7.366e-03  mom_z=5.542e-02  heat=1.313e-08  | total=5.924e-01
      w: div=9.886e-01  mom_x=9.883e-01  mom_y=9.883e-01  mom_z=9.891e-01  heat=9.883e-01
BC    inlet_vx=1.488e+00  inlet_vy=8.364e-01  inlet_vz=9.887e-01  inlet_T=4.427e-02  outlet_p=5.832e-02
      wall_vx=5.872e-01   wall_vy=6.639e-02   wall_vz=7.430e-04   wall_T=1.790e-02   wall_dp_dn=7.070e-03  | total=4.095e+00
      w: inlet_vx=9.981e-01  inlet_vy=1.003e+00  inlet_vz=1.010e+00  inlet_T=9.883e-01  outlet_p=9.883e-01
      w: wall_vx=1.010e+00   wall_vy=9.883e-01   wall_vz=9.883e-01   wall_T=9.883e-01   wall_dp_dn=9.883e-01
SUP   vx=0.000e+00  vy=0.000e+00  vz=0.000e+00  p=0.000e+00  T=0.000e+00  | total=0.000e+00
      w: vx=9.883e-01  vy=9.883e-01  vz=9.883e-01  p=9.883e-01  T=9.883e-01
MSE   vx=8.938e+02  vy=8.562e-03  vz=4.783e-03  p=2.059e-06  T=1.957e-02  | total=8.938e+02




[  118/10000]
PDE   div=4.879e-01  mom_x=5.494e-02  mom_y=7.186e-03  mom_z=5.567e-02  heat=1.291e-08  | total=6.057e-01
      w: div=9.885e-01  mom_x=9.882e-01  mom_y=9.882e-01  mom_z=9.890e-01  heat=9.882e-01
BC    inlet_vx=1.489e+00  inlet_vy=8.359e-01  inlet_vz=9.883e-01  inlet_T=4.324e-02  outlet_p=5.902e-02
      wall_vx=5.926e-01   wall_vy=7.000e-02   wall_vz=7.592e-04   wall_T=1.747e-02   wall_dp_dn=7.074e-03  | total=4.103e+00
      w: inlet_vx=9.981e-01  inlet_vy=1.003e+00  inlet_vz=1.010e+00  inlet_T=9.882e-01  outlet_p=9.882e-01
      w: wall_vx=1.010e+00   wall_vy=9.882e-01   wall_vz=9.882e-01   wall_T=9.882e-01   wall_dp_dn=9.882e-01
SUP   vx=0.000e+00  vy=0.000e+00  vz=0.000e+00  p=0.000e+00  T=0.000e+00  | total=0.000e+00
      w: vx=9.882e-01  vy=9.882e-01  vz=9.882e-01  p=9.882e-01  T=9.882e-01
MSE   vx=9.015e+02  vy=8.571e-03  vz=4.786e-03  p=2.060e-06  T=1.903e-02  | total=9.016e+02




[  119/10000]
PDE   div=4.939e-01  mom_x=5.517e-02  mom_y=6.916e-03  mom_z=5.637e-02  heat=1.235e-08  | total=6.123e-01
      w: div=9.884e-01  mom_x=9.881e-01  mom_y=9.881e-01  mom_z=9.889e-01  heat=9.881e-01
BC    inlet_vx=1.489e+00  inlet_vy=8.354e-01  inlet_vz=9.878e-01  inlet_T=4.215e-02  outlet_p=5.852e-02
      wall_vx=6.303e-01   wall_vy=7.080e-02   wall_vz=7.549e-04   wall_T=1.739e-02   wall_dp_dn=7.109e-03  | total=4.140e+00
      w: inlet_vx=9.981e-01  inlet_vy=1.003e+00  inlet_vz=1.010e+00  inlet_T=9.881e-01  outlet_p=9.881e-01
      w: wall_vx=1.010e+00   wall_vy=9.881e-01   wall_vz=9.881e-01   wall_T=9.881e-01   wall_dp_dn=9.881e-01
SUP   vx=0.000e+00  vy=0.000e+00  vz=0.000e+00  p=0.000e+00  T=0.000e+00  | total=0.000e+00
      w: vx=9.881e-01  vy=9.881e-01  vz=9.881e-01  p=9.881e-01  T=9.881e-01
MSE   vx=9.091e+02  vy=8.580e-03  vz=4.790e-03  p=2.061e-06  T=1.846e-02  | total=9.092e+02




[  120/10000]
PDE   div=5.021e-01  mom_x=5.643e-02  mom_y=6.620e-03  mom_z=5.638e-02  heat=1.242e-08  | total=6.216e-01
      w: div=9.883e-01  mom_x=9.880e-01  mom_y=9.880e-01  mom_z=9.888e-01  heat=9.880e-01
BC    inlet_vx=1.489e+00  inlet_vy=8.350e-01  inlet_vz=9.873e-01  inlet_T=4.101e-02  outlet_p=5.846e-02
      wall_vx=5.853e-01   wall_vy=6.787e-02   wall_vz=7.798e-04   wall_T=1.667e-02   wall_dp_dn=6.898e-03  | total=4.088e+00
      w: inlet_vx=9.982e-01  inlet_vy=1.003e+00  inlet_vz=1.010e+00  inlet_T=9.880e-01  outlet_p=9.880e-01
      w: wall_vx=1.010e+00   wall_vy=9.880e-01   wall_vz=9.880e-01   wall_T=9.880e-01   wall_dp_dn=9.880e-01
SUP   vx=0.000e+00  vy=0.000e+00  vz=0.000e+00  p=0.000e+00  T=0.000e+00  | total=0.000e+00
      w: vx=9.880e-01  vy=9.880e-01  vz=9.880e-01  p=9.880e-01  T=9.880e-01
MSE   vx=9.166e+02  vy=8.589e-03  vz=4.793e-03  p=2.063e-06  T=1.787e-02  | total=9.166e+02




[  121/10000]
PDE   div=5.081e-01  mom_x=5.585e-02  mom_y=6.477e-03  mom_z=5.469e-02  heat=1.155e-08  | total=6.251e-01
      w: div=9.882e-01  mom_x=9.879e-01  mom_y=9.879e-01  mom_z=9.887e-01  heat=9.879e-01
BC    inlet_vx=1.488e+00  inlet_vy=8.346e-01  inlet_vz=9.868e-01  inlet_T=3.983e-02  outlet_p=5.725e-02
      wall_vx=5.864e-01   wall_vy=6.832e-02   wall_vz=8.377e-04   wall_T=1.633e-02   wall_dp_dn=6.919e-03  | total=4.085e+00
      w: inlet_vx=9.982e-01  inlet_vy=1.003e+00  inlet_vz=1.010e+00  inlet_T=9.879e-01  outlet_p=9.879e-01
      w: wall_vx=1.010e+00   wall_vy=9.879e-01   wall_vz=9.879e-01   wall_T=9.879e-01   wall_dp_dn=9.879e-01
SUP   vx=0.000e+00  vy=0.000e+00  vz=0.000e+00  p=0.000e+00  T=0.000e+00  | total=0.000e+00
      w: vx=9.879e-01  vy=9.879e-01  vz=9.879e-01  p=9.879e-01  T=9.879e-01
MSE   vx=9.238e+02  vy=8.599e-03  vz=4.797e-03  p=2.065e-06  T=1.726e-02  | total=9.238e+02




[  122/10000]
PDE   div=5.185e-01  mom_x=5.855e-02  mom_y=6.223e-03  mom_z=5.409e-02  heat=1.155e-08  | total=6.373e-01
      w: div=9.882e-01  mom_x=9.878e-01  mom_y=9.878e-01  mom_z=9.886e-01  heat=9.878e-01
BC    inlet_vx=1.487e+00  inlet_vy=8.343e-01  inlet_vz=9.863e-01  inlet_T=3.861e-02  outlet_p=5.816e-02
      wall_vx=6.111e-01   wall_vy=7.053e-02   wall_vz=8.442e-04   wall_T=1.601e-02   wall_dp_dn=6.787e-03  | total=4.109e+00
      w: inlet_vx=9.982e-01  inlet_vy=1.003e+00  inlet_vz=1.010e+00  inlet_T=9.878e-01  outlet_p=9.878e-01
      w: wall_vx=1.010e+00   wall_vy=9.878e-01   wall_vz=9.878e-01   wall_T=9.878e-01   wall_dp_dn=9.878e-01
SUP   vx=0.000e+00  vy=0.000e+00  vz=0.000e+00  p=0.000e+00  T=0.000e+00  | total=0.000e+00
      w: vx=9.878e-01  vy=9.878e-01  vz=9.878e-01  p=9.878e-01  T=9.878e-01
MSE   vx=9.307e+02  vy=8.608e-03  vz=4.801e-03  p=2.067e-06  T=1.663e-02  | total=9.308e+02




[  123/10000]
PDE   div=5.201e-01  mom_x=5.601e-02  mom_y=6.006e-03  mom_z=5.390e-02  heat=1.040e-08  | total=6.360e-01
      w: div=9.881e-01  mom_x=9.877e-01  mom_y=9.877e-01  mom_z=9.885e-01  heat=9.877e-01
BC    inlet_vx=1.485e+00  inlet_vy=8.340e-01  inlet_vz=9.858e-01  inlet_T=3.734e-02  outlet_p=5.741e-02
      wall_vx=6.232e-01   wall_vy=7.143e-02   wall_vz=8.571e-04   wall_T=1.518e-02   wall_dp_dn=6.423e-03  | total=4.116e+00
      w: inlet_vx=9.983e-01  inlet_vy=1.003e+00  inlet_vz=1.010e+00  inlet_T=9.877e-01  outlet_p=9.877e-01
      w: wall_vx=1.010e+00   wall_vy=9.877e-01   wall_vz=9.877e-01   wall_T=9.877e-01   wall_dp_dn=9.877e-01
SUP   vx=0.000e+00  vy=0.000e+00  vz=0.000e+00  p=0.000e+00  T=0.000e+00  | total=0.000e+00
      w: vx=9.877e-01  vy=9.877e-01  vz=9.877e-01  p=9.877e-01  T=9.877e-01
MSE   vx=9.375e+02  vy=8.618e-03  vz=4.804e-03  p=2.070e-06  T=1.599e-02  | total=9.375e+02




[  124/10000]
PDE   div=5.286e-01  mom_x=5.741e-02  mom_y=5.780e-03  mom_z=5.261e-02  heat=1.048e-08  | total=6.444e-01
      w: div=9.880e-01  mom_x=9.876e-01  mom_y=9.876e-01  mom_z=9.884e-01  heat=9.876e-01
BC    inlet_vx=1.482e+00  inlet_vy=8.337e-01  inlet_vz=9.853e-01  inlet_T=3.605e-02  outlet_p=5.658e-02
      wall_vx=5.687e-01   wall_vy=7.312e-02   wall_vz=8.710e-04   wall_T=1.434e-02   wall_dp_dn=6.393e-03  | total=4.057e+00
      w: inlet_vx=9.983e-01  inlet_vy=1.002e+00  inlet_vz=1.010e+00  inlet_T=9.876e-01  outlet_p=9.876e-01
      w: wall_vx=1.010e+00   wall_vy=9.876e-01   wall_vz=9.876e-01   wall_T=9.876e-01   wall_dp_dn=9.876e-01
SUP   vx=0.000e+00  vy=0.000e+00  vz=0.000e+00  p=0.000e+00  T=0.000e+00  | total=0.000e+00
      w: vx=9.876e-01  vy=9.876e-01  vz=9.876e-01  p=9.876e-01  T=9.876e-01
MSE   vx=9.440e+02  vy=8.628e-03  vz=4.808e-03  p=2.072e-06  T=1.534e-02  | total=9.440e+02




[  125/10000]
PDE   div=5.348e-01  mom_x=5.740e-02  mom_y=5.518e-03  mom_z=5.115e-02  heat=9.794e-09  | total=6.489e-01
      w: div=9.879e-01  mom_x=9.875e-01  mom_y=9.875e-01  mom_z=9.883e-01  heat=9.875e-01
BC    inlet_vx=1.479e+00  inlet_vy=8.335e-01  inlet_vz=9.848e-01  inlet_T=3.473e-02  outlet_p=5.699e-02
      wall_vx=6.030e-01   wall_vy=7.247e-02   wall_vz=9.023e-04   wall_T=1.471e-02   wall_dp_dn=6.105e-03  | total=4.086e+00
      w: inlet_vx=9.984e-01  inlet_vy=1.002e+00  inlet_vz=1.010e+00  inlet_T=9.875e-01  outlet_p=9.875e-01
      w: wall_vx=1.010e+00   wall_vy=9.875e-01   wall_vz=9.875e-01   wall_T=9.875e-01   wall_dp_dn=9.875e-01
SUP   vx=0.000e+00  vy=0.000e+00  vz=0.000e+00  p=0.000e+00  T=0.000e+00  | total=0.000e+00
      w: vx=9.875e-01  vy=9.875e-01  vz=9.875e-01  p=9.875e-01  T=9.875e-01
MSE   vx=9.503e+02  vy=8.639e-03  vz=4.812e-03  p=2.075e-06  T=1.469e-02  | total=9.503e+02




[  126/10000]
PDE   div=5.431e-01  mom_x=5.800e-02  mom_y=5.475e-03  mom_z=4.805e-02  heat=9.477e-09  | total=6.547e-01
      w: div=9.878e-01  mom_x=9.874e-01  mom_y=9.874e-01  mom_z=9.882e-01  heat=9.874e-01
BC    inlet_vx=1.475e+00  inlet_vy=8.333e-01  inlet_vz=9.843e-01  inlet_T=3.339e-02  outlet_p=5.616e-02
      wall_vx=5.885e-01   wall_vy=6.998e-02   wall_vz=8.811e-04   wall_T=1.297e-02   wall_dp_dn=5.965e-03  | total=4.060e+00
      w: inlet_vx=9.984e-01  inlet_vy=1.002e+00  inlet_vz=1.010e+00  inlet_T=9.874e-01  outlet_p=9.874e-01
      w: wall_vx=1.010e+00   wall_vy=9.874e-01   wall_vz=9.874e-01   wall_T=9.874e-01   wall_dp_dn=9.874e-01
SUP   vx=0.000e+00  vy=0.000e+00  vz=0.000e+00  p=0.000e+00  T=0.000e+00  | total=0.000e+00
      w: vx=9.874e-01  vy=9.874e-01  vz=9.874e-01  p=9.874e-01  T=9.874e-01
MSE   vx=9.563e+02  vy=8.649e-03  vz=4.816e-03  p=2.078e-06  T=1.403e-02  | total=9.563e+02




[  127/10000]
PDE   div=5.501e-01  mom_x=5.740e-02  mom_y=5.112e-03  mom_z=4.640e-02  heat=8.469e-09  | total=6.590e-01
      w: div=9.877e-01  mom_x=9.873e-01  mom_y=9.873e-01  mom_z=9.881e-01  heat=9.873e-01
BC    inlet_vx=1.471e+00  inlet_vy=8.331e-01  inlet_vz=9.838e-01  inlet_T=3.204e-02  outlet_p=5.689e-02
      wall_vx=5.690e-01   wall_vy=7.012e-02   wall_vz=9.336e-04   wall_T=1.259e-02   wall_dp_dn=5.684e-03  | total=4.035e+00
      w: inlet_vx=9.985e-01  inlet_vy=1.002e+00  inlet_vz=1.010e+00  inlet_T=9.873e-01  outlet_p=9.873e-01
      w: wall_vx=1.010e+00   wall_vy=9.873e-01   wall_vz=9.873e-01   wall_T=9.873e-01   wall_dp_dn=9.873e-01
SUP   vx=0.000e+00  vy=0.000e+00  vz=0.000e+00  p=0.000e+00  T=0.000e+00  | total=0.000e+00
      w: vx=9.873e-01  vy=9.873e-01  vz=9.873e-01  p=9.873e-01  T=9.873e-01
MSE   vx=9.620e+02  vy=8.659e-03  vz=4.820e-03  p=2.081e-06  T=1.336e-02  | total=9.620e+02




[  128/10000]
PDE   div=5.530e-01  mom_x=5.646e-02  mom_y=4.931e-03  mom_z=4.398e-02  heat=7.944e-09  | total=6.584e-01
      w: div=9.876e-01  mom_x=9.872e-01  mom_y=9.872e-01  mom_z=9.880e-01  heat=9.872e-01
BC    inlet_vx=1.466e+00  inlet_vy=8.330e-01  inlet_vz=9.833e-01  inlet_T=3.069e-02  outlet_p=5.704e-02
      wall_vx=6.055e-01   wall_vy=7.201e-02   wall_vz=9.278e-04   wall_T=1.222e-02   wall_dp_dn=5.162e-03  | total=4.066e+00
      w: inlet_vx=9.985e-01  inlet_vy=1.002e+00  inlet_vz=1.010e+00  inlet_T=9.872e-01  outlet_p=9.872e-01
      w: wall_vx=1.010e+00   wall_vy=9.872e-01   wall_vz=9.872e-01   wall_T=9.872e-01   wall_dp_dn=9.872e-01
SUP   vx=0.000e+00  vy=0.000e+00  vz=0.000e+00  p=0.000e+00  T=0.000e+00  | total=0.000e+00
      w: vx=9.872e-01  vy=9.872e-01  vz=9.872e-01  p=9.872e-01  T=9.872e-01
MSE   vx=9.675e+02  vy=8.670e-03  vz=4.824e-03  p=2.085e-06  T=1.270e-02  | total=9.675e+02




[  129/10000]
PDE   div=5.628e-01  mom_x=5.996e-02  mom_y=4.733e-03  mom_z=4.136e-02  heat=8.065e-09  | total=6.688e-01
      w: div=9.875e-01  mom_x=9.871e-01  mom_y=9.871e-01  mom_z=9.879e-01  heat=9.871e-01
BC    inlet_vx=1.461e+00  inlet_vy=8.329e-01  inlet_vz=9.828e-01  inlet_T=2.933e-02  outlet_p=5.658e-02
      wall_vx=6.089e-01   wall_vy=7.357e-02   wall_vz=9.397e-04   wall_T=1.182e-02   wall_dp_dn=4.862e-03  | total=4.062e+00
      w: inlet_vx=9.986e-01  inlet_vy=1.002e+00  inlet_vz=1.010e+00  inlet_T=9.871e-01  outlet_p=9.871e-01
      w: wall_vx=1.010e+00   wall_vy=9.871e-01   wall_vz=9.871e-01   wall_T=9.871e-01   wall_dp_dn=9.871e-01
SUP   vx=0.000e+00  vy=0.000e+00  vz=0.000e+00  p=0.000e+00  T=0.000e+00  | total=0.000e+00
      w: vx=9.871e-01  vy=9.871e-01  vz=9.871e-01  p=9.871e-01  T=9.871e-01
MSE   vx=9.726e+02  vy=8.680e-03  vz=4.828e-03  p=2.088e-06  T=1.204e-02  | total=9.727e+02




[  130/10000]
PDE   div=5.752e-01  mom_x=5.926e-02  mom_y=4.431e-03  mom_z=3.885e-02  heat=7.376e-09  | total=6.777e-01
      w: div=9.874e-01  mom_x=9.870e-01  mom_y=9.870e-01  mom_z=9.878e-01  heat=9.870e-01
BC    inlet_vx=1.455e+00  inlet_vy=8.328e-01  inlet_vz=9.823e-01  inlet_T=2.796e-02  outlet_p=5.621e-02
      wall_vx=6.031e-01   wall_vy=7.210e-02   wall_vz=9.780e-04   wall_T=1.102e-02   wall_dp_dn=4.640e-03  | total=4.046e+00
      w: inlet_vx=9.986e-01  inlet_vy=1.002e+00  inlet_vz=1.010e+00  inlet_T=9.870e-01  outlet_p=9.870e-01
      w: wall_vx=1.010e+00   wall_vy=9.870e-01   wall_vz=9.870e-01   wall_T=9.870e-01   wall_dp_dn=9.870e-01
SUP   vx=0.000e+00  vy=0.000e+00  vz=0.000e+00  p=0.000e+00  T=0.000e+00  | total=0.000e+00
      w: vx=9.870e-01  vy=9.870e-01  vz=9.870e-01  p=9.870e-01  T=9.870e-01
MSE   vx=9.775e+02  vy=8.690e-03  vz=4.832e-03  p=2.092e-06  T=1.138e-02  | total=9.776e+02




[  131/10000]
PDE   div=5.862e-01  mom_x=6.240e-02  mom_y=4.249e-03  mom_z=3.505e-02  heat=7.322e-09  | total=6.879e-01
      w: div=9.873e-01  mom_x=9.869e-01  mom_y=9.869e-01  mom_z=9.877e-01  heat=9.869e-01
BC    inlet_vx=1.449e+00  inlet_vy=8.328e-01  inlet_vz=9.818e-01  inlet_T=2.660e-02  outlet_p=5.565e-02
      wall_vx=5.982e-01   wall_vy=7.231e-02   wall_vz=1.017e-03   wall_T=1.060e-02   wall_dp_dn=4.530e-03  | total=4.033e+00
      w: inlet_vx=9.987e-01  inlet_vy=1.002e+00  inlet_vz=1.010e+00  inlet_T=9.869e-01  outlet_p=9.869e-01
      w: wall_vx=1.010e+00   wall_vy=9.869e-01   wall_vz=9.869e-01   wall_T=9.869e-01   wall_dp_dn=9.869e-01
SUP   vx=0.000e+00  vy=0.000e+00  vz=0.000e+00  p=0.000e+00  T=0.000e+00  | total=0.000e+00
      w: vx=9.869e-01  vy=9.869e-01  vz=9.869e-01  p=9.869e-01  T=9.869e-01
MSE   vx=9.821e+02  vy=8.700e-03  vz=4.836e-03  p=2.096e-06  T=1.073e-02  | total=9.821e+02




[  132/10000]
PDE   div=5.911e-01  mom_x=6.247e-02  mom_y=3.941e-03  mom_z=3.337e-02  heat=6.837e-09  | total=6.908e-01
      w: div=9.872e-01  mom_x=9.868e-01  mom_y=9.868e-01  mom_z=9.876e-01  heat=9.868e-01
BC    inlet_vx=1.443e+00  inlet_vy=8.328e-01  inlet_vz=9.813e-01  inlet_T=2.525e-02  outlet_p=5.570e-02
      wall_vx=6.191e-01   wall_vy=7.406e-02   wall_vz=1.057e-03   wall_T=1.025e-02   wall_dp_dn=4.004e-03  | total=4.047e+00
      w: inlet_vx=9.987e-01  inlet_vy=1.002e+00  inlet_vz=1.010e+00  inlet_T=9.868e-01  outlet_p=9.868e-01
      w: wall_vx=1.010e+00   wall_vy=9.868e-01   wall_vz=9.868e-01   wall_T=9.867e-01   wall_dp_dn=9.868e-01
SUP   vx=0.000e+00  vy=0.000e+00  vz=0.000e+00  p=0.000e+00  T=0.000e+00  | total=0.000e+00
      w: vx=9.868e-01  vy=9.868e-01  vz=9.868e-01  p=9.868e-01  T=9.868e-01
MSE   vx=9.864e+02  vy=8.711e-03  vz=4.840e-03  p=2.100e-06  T=1.008e-02  | total=9.864e+02




[  133/10000]
PDE   div=5.923e-01  mom_x=6.173e-02  mom_y=3.762e-03  mom_z=3.092e-02  heat=6.400e-09  | total=6.887e-01
      w: div=9.872e-01  mom_x=9.867e-01  mom_y=9.867e-01  mom_z=9.875e-01  heat=9.867e-01
BC    inlet_vx=1.437e+00  inlet_vy=8.329e-01  inlet_vz=9.809e-01  inlet_T=2.391e-02  outlet_p=5.586e-02
      wall_vx=5.815e-01   wall_vy=7.231e-02   wall_vz=1.062e-03   wall_T=9.402e-03   wall_dp_dn=3.795e-03  | total=3.999e+00
      w: inlet_vx=9.988e-01  inlet_vy=1.002e+00  inlet_vz=1.010e+00  inlet_T=9.867e-01  outlet_p=9.867e-01
      w: wall_vx=1.010e+00   wall_vy=9.867e-01   wall_vz=9.867e-01   wall_T=9.866e-01   wall_dp_dn=9.867e-01
SUP   vx=0.000e+00  vy=0.000e+00  vz=0.000e+00  p=0.000e+00  T=0.000e+00  | total=0.000e+00
      w: vx=9.867e-01  vy=9.867e-01  vz=9.867e-01  p=9.867e-01  T=9.867e-01
MSE   vx=9.904e+02  vy=8.721e-03  vz=4.844e-03  p=2.105e-06  T=9.454e-03  | total=9.904e+02




[  134/10000]
PDE   div=6.016e-01  mom_x=6.296e-02  mom_y=3.668e-03  mom_z=2.800e-02  heat=6.132e-09  | total=6.962e-01
      w: div=9.871e-01  mom_x=9.866e-01  mom_y=9.866e-01  mom_z=9.874e-01  heat=9.866e-01
BC    inlet_vx=1.430e+00  inlet_vy=8.329e-01  inlet_vz=9.804e-01  inlet_T=2.259e-02  outlet_p=5.523e-02
      wall_vx=6.397e-01   wall_vy=6.896e-02   wall_vz=1.053e-03   wall_T=8.820e-03   wall_dp_dn=3.321e-03  | total=4.043e+00
      w: inlet_vx=9.988e-01  inlet_vy=1.002e+00  inlet_vz=1.011e+00  inlet_T=9.866e-01  outlet_p=9.866e-01
      w: wall_vx=1.010e+00   wall_vy=9.866e-01   wall_vz=9.866e-01   wall_T=9.865e-01   wall_dp_dn=9.866e-01
SUP   vx=0.000e+00  vy=0.000e+00  vz=0.000e+00  p=0.000e+00  T=0.000e+00  | total=0.000e+00
      w: vx=9.866e-01  vy=9.866e-01  vz=9.866e-01  p=9.866e-01  T=9.866e-01
MSE   vx=9.940e+02  vy=8.730e-03  vz=4.848e-03  p=2.109e-06  T=8.837e-03  | total=9.940e+02




[  135/10000]
PDE   div=6.173e-01  mom_x=6.568e-02  mom_y=3.308e-03  mom_z=2.479e-02  heat=5.766e-09  | total=7.110e-01
      w: div=9.870e-01  mom_x=9.865e-01  mom_y=9.865e-01  mom_z=9.873e-01  heat=9.865e-01
BC    inlet_vx=1.424e+00  inlet_vy=8.330e-01  inlet_vz=9.799e-01  inlet_T=2.129e-02  outlet_p=5.516e-02
      wall_vx=6.021e-01   wall_vy=6.796e-02   wall_vz=1.068e-03   wall_T=7.837e-03   wall_dp_dn=3.148e-03  | total=3.995e+00
      w: inlet_vx=9.989e-01  inlet_vy=1.002e+00  inlet_vz=1.011e+00  inlet_T=9.865e-01  outlet_p=9.865e-01
      w: wall_vx=1.010e+00   wall_vy=9.865e-01   wall_vz=9.865e-01   wall_T=9.864e-01   wall_dp_dn=9.865e-01
SUP   vx=0.000e+00  vy=0.000e+00  vz=0.000e+00  p=0.000e+00  T=0.000e+00  | total=0.000e+00
      w: vx=9.865e-01  vy=9.865e-01  vz=9.865e-01  p=9.865e-01  T=9.865e-01
MSE   vx=9.973e+02  vy=8.740e-03  vz=4.852e-03  p=2.114e-06  T=8.236e-03  | total=9.974e+02




[  136/10000]
PDE   div=6.118e-01  mom_x=6.341e-02  mom_y=3.163e-03  mom_z=2.297e-02  heat=5.078e-09  | total=7.013e-01
      w: div=9.869e-01  mom_x=9.864e-01  mom_y=9.864e-01  mom_z=9.871e-01  heat=9.864e-01
BC    inlet_vx=1.417e+00  inlet_vy=8.332e-01  inlet_vz=9.794e-01  inlet_T=2.002e-02  outlet_p=5.511e-02
      wall_vx=5.858e-01   wall_vy=6.895e-02   wall_vz=1.129e-03   wall_T=7.533e-03   wall_dp_dn=2.885e-03  | total=3.971e+00
      w: inlet_vx=9.989e-01  inlet_vy=1.002e+00  inlet_vz=1.011e+00  inlet_T=9.864e-01  outlet_p=9.864e-01
      w: wall_vx=1.010e+00   wall_vy=9.864e-01   wall_vz=9.864e-01   wall_T=9.863e-01   wall_dp_dn=9.864e-01
SUP   vx=0.000e+00  vy=0.000e+00  vz=0.000e+00  p=0.000e+00  T=0.000e+00  | total=0.000e+00
      w: vx=9.864e-01  vy=9.864e-01  vz=9.864e-01  p=9.864e-01  T=9.864e-01
MSE   vx=1.000e+03  vy=8.749e-03  vz=4.856e-03  p=2.118e-06  T=7.654e-03  | total=1.000e+03




[  137/10000]
PDE   div=6.163e-01  mom_x=6.317e-02  mom_y=2.930e-03  mom_z=2.128e-02  heat=4.930e-09  | total=7.037e-01
      w: div=9.868e-01  mom_x=9.863e-01  mom_y=9.863e-01  mom_z=9.870e-01  heat=9.863e-01
BC    inlet_vx=1.410e+00  inlet_vy=8.333e-01  inlet_vz=9.789e-01  inlet_T=1.878e-02  outlet_p=5.531e-02
      wall_vx=6.199e-01   wall_vy=6.954e-02   wall_vz=1.117e-03   wall_T=7.051e-03   wall_dp_dn=2.707e-03  | total=3.997e+00
      w: inlet_vx=9.990e-01  inlet_vy=1.002e+00  inlet_vz=1.011e+00  inlet_T=9.863e-01  outlet_p=9.863e-01
      w: wall_vx=1.010e+00   wall_vy=9.863e-01   wall_vz=9.863e-01   wall_T=9.862e-01   wall_dp_dn=9.863e-01
SUP   vx=0.000e+00  vy=0.000e+00  vz=0.000e+00  p=0.000e+00  T=0.000e+00  | total=0.000e+00
      w: vx=9.863e-01  vy=9.863e-01  vz=9.863e-01  p=9.863e-01  T=9.863e-01
MSE   vx=1.003e+03  vy=8.758e-03  vz=4.860e-03  p=2.123e-06  T=7.092e-03  | total=1.003e+03




[  138/10000]
PDE   div=6.274e-01  mom_x=6.503e-02  mom_y=2.822e-03  mom_z=1.940e-02  heat=4.567e-09  | total=7.147e-01
      w: div=9.867e-01  mom_x=9.862e-01  mom_y=9.862e-01  mom_z=9.869e-01  heat=9.862e-01
BC    inlet_vx=1.403e+00  inlet_vy=8.335e-01  inlet_vz=9.785e-01  inlet_T=1.757e-02  outlet_p=5.447e-02
      wall_vx=6.308e-01   wall_vy=6.567e-02   wall_vz=1.128e-03   wall_T=6.129e-03   wall_dp_dn=2.427e-03  | total=3.993e+00
      w: inlet_vx=9.991e-01  inlet_vy=1.002e+00  inlet_vz=1.011e+00  inlet_T=9.862e-01  outlet_p=9.862e-01
      w: wall_vx=1.010e+00   wall_vy=9.862e-01   wall_vz=9.862e-01   wall_T=9.861e-01   wall_dp_dn=9.862e-01
SUP   vx=0.000e+00  vy=0.000e+00  vz=0.000e+00  p=0.000e+00  T=0.000e+00  | total=0.000e+00
      w: vx=9.862e-01  vy=9.862e-01  vz=9.862e-01  p=9.862e-01  T=9.862e-01
MSE   vx=1.005e+03  vy=8.767e-03  vz=4.865e-03  p=2.128e-06  T=6.552e-03  | total=1.005e+03




[  139/10000]
PDE   div=6.316e-01  mom_x=6.598e-02  mom_y=2.656e-03  mom_z=1.744e-02  heat=4.306e-09  | total=7.176e-01
      w: div=9.866e-01  mom_x=9.861e-01  mom_y=9.861e-01  mom_z=9.868e-01  heat=9.861e-01
BC    inlet_vx=1.396e+00  inlet_vy=8.337e-01  inlet_vz=9.780e-01  inlet_T=1.640e-02  outlet_p=5.527e-02
      wall_vx=5.937e-01   wall_vy=6.968e-02   wall_vz=1.117e-03   wall_T=5.884e-03   wall_dp_dn=2.149e-03  | total=3.952e+00
      w: inlet_vx=9.991e-01  inlet_vy=1.002e+00  inlet_vz=1.011e+00  inlet_T=9.861e-01  outlet_p=9.861e-01
      w: wall_vx=1.010e+00   wall_vy=9.861e-01   wall_vz=9.861e-01   wall_T=9.860e-01   wall_dp_dn=9.861e-01
SUP   vx=0.000e+00  vy=0.000e+00  vz=0.000e+00  p=0.000e+00  T=0.000e+00  | total=0.000e+00
      w: vx=9.861e-01  vy=9.861e-01  vz=9.861e-01  p=9.861e-01  T=9.861e-01
MSE   vx=1.007e+03  vy=8.775e-03  vz=4.869e-03  p=2.133e-06  T=6.036e-03  | total=1.007e+03




[  140/10000]
PDE   div=6.426e-01  mom_x=6.871e-02  mom_y=2.440e-03  mom_z=1.576e-02  heat=3.868e-09  | total=7.295e-01
      w: div=9.865e-01  mom_x=9.860e-01  mom_y=9.860e-01  mom_z=9.867e-01  heat=9.860e-01
BC    inlet_vx=1.389e+00  inlet_vy=8.339e-01  inlet_vz=9.775e-01  inlet_T=1.528e-02  outlet_p=5.452e-02
      wall_vx=6.048e-01   wall_vy=6.853e-02   wall_vz=1.176e-03   wall_T=5.267e-03   wall_dp_dn=2.049e-03  | total=3.952e+00
      w: inlet_vx=9.992e-01  inlet_vy=1.001e+00  inlet_vz=1.011e+00  inlet_T=9.860e-01  outlet_p=9.860e-01
      w: wall_vx=1.011e+00   wall_vy=9.860e-01   wall_vz=9.860e-01   wall_T=9.859e-01   wall_dp_dn=9.860e-01
SUP   vx=0.000e+00  vy=0.000e+00  vz=0.000e+00  p=0.000e+00  T=0.000e+00  | total=0.000e+00
      w: vx=9.860e-01  vy=9.860e-01  vz=9.860e-01  p=9.860e-01  T=9.860e-01
MSE   vx=1.009e+03  vy=8.784e-03  vz=4.873e-03  p=2.138e-06  T=5.545e-03  | total=1.009e+03




[  141/10000]
PDE   div=6.403e-01  mom_x=6.704e-02  mom_y=2.254e-03  mom_z=1.534e-02  heat=3.445e-09  | total=7.249e-01
      w: div=9.864e-01  mom_x=9.859e-01  mom_y=9.859e-01  mom_z=9.866e-01  heat=9.859e-01
BC    inlet_vx=1.382e+00  inlet_vy=8.341e-01  inlet_vz=9.771e-01  inlet_T=1.420e-02  outlet_p=5.389e-02
      wall_vx=6.051e-01   wall_vy=6.898e-02   wall_vz=1.154e-03   wall_T=5.090e-03   wall_dp_dn=1.742e-03  | total=3.944e+00
      w: inlet_vx=9.992e-01  inlet_vy=1.001e+00  inlet_vz=1.011e+00  inlet_T=9.859e-01  outlet_p=9.859e-01
      w: wall_vx=1.011e+00   wall_vy=9.859e-01   wall_vz=9.859e-01   wall_T=9.858e-01   wall_dp_dn=9.859e-01
SUP   vx=0.000e+00  vy=0.000e+00  vz=0.000e+00  p=0.000e+00  T=0.000e+00  | total=0.000e+00
      w: vx=9.859e-01  vy=9.859e-01  vz=9.859e-01  p=9.859e-01  T=9.859e-01
MSE   vx=1.011e+03  vy=8.792e-03  vz=4.877e-03  p=2.143e-06  T=5.081e-03  | total=1.011e+03




[  142/10000]
PDE   div=6.465e-01  mom_x=6.805e-02  mom_y=2.093e-03  mom_z=1.371e-02  heat=3.371e-09  | total=7.304e-01
      w: div=9.864e-01  mom_x=9.858e-01  mom_y=9.858e-01  mom_z=9.865e-01  heat=9.858e-01
BC    inlet_vx=1.375e+00  inlet_vy=8.344e-01  inlet_vz=9.766e-01  inlet_T=1.317e-02  outlet_p=5.375e-02
      wall_vx=6.195e-01   wall_vy=6.926e-02   wall_vz=1.244e-03   wall_T=4.566e-03   wall_dp_dn=1.629e-03  | total=3.949e+00
      w: inlet_vx=9.993e-01  inlet_vy=1.001e+00  inlet_vz=1.011e+00  inlet_T=9.858e-01  outlet_p=9.858e-01
      w: wall_vx=1.011e+00   wall_vy=9.858e-01   wall_vz=9.858e-01   wall_T=9.857e-01   wall_dp_dn=9.858e-01
SUP   vx=0.000e+00  vy=0.000e+00  vz=0.000e+00  p=0.000e+00  T=0.000e+00  | total=0.000e+00
      w: vx=9.858e-01  vy=9.858e-01  vz=9.858e-01  p=9.858e-01  T=9.858e-01
MSE   vx=1.012e+03  vy=8.799e-03  vz=4.881e-03  p=2.148e-06  T=4.645e-03  | total=1.012e+03




[  143/10000]
PDE   div=6.419e-01  mom_x=6.753e-02  mom_y=1.967e-03  mom_z=1.315e-02  heat=2.925e-09  | total=7.246e-01
      w: div=9.863e-01  mom_x=9.857e-01  mom_y=9.857e-01  mom_z=9.864e-01  heat=9.857e-01
BC    inlet_vx=1.369e+00  inlet_vy=8.346e-01  inlet_vz=9.762e-01  inlet_T=1.219e-02  outlet_p=5.389e-02
      wall_vx=6.139e-01   wall_vy=6.692e-02   wall_vz=1.243e-03   wall_T=4.399e-03   wall_dp_dn=1.542e-03  | total=3.933e+00
      w: inlet_vx=9.994e-01  inlet_vy=1.001e+00  inlet_vz=1.011e+00  inlet_T=9.857e-01  outlet_p=9.857e-01
      w: wall_vx=1.011e+00   wall_vy=9.857e-01   wall_vz=9.857e-01   wall_T=9.856e-01   wall_dp_dn=9.857e-01
SUP   vx=0.000e+00  vy=0.000e+00  vz=0.000e+00  p=0.000e+00  T=0.000e+00  | total=0.000e+00
      w: vx=9.857e-01  vy=9.857e-01  vz=9.857e-01  p=9.857e-01  T=9.857e-01
MSE   vx=1.013e+03  vy=8.807e-03  vz=4.885e-03  p=2.153e-06  T=4.238e-03  | total=1.013e+03




[  144/10000]
PDE   div=6.547e-01  mom_x=7.087e-02  mom_y=1.793e-03  mom_z=1.273e-02  heat=2.734e-09  | total=7.401e-01
      w: div=9.862e-01  mom_x=9.856e-01  mom_y=9.856e-01  mom_z=9.863e-01  heat=9.856e-01
BC    inlet_vx=1.362e+00  inlet_vy=8.349e-01  inlet_vz=9.757e-01  inlet_T=1.127e-02  outlet_p=5.410e-02
      wall_vx=6.009e-01   wall_vy=6.618e-02   wall_vz=1.241e-03   wall_T=3.846e-03   wall_dp_dn=1.400e-03  | total=3.911e+00
      w: inlet_vx=9.994e-01  inlet_vy=1.001e+00  inlet_vz=1.011e+00  inlet_T=9.856e-01  outlet_p=9.856e-01
      w: wall_vx=1.011e+00   wall_vy=9.856e-01   wall_vz=9.856e-01   wall_T=9.855e-01   wall_dp_dn=9.856e-01
SUP   vx=0.000e+00  vy=0.000e+00  vz=0.000e+00  p=0.000e+00  T=0.000e+00  | total=0.000e+00
      w: vx=9.856e-01  vy=9.856e-01  vz=9.856e-01  p=9.856e-01  T=9.856e-01
MSE   vx=1.013e+03  vy=8.814e-03  vz=4.889e-03  p=2.159e-06  T=3.862e-03  | total=1.013e+03




[  145/10000]
PDE   div=6.553e-01  mom_x=7.321e-02  mom_y=1.697e-03  mom_z=1.297e-02  heat=2.517e-09  | total=7.432e-01
      w: div=9.861e-01  mom_x=9.855e-01  mom_y=9.855e-01  mom_z=9.862e-01  heat=9.855e-01
BC    inlet_vx=1.355e+00  inlet_vy=8.352e-01  inlet_vz=9.753e-01  inlet_T=1.041e-02  outlet_p=5.380e-02
      wall_vx=6.284e-01   wall_vy=6.609e-02   wall_vz=1.313e-03   wall_T=3.723e-03   wall_dp_dn=1.393e-03  | total=3.931e+00
      w: inlet_vx=9.995e-01  inlet_vy=1.001e+00  inlet_vz=1.011e+00  inlet_T=9.855e-01  outlet_p=9.855e-01
      w: wall_vx=1.011e+00   wall_vy=9.855e-01   wall_vz=9.855e-01   wall_T=9.854e-01   wall_dp_dn=9.855e-01
SUP   vx=0.000e+00  vy=0.000e+00  vz=0.000e+00  p=0.000e+00  T=0.000e+00  | total=0.000e+00
      w: vx=9.855e-01  vy=9.855e-01  vz=9.855e-01  p=9.855e-01  T=9.855e-01
MSE   vx=1.013e+03  vy=8.820e-03  vz=4.893e-03  p=2.164e-06  T=3.516e-03  | total=1.013e+03




[  146/10000]
PDE   div=6.613e-01  mom_x=7.059e-02  mom_y=1.569e-03  mom_z=1.239e-02  heat=2.210e-09  | total=7.458e-01
      w: div=9.860e-01  mom_x=9.854e-01  mom_y=9.854e-01  mom_z=9.861e-01  heat=9.854e-01
BC    inlet_vx=1.348e+00  inlet_vy=8.356e-01  inlet_vz=9.749e-01  inlet_T=9.601e-03  outlet_p=5.337e-02
      wall_vx=5.973e-01   wall_vy=6.706e-02   wall_vz=1.310e-03   wall_T=3.180e-03   wall_dp_dn=1.346e-03  | total=3.892e+00
      w: inlet_vx=9.996e-01  inlet_vy=1.001e+00  inlet_vz=1.011e+00  inlet_T=9.854e-01  outlet_p=9.854e-01
      w: wall_vx=1.011e+00   wall_vy=9.854e-01   wall_vz=9.854e-01   wall_T=9.853e-01   wall_dp_dn=9.854e-01
SUP   vx=0.000e+00  vy=0.000e+00  vz=0.000e+00  p=0.000e+00  T=0.000e+00  | total=0.000e+00
      w: vx=9.854e-01  vy=9.854e-01  vz=9.854e-01  p=9.854e-01  T=9.854e-01
MSE   vx=1.013e+03  vy=8.827e-03  vz=4.897e-03  p=2.169e-06  T=3.203e-03  | total=1.013e+03




[  147/10000]
PDE   div=6.616e-01  mom_x=7.023e-02  mom_y=1.449e-03  mom_z=1.280e-02  heat=1.971e-09  | total=7.461e-01
      w: div=9.859e-01  mom_x=9.853e-01  mom_y=9.853e-01  mom_z=9.860e-01  heat=9.853e-01
BC    inlet_vx=1.342e+00  inlet_vy=8.359e-01  inlet_vz=9.744e-01  inlet_T=8.856e-03  outlet_p=5.340e-02
      wall_vx=6.207e-01   wall_vy=6.621e-02   wall_vz=1.313e-03   wall_T=2.800e-03   wall_dp_dn=1.379e-03  | total=3.907e+00
      w: inlet_vx=9.996e-01  inlet_vy=1.001e+00  inlet_vz=1.011e+00  inlet_T=9.853e-01  outlet_p=9.853e-01
      w: wall_vx=1.011e+00   wall_vy=9.853e-01   wall_vz=9.853e-01   wall_T=9.852e-01   wall_dp_dn=9.853e-01
SUP   vx=0.000e+00  vy=0.000e+00  vz=0.000e+00  p=0.000e+00  T=0.000e+00  | total=0.000e+00
      w: vx=9.853e-01  vy=9.853e-01  vz=9.853e-01  p=9.853e-01  T=9.853e-01
MSE   vx=1.012e+03  vy=8.833e-03  vz=4.901e-03  p=2.174e-06  T=2.922e-03  | total=1.012e+03




[  148/10000]
PDE   div=6.656e-01  mom_x=7.306e-02  mom_y=1.345e-03  mom_z=1.333e-02  heat=1.845e-09  | total=7.533e-01
      w: div=9.858e-01  mom_x=9.852e-01  mom_y=9.852e-01  mom_z=9.859e-01  heat=9.852e-01
BC    inlet_vx=1.335e+00  inlet_vy=8.363e-01  inlet_vz=9.740e-01  inlet_T=8.175e-03  outlet_p=5.293e-02
      wall_vx=6.408e-01   wall_vy=6.370e-02   wall_vz=1.362e-03   wall_T=2.787e-03   wall_dp_dn=1.391e-03  | total=3.917e+00
      w: inlet_vx=9.997e-01  inlet_vy=1.001e+00  inlet_vz=1.011e+00  inlet_T=9.852e-01  outlet_p=9.852e-01
      w: wall_vx=1.011e+00   wall_vy=9.852e-01   wall_vz=9.852e-01   wall_T=9.851e-01   wall_dp_dn=9.852e-01
SUP   vx=0.000e+00  vy=0.000e+00  vz=0.000e+00  p=0.000e+00  T=0.000e+00  | total=0.000e+00
      w: vx=9.852e-01  vy=9.852e-01  vz=9.852e-01  p=9.852e-01  T=9.852e-01
MSE   vx=1.012e+03  vy=8.839e-03  vz=4.905e-03  p=2.179e-06  T=2.675e-03  | total=1.012e+03




[  149/10000]
PDE   div=6.669e-01  mom_x=7.236e-02  mom_y=1.283e-03  mom_z=1.427e-02  heat=1.670e-09  | total=7.548e-01
      w: div=9.858e-01  mom_x=9.851e-01  mom_y=9.851e-01  mom_z=9.858e-01  heat=9.851e-01
BC    inlet_vx=1.329e+00  inlet_vy=8.366e-01  inlet_vz=9.736e-01  inlet_T=7.557e-03  outlet_p=5.299e-02
      wall_vx=6.535e-01   wall_vy=6.240e-02   wall_vz=1.331e-03   wall_T=2.563e-03   wall_dp_dn=1.437e-03  | total=3.921e+00
      w: inlet_vx=9.997e-01  inlet_vy=1.001e+00  inlet_vz=1.011e+00  inlet_T=9.851e-01  outlet_p=9.851e-01
      w: wall_vx=1.011e+00   wall_vy=9.851e-01   wall_vz=9.851e-01   wall_T=9.850e-01   wall_dp_dn=9.851e-01
SUP   vx=0.000e+00  vy=0.000e+00  vz=0.000e+00  p=0.000e+00  T=0.000e+00  | total=0.000e+00
      w: vx=9.851e-01  vy=9.851e-01  vz=9.851e-01  p=9.851e-01  T=9.851e-01
MSE   vx=1.011e+03  vy=8.845e-03  vz=4.909e-03  p=2.185e-06  T=2.461e-03  | total=1.011e+03




[  150/10000]
PDE   div=6.747e-01  mom_x=7.486e-02  mom_y=1.120e-03  mom_z=1.520e-02  heat=1.507e-09  | total=7.659e-01
      w: div=9.857e-01  mom_x=9.850e-01  mom_y=9.850e-01  mom_z=9.857e-01  heat=9.850e-01
BC    inlet_vx=1.323e+00  inlet_vy=8.370e-01  inlet_vz=9.732e-01  inlet_T=7.003e-03  outlet_p=5.258e-02
      wall_vx=6.644e-01   wall_vy=6.285e-02   wall_vz=1.455e-03   wall_T=2.189e-03   wall_dp_dn=1.576e-03  | total=3.926e+00
      w: inlet_vx=9.998e-01  inlet_vy=1.001e+00  inlet_vz=1.011e+00  inlet_T=9.850e-01  outlet_p=9.850e-01
      w: wall_vx=1.011e+00   wall_vy=9.850e-01   wall_vz=9.850e-01   wall_T=9.849e-01   wall_dp_dn=9.850e-01
SUP   vx=0.000e+00  vy=0.000e+00  vz=0.000e+00  p=0.000e+00  T=0.000e+00  | total=0.000e+00
      w: vx=9.850e-01  vy=9.850e-01  vz=9.850e-01  p=9.850e-01  T=9.850e-01
MSE   vx=1.009e+03  vy=8.850e-03  vz=4.913e-03  p=2.190e-06  T=2.281e-03  | total=1.009e+03




[  151/10000]
PDE   div=6.704e-01  mom_x=7.391e-02  mom_y=1.076e-03  mom_z=1.607e-02  heat=1.376e-09  | total=7.615e-01
      w: div=9.856e-01  mom_x=9.849e-01  mom_y=9.849e-01  mom_z=9.856e-01  heat=9.849e-01
BC    inlet_vx=1.318e+00  inlet_vy=8.374e-01  inlet_vz=9.728e-01  inlet_T=6.514e-03  outlet_p=5.229e-02
      wall_vx=6.410e-01   wall_vy=6.285e-02   wall_vz=1.399e-03   wall_T=2.202e-03   wall_dp_dn=1.579e-03  | total=3.896e+00
      w: inlet_vx=9.999e-01  inlet_vy=1.001e+00  inlet_vz=1.011e+00  inlet_T=9.849e-01  outlet_p=9.849e-01
      w: wall_vx=1.011e+00   wall_vy=9.849e-01   wall_vz=9.849e-01   wall_T=9.848e-01   wall_dp_dn=9.849e-01
SUP   vx=0.000e+00  vy=0.000e+00  vz=0.000e+00  p=0.000e+00  T=0.000e+00  | total=0.000e+00
      w: vx=9.849e-01  vy=9.849e-01  vz=9.849e-01  p=9.849e-01  T=9.849e-01
MSE   vx=1.008e+03  vy=8.855e-03  vz=4.917e-03  p=2.195e-06  T=2.134e-03  | total=1.008e+03




[  152/10000]
PDE   div=6.693e-01  mom_x=7.360e-02  mom_y=1.032e-03  mom_z=1.715e-02  heat=1.238e-09  | total=7.611e-01
      w: div=9.855e-01  mom_x=9.848e-01  mom_y=9.848e-01  mom_z=9.855e-01  heat=9.848e-01
BC    inlet_vx=1.313e+00  inlet_vy=8.378e-01  inlet_vz=9.724e-01  inlet_T=6.091e-03  outlet_p=5.271e-02
      wall_vx=6.462e-01   wall_vy=6.352e-02   wall_vz=1.416e-03   wall_T=2.259e-03   wall_dp_dn=1.650e-03  | total=3.897e+00
      w: inlet_vx=9.999e-01  inlet_vy=1.001e+00  inlet_vz=1.011e+00  inlet_T=9.848e-01  outlet_p=9.848e-01
      w: wall_vx=1.011e+00   wall_vy=9.848e-01   wall_vz=9.848e-01   wall_T=9.847e-01   wall_dp_dn=9.848e-01
SUP   vx=0.000e+00  vy=0.000e+00  vz=0.000e+00  p=0.000e+00  T=0.000e+00  | total=0.000e+00
      w: vx=9.848e-01  vy=9.848e-01  vz=9.848e-01  p=9.848e-01  T=9.848e-01
MSE   vx=1.006e+03  vy=8.860e-03  vz=4.920e-03  p=2.200e-06  T=2.021e-03  | total=1.006e+03




[  153/10000]
PDE   div=6.644e-01  mom_x=7.474e-02  mom_y=9.752e-04  mom_z=1.884e-02  heat=1.193e-09  | total=7.589e-01
      w: div=9.854e-01  mom_x=9.847e-01  mom_y=9.847e-01  mom_z=9.854e-01  heat=9.847e-01
BC    inlet_vx=1.307e+00  inlet_vy=8.383e-01  inlet_vz=9.720e-01  inlet_T=5.735e-03  outlet_p=5.155e-02
      wall_vx=5.952e-01   wall_vy=6.023e-02   wall_vz=1.437e-03   wall_T=1.963e-03   wall_dp_dn=1.800e-03  | total=3.836e+00
      w: inlet_vx=1.000e+00  inlet_vy=1.001e+00  inlet_vz=1.011e+00  inlet_T=9.847e-01  outlet_p=9.847e-01
      w: wall_vx=1.011e+00   wall_vy=9.847e-01   wall_vz=9.847e-01   wall_T=9.846e-01   wall_dp_dn=9.847e-01
SUP   vx=0.000e+00  vy=0.000e+00  vz=0.000e+00  p=0.000e+00  T=0.000e+00  | total=0.000e+00
      w: vx=9.847e-01  vy=9.847e-01  vz=9.847e-01  p=9.847e-01  T=9.847e-01
MSE   vx=1.004e+03  vy=8.865e-03  vz=4.924e-03  p=2.205e-06  T=1.942e-03  | total=1.004e+03




[  154/10000]
PDE   div=6.660e-01  mom_x=7.339e-02  mom_y=8.745e-04  mom_z=2.021e-02  heat=9.976e-10  | total=7.604e-01
      w: div=9.853e-01  mom_x=9.846e-01  mom_y=9.846e-01  mom_z=9.853e-01  heat=9.846e-01
BC    inlet_vx=1.303e+00  inlet_vy=8.387e-01  inlet_vz=9.717e-01  inlet_T=5.445e-03  outlet_p=5.200e-02
      wall_vx=6.373e-01   wall_vy=6.201e-02   wall_vz=1.476e-03   wall_T=2.018e-03   wall_dp_dn=1.859e-03  | total=3.875e+00
      w: inlet_vx=1.000e+00  inlet_vy=1.000e+00  inlet_vz=1.011e+00  inlet_T=9.846e-01  outlet_p=9.846e-01
      w: wall_vx=1.011e+00   wall_vy=9.846e-01   wall_vz=9.846e-01   wall_T=9.845e-01   wall_dp_dn=9.846e-01
SUP   vx=0.000e+00  vy=0.000e+00  vz=0.000e+00  p=0.000e+00  T=0.000e+00  | total=0.000e+00
      w: vx=9.846e-01  vy=9.846e-01  vz=9.846e-01  p=9.846e-01  T=9.846e-01
MSE   vx=1.001e+03  vy=8.869e-03  vz=4.928e-03  p=2.210e-06  T=1.897e-03  | total=1.001e+03




[  155/10000]
PDE   div=6.721e-01  mom_x=7.411e-02  mom_y=8.427e-04  mom_z=2.166e-02  heat=1.066e-09  | total=7.688e-01
      w: div=9.852e-01  mom_x=9.845e-01  mom_y=9.845e-01  mom_z=9.852e-01  heat=9.845e-01
BC    inlet_vx=1.298e+00  inlet_vy=8.391e-01  inlet_vz=9.713e-01  inlet_T=5.222e-03  outlet_p=5.182e-02
      wall_vx=6.388e-01   wall_vy=6.098e-02   wall_vz=1.422e-03   wall_T=1.973e-03   wall_dp_dn=2.067e-03  | total=3.871e+00
      w: inlet_vx=1.000e+00  inlet_vy=1.000e+00  inlet_vz=1.011e+00  inlet_T=9.845e-01  outlet_p=9.845e-01
      w: wall_vx=1.011e+00   wall_vy=9.845e-01   wall_vz=9.845e-01   wall_T=9.844e-01   wall_dp_dn=9.845e-01
SUP   vx=0.000e+00  vy=0.000e+00  vz=0.000e+00  p=0.000e+00  T=0.000e+00  | total=0.000e+00
      w: vx=9.845e-01  vy=9.845e-01  vz=9.845e-01  p=9.845e-01  T=9.845e-01
MSE   vx=9.984e+02  vy=8.873e-03  vz=4.931e-03  p=2.214e-06  T=1.884e-03  | total=9.984e+02




[  156/10000]
PDE   div=6.759e-01  mom_x=7.462e-02  mom_y=7.666e-04  mom_z=2.329e-02  heat=1.063e-09  | total=7.745e-01
      w: div=9.852e-01  mom_x=9.844e-01  mom_y=9.844e-01  mom_z=9.851e-01  heat=9.844e-01
BC    inlet_vx=1.293e+00  inlet_vy=8.396e-01  inlet_vz=9.709e-01  inlet_T=5.064e-03  outlet_p=5.114e-02
      wall_vx=5.907e-01   wall_vy=5.922e-02   wall_vz=1.482e-03   wall_T=1.826e-03   wall_dp_dn=2.082e-03  | total=3.815e+00
      w: inlet_vx=1.000e+00  inlet_vy=1.000e+00  inlet_vz=1.011e+00  inlet_T=9.844e-01  outlet_p=9.844e-01
      w: wall_vx=1.011e+00   wall_vy=9.844e-01   wall_vz=9.844e-01   wall_T=9.843e-01   wall_dp_dn=9.844e-01
SUP   vx=0.000e+00  vy=0.000e+00  vz=0.000e+00  p=0.000e+00  T=0.000e+00  | total=0.000e+00
      w: vx=9.844e-01  vy=9.844e-01  vz=9.844e-01  p=9.844e-01  T=9.844e-01
MSE   vx=9.955e+02  vy=8.877e-03  vz=4.934e-03  p=2.219e-06  T=1.904e-03  | total=9.955e+02




[  157/10000]
PDE   div=6.701e-01  mom_x=7.507e-02  mom_y=7.514e-04  mom_z=2.456e-02  heat=1.146e-09  | total=7.704e-01
      w: div=9.851e-01  mom_x=9.843e-01  mom_y=9.843e-01  mom_z=9.850e-01  heat=9.843e-01
BC    inlet_vx=1.289e+00  inlet_vy=8.401e-01  inlet_vz=9.706e-01  inlet_T=4.971e-03  outlet_p=5.116e-02
      wall_vx=6.490e-01   wall_vy=5.688e-02   wall_vz=1.471e-03   wall_T=2.084e-03   wall_dp_dn=2.370e-03  | total=3.867e+00
      w: inlet_vx=1.000e+00  inlet_vy=1.000e+00  inlet_vz=1.011e+00  inlet_T=9.843e-01  outlet_p=9.843e-01
      w: wall_vx=1.011e+00   wall_vy=9.843e-01   wall_vz=9.843e-01   wall_T=9.842e-01   wall_dp_dn=9.843e-01
SUP   vx=0.000e+00  vy=0.000e+00  vz=0.000e+00  p=0.000e+00  T=0.000e+00  | total=0.000e+00
      w: vx=9.843e-01  vy=9.843e-01  vz=9.843e-01  p=9.843e-01  T=9.843e-01
MSE   vx=9.924e+02  vy=8.880e-03  vz=4.938e-03  p=2.223e-06  T=1.955e-03  | total=9.924e+02




[  158/10000]
PDE   div=6.636e-01  mom_x=7.596e-02  mom_y=7.245e-04  mom_z=2.690e-02  heat=1.134e-09  | total=7.672e-01
      w: div=9.850e-01  mom_x=9.843e-01  mom_y=9.842e-01  mom_z=9.849e-01  heat=9.842e-01
BC    inlet_vx=1.285e+00  inlet_vy=8.406e-01  inlet_vz=9.702e-01  inlet_T=4.940e-03  outlet_p=5.097e-02
      wall_vx=6.318e-01   wall_vy=5.826e-02   wall_vz=1.550e-03   wall_T=2.009e-03   wall_dp_dn=2.405e-03  | total=3.847e+00
      w: inlet_vx=1.000e+00  inlet_vy=1.000e+00  inlet_vz=1.011e+00  inlet_T=9.842e-01  outlet_p=9.842e-01
      w: wall_vx=1.011e+00   wall_vy=9.842e-01   wall_vz=9.842e-01   wall_T=9.841e-01   wall_dp_dn=9.842e-01
SUP   vx=0.000e+00  vy=0.000e+00  vz=0.000e+00  p=0.000e+00  T=0.000e+00  | total=0.000e+00
      w: vx=9.842e-01  vy=9.842e-01  vz=9.842e-01  p=9.842e-01  T=9.842e-01
MSE   vx=9.890e+02  vy=8.884e-03  vz=4.941e-03  p=2.228e-06  T=2.037e-03  | total=9.890e+02




[  159/10000]
PDE   div=6.602e-01  mom_x=7.320e-02  mom_y=7.116e-04  mom_z=2.716e-02  heat=1.126e-09  | total=7.613e-01
      w: div=9.849e-01  mom_x=9.842e-01  mom_y=9.841e-01  mom_z=9.848e-01  heat=9.841e-01
BC    inlet_vx=1.281e+00  inlet_vy=8.410e-01  inlet_vz=9.699e-01  inlet_T=4.970e-03  outlet_p=5.137e-02
      wall_vx=6.573e-01   wall_vy=5.508e-02   wall_vz=1.602e-03   wall_T=2.323e-03   wall_dp_dn=2.568e-03  | total=3.867e+00
      w: inlet_vx=1.000e+00  inlet_vy=1.000e+00  inlet_vz=1.011e+00  inlet_T=9.841e-01  outlet_p=9.841e-01
      w: wall_vx=1.011e+00   wall_vy=9.841e-01   wall_vz=9.841e-01   wall_T=9.840e-01   wall_dp_dn=9.841e-01
SUP   vx=0.000e+00  vy=0.000e+00  vz=0.000e+00  p=0.000e+00  T=0.000e+00  | total=0.000e+00
      w: vx=9.841e-01  vy=9.841e-01  vz=9.841e-01  p=9.841e-01  T=9.841e-01
MSE   vx=9.854e+02  vy=8.887e-03  vz=4.944e-03  p=2.232e-06  T=2.148e-03  | total=9.854e+02




[  160/10000]
PDE   div=6.625e-01  mom_x=7.679e-02  mom_y=6.700e-04  mom_z=2.967e-02  heat=1.234e-09  | total=7.697e-01
      w: div=9.848e-01  mom_x=9.841e-01  mom_y=9.840e-01  mom_z=9.847e-01  heat=9.840e-01
BC    inlet_vx=1.277e+00  inlet_vy=8.416e-01  inlet_vz=9.696e-01  inlet_T=5.059e-03  outlet_p=5.101e-02
      wall_vx=6.230e-01   wall_vy=5.753e-02   wall_vz=1.549e-03   wall_T=2.197e-03   wall_dp_dn=2.655e-03  | total=3.831e+00
      w: inlet_vx=1.001e+00  inlet_vy=1.000e+00  inlet_vz=1.011e+00  inlet_T=9.840e-01  outlet_p=9.840e-01
      w: wall_vx=1.011e+00   wall_vy=9.840e-01   wall_vz=9.840e-01   wall_T=9.839e-01   wall_dp_dn=9.840e-01
SUP   vx=0.000e+00  vy=0.000e+00  vz=0.000e+00  p=0.000e+00  T=0.000e+00  | total=0.000e+00
      w: vx=9.840e-01  vy=9.840e-01  vz=9.840e-01  p=9.840e-01  T=9.840e-01
MSE   vx=9.816e+02  vy=8.890e-03  vz=4.947e-03  p=2.236e-06  T=2.288e-03  | total=9.816e+02




[  161/10000]
PDE   div=6.661e-01  mom_x=7.720e-02  mom_y=6.941e-04  mom_z=3.140e-02  heat=1.394e-09  | total=7.754e-01
      w: div=9.847e-01  mom_x=9.840e-01  mom_y=9.839e-01  mom_z=9.846e-01  heat=9.839e-01
BC    inlet_vx=1.274e+00  inlet_vy=8.421e-01  inlet_vz=9.692e-01  inlet_T=5.205e-03  outlet_p=5.077e-02
      wall_vx=6.426e-01   wall_vy=5.384e-02   wall_vz=1.505e-03   wall_T=2.436e-03   wall_dp_dn=2.954e-03  | total=3.844e+00
      w: inlet_vx=1.001e+00  inlet_vy=9.999e-01  inlet_vz=1.011e+00  inlet_T=9.839e-01  outlet_p=9.839e-01
      w: wall_vx=1.011e+00   wall_vy=9.839e-01   wall_vz=9.839e-01   wall_T=9.838e-01   wall_dp_dn=9.839e-01
SUP   vx=0.000e+00  vy=0.000e+00  vz=0.000e+00  p=0.000e+00  T=0.000e+00  | total=0.000e+00
      w: vx=9.839e-01  vy=9.839e-01  vz=9.839e-01  p=9.839e-01  T=9.839e-01
MSE   vx=9.776e+02  vy=8.892e-03  vz=4.950e-03  p=2.240e-06  T=2.454e-03  | total=9.776e+02




[  162/10000]
PDE   div=6.566e-01  mom_x=7.461e-02  mom_y=6.634e-04  mom_z=3.148e-02  heat=1.521e-09  | total=7.633e-01
      w: div=9.847e-01  mom_x=9.839e-01  mom_y=9.838e-01  mom_z=9.845e-01  heat=9.838e-01
BC    inlet_vx=1.271e+00  inlet_vy=8.426e-01  inlet_vz=9.689e-01  inlet_T=5.405e-03  outlet_p=5.018e-02
      wall_vx=5.976e-01   wall_vy=5.524e-02   wall_vz=1.592e-03   wall_T=2.505e-03   wall_dp_dn=2.901e-03  | total=3.797e+00
      w: inlet_vx=1.001e+00  inlet_vy=9.999e-01  inlet_vz=1.011e+00  inlet_T=9.838e-01  outlet_p=9.838e-01
      w: wall_vx=1.011e+00   wall_vy=9.838e-01   wall_vz=9.838e-01   wall_T=9.837e-01   wall_dp_dn=9.838e-01
SUP   vx=0.000e+00  vy=0.000e+00  vz=0.000e+00  p=0.000e+00  T=0.000e+00  | total=0.000e+00
      w: vx=9.838e-01  vy=9.838e-01  vz=9.838e-01  p=9.838e-01  T=9.838e-01
MSE   vx=9.734e+02  vy=8.894e-03  vz=4.953e-03  p=2.244e-06  T=2.647e-03  | total=9.734e+02




[  163/10000]
PDE   div=6.546e-01  mom_x=7.677e-02  mom_y=6.731e-04  mom_z=3.363e-02  heat=2.079e-09  | total=7.657e-01
      w: div=9.846e-01  mom_x=9.838e-01  mom_y=9.837e-01  mom_z=9.844e-01  heat=9.837e-01
BC    inlet_vx=1.267e+00  inlet_vy=8.431e-01  inlet_vz=9.686e-01  inlet_T=5.656e-03  outlet_p=5.010e-02
      wall_vx=6.481e-01   wall_vy=5.405e-02   wall_vz=1.508e-03   wall_T=2.908e-03   wall_dp_dn=3.131e-03  | total=3.845e+00
      w: inlet_vx=1.001e+00  inlet_vy=9.998e-01  inlet_vz=1.011e+00  inlet_T=9.837e-01  outlet_p=9.837e-01
      w: wall_vx=1.011e+00   wall_vy=9.837e-01   wall_vz=9.837e-01   wall_T=9.836e-01   wall_dp_dn=9.837e-01
SUP   vx=0.000e+00  vy=0.000e+00  vz=0.000e+00  p=0.000e+00  T=0.000e+00  | total=0.000e+00
      w: vx=9.837e-01  vy=9.837e-01  vz=9.837e-01  p=9.837e-01  T=9.837e-01
MSE   vx=9.691e+02  vy=8.896e-03  vz=4.956e-03  p=2.248e-06  T=2.863e-03  | total=9.691e+02




[  164/10000]
PDE   div=6.549e-01  mom_x=7.851e-02  mom_y=7.064e-04  mom_z=3.459e-02  heat=1.986e-09  | total=7.687e-01
      w: div=9.845e-01  mom_x=9.837e-01  mom_y=9.836e-01  mom_z=9.843e-01  heat=9.836e-01
BC    inlet_vx=1.265e+00  inlet_vy=8.436e-01  inlet_vz=9.683e-01  inlet_T=5.955e-03  outlet_p=4.990e-02
      wall_vx=6.765e-01   wall_vy=5.301e-02   wall_vz=1.646e-03   wall_T=3.137e-03   wall_dp_dn=3.284e-03  | total=3.870e+00
      w: inlet_vx=1.001e+00  inlet_vy=9.997e-01  inlet_vz=1.011e+00  inlet_T=9.836e-01  outlet_p=9.836e-01
      w: wall_vx=1.011e+00   wall_vy=9.836e-01   wall_vz=9.836e-01   wall_T=9.835e-01   wall_dp_dn=9.836e-01
SUP   vx=0.000e+00  vy=0.000e+00  vz=0.000e+00  p=0.000e+00  T=0.000e+00  | total=0.000e+00
      w: vx=9.836e-01  vy=9.836e-01  vz=9.836e-01  p=9.836e-01  T=9.836e-01
MSE   vx=9.646e+02  vy=8.898e-03  vz=4.959e-03  p=2.251e-06  T=3.103e-03  | total=9.646e+02




[  165/10000]
PDE   div=6.397e-01  mom_x=7.627e-02  mom_y=6.728e-04  mom_z=3.471e-02  heat=2.294e-09  | total=7.514e-01
      w: div=9.844e-01  mom_x=9.836e-01  mom_y=9.835e-01  mom_z=9.842e-01  heat=9.835e-01
BC    inlet_vx=1.262e+00  inlet_vy=8.442e-01  inlet_vz=9.680e-01  inlet_T=6.299e-03  outlet_p=4.897e-02
      wall_vx=6.306e-01   wall_vy=5.111e-02   wall_vz=1.714e-03   wall_T=3.527e-03   wall_dp_dn=3.077e-03  | total=3.819e+00
      w: inlet_vx=1.001e+00  inlet_vy=9.996e-01  inlet_vz=1.011e+00  inlet_T=9.835e-01  outlet_p=9.835e-01
      w: wall_vx=1.011e+00   wall_vy=9.835e-01   wall_vz=9.835e-01   wall_T=9.834e-01   wall_dp_dn=9.835e-01
SUP   vx=0.000e+00  vy=0.000e+00  vz=0.000e+00  p=0.000e+00  T=0.000e+00  | total=0.000e+00
      w: vx=9.835e-01  vy=9.835e-01  vz=9.835e-01  p=9.835e-01  T=9.835e-01
MSE   vx=9.599e+02  vy=8.900e-03  vz=4.962e-03  p=2.254e-06  T=3.364e-03  | total=9.599e+02




[  166/10000]
PDE   div=6.478e-01  mom_x=7.891e-02  mom_y=7.228e-04  mom_z=3.664e-02  heat=2.586e-09  | total=7.641e-01
      w: div=9.843e-01  mom_x=9.835e-01  mom_y=9.834e-01  mom_z=9.841e-01  heat=9.834e-01
BC    inlet_vx=1.259e+00  inlet_vy=8.447e-01  inlet_vz=9.677e-01  inlet_T=6.686e-03  outlet_p=4.904e-02
      wall_vx=6.346e-01   wall_vy=5.433e-02   wall_vz=1.612e-03   wall_T=3.613e-03   wall_dp_dn=3.348e-03  | total=3.825e+00
      w: inlet_vx=1.001e+00  inlet_vy=9.995e-01  inlet_vz=1.011e+00  inlet_T=9.834e-01  outlet_p=9.834e-01
      w: wall_vx=1.011e+00   wall_vy=9.834e-01   wall_vz=9.834e-01   wall_T=9.833e-01   wall_dp_dn=9.834e-01
SUP   vx=0.000e+00  vy=0.000e+00  vz=0.000e+00  p=0.000e+00  T=0.000e+00  | total=0.000e+00
      w: vx=9.834e-01  vy=9.834e-01  vz=9.834e-01  p=9.834e-01  T=9.834e-01
MSE   vx=9.550e+02  vy=8.901e-03  vz=4.964e-03  p=2.258e-06  T=3.645e-03  | total=9.550e+02




[  167/10000]
PDE   div=6.394e-01  mom_x=7.573e-02  mom_y=7.297e-04  mom_z=3.565e-02  heat=2.650e-09  | total=7.515e-01
      w: div=9.843e-01  mom_x=9.834e-01  mom_y=9.833e-01  mom_z=9.840e-01  heat=9.833e-01
BC    inlet_vx=1.257e+00  inlet_vy=8.453e-01  inlet_vz=9.674e-01  inlet_T=7.111e-03  outlet_p=4.882e-02
      wall_vx=6.553e-01   wall_vy=5.077e-02   wall_vz=1.684e-03   wall_T=4.095e-03   wall_dp_dn=3.314e-03  | total=3.841e+00
      w: inlet_vx=1.001e+00  inlet_vy=9.995e-01  inlet_vz=1.011e+00  inlet_T=9.833e-01  outlet_p=9.833e-01
      w: wall_vx=1.011e+00   wall_vy=9.833e-01   wall_vz=9.833e-01   wall_T=9.832e-01   wall_dp_dn=9.833e-01
SUP   vx=0.000e+00  vy=0.000e+00  vz=0.000e+00  p=0.000e+00  T=0.000e+00  | total=0.000e+00
      w: vx=9.833e-01  vy=9.833e-01  vz=9.833e-01  p=9.833e-01  T=9.833e-01
MSE   vx=9.500e+02  vy=8.902e-03  vz=4.967e-03  p=2.261e-06  T=3.944e-03  | total=9.501e+02




[  168/10000]
PDE   div=6.502e-01  mom_x=8.039e-02  mom_y=7.491e-04  mom_z=3.823e-02  heat=3.147e-09  | total=7.696e-01
      w: div=9.842e-01  mom_x=9.833e-01  mom_y=9.832e-01  mom_z=9.839e-01  heat=9.832e-01
BC    inlet_vx=1.255e+00  inlet_vy=8.459e-01  inlet_vz=9.671e-01  inlet_T=7.570e-03  outlet_p=4.870e-02
      wall_vx=6.746e-01   wall_vy=4.963e-02   wall_vz=1.573e-03   wall_T=4.314e-03   wall_dp_dn=3.459e-03  | total=3.858e+00
      w: inlet_vx=1.001e+00  inlet_vy=9.994e-01  inlet_vz=1.011e+00  inlet_T=9.832e-01  outlet_p=9.832e-01
      w: wall_vx=1.011e+00   wall_vy=9.832e-01   wall_vz=9.832e-01   wall_T=9.831e-01   wall_dp_dn=9.832e-01
SUP   vx=0.000e+00  vy=0.000e+00  vz=0.000e+00  p=0.000e+00  T=0.000e+00  | total=0.000e+00
      w: vx=9.832e-01  vy=9.832e-01  vz=9.832e-01  p=9.832e-01  T=9.832e-01
MSE   vx=9.449e+02  vy=8.904e-03  vz=4.969e-03  p=2.263e-06  T=4.259e-03  | total=9.449e+02




[  169/10000]
PDE   div=6.343e-01  mom_x=7.612e-02  mom_y=7.941e-04  mom_z=3.706e-02  heat=3.294e-09  | total=7.483e-01
      w: div=9.841e-01  mom_x=9.832e-01  mom_y=9.831e-01  mom_z=9.838e-01  heat=9.831e-01
BC    inlet_vx=1.253e+00  inlet_vy=8.464e-01  inlet_vz=9.669e-01  inlet_T=8.061e-03  outlet_p=4.832e-02
      wall_vx=6.489e-01   wall_vy=4.643e-02   wall_vz=1.600e-03   wall_T=4.621e-03   wall_dp_dn=3.485e-03  | total=3.828e+00
      w: inlet_vx=1.001e+00  inlet_vy=9.993e-01  inlet_vz=1.011e+00  inlet_T=9.831e-01  outlet_p=9.831e-01
      w: wall_vx=1.011e+00   wall_vy=9.831e-01   wall_vz=9.831e-01   wall_T=9.830e-01   wall_dp_dn=9.831e-01
SUP   vx=0.000e+00  vy=0.000e+00  vz=0.000e+00  p=0.000e+00  T=0.000e+00  | total=0.000e+00
      w: vx=9.831e-01  vy=9.831e-01  vz=9.831e-01  p=9.831e-01  T=9.831e-01
MSE   vx=9.397e+02  vy=8.904e-03  vz=4.972e-03  p=2.266e-06  T=4.588e-03  | total=9.397e+02




[  170/10000]
PDE   div=6.332e-01  mom_x=7.424e-02  mom_y=8.066e-04  mom_z=3.571e-02  heat=3.387e-09  | total=7.440e-01
      w: div=9.840e-01  mom_x=9.831e-01  mom_y=9.830e-01  mom_z=9.837e-01  heat=9.830e-01
BC    inlet_vx=1.251e+00  inlet_vy=8.470e-01  inlet_vz=9.666e-01  inlet_T=8.579e-03  outlet_p=4.798e-02
      wall_vx=6.714e-01   wall_vy=4.896e-02   wall_vz=1.643e-03   wall_T=4.972e-03   wall_dp_dn=3.481e-03  | total=3.852e+00
      w: inlet_vx=1.001e+00  inlet_vy=9.992e-01  inlet_vz=1.011e+00  inlet_T=9.830e-01  outlet_p=9.830e-01
      w: wall_vx=1.011e+00   wall_vy=9.830e-01   wall_vz=9.830e-01   wall_T=9.829e-01   wall_dp_dn=9.830e-01
SUP   vx=0.000e+00  vy=0.000e+00  vz=0.000e+00  p=0.000e+00  T=0.000e+00  | total=0.000e+00
      w: vx=9.830e-01  vy=9.830e-01  vz=9.830e-01  p=9.830e-01  T=9.830e-01
MSE   vx=9.344e+02  vy=8.905e-03  vz=4.974e-03  p=2.269e-06  T=4.930e-03  | total=9.344e+02




[  171/10000]
PDE   div=6.252e-01  mom_x=7.744e-02  mom_y=8.377e-04  mom_z=3.693e-02  heat=3.926e-09  | total=7.404e-01
      w: div=9.839e-01  mom_x=9.830e-01  mom_y=9.829e-01  mom_z=9.836e-01  heat=9.829e-01
BC    inlet_vx=1.250e+00  inlet_vy=8.476e-01  inlet_vz=9.664e-01  inlet_T=9.119e-03  outlet_p=4.790e-02
      wall_vx=6.587e-01   wall_vy=4.918e-02   wall_vz=1.747e-03   wall_T=5.278e-03   wall_dp_dn=3.350e-03  | total=3.839e+00
      w: inlet_vx=1.001e+00  inlet_vy=9.991e-01  inlet_vz=1.011e+00  inlet_T=9.829e-01  outlet_p=9.829e-01
      w: wall_vx=1.011e+00   wall_vy=9.829e-01   wall_vz=9.829e-01   wall_T=9.828e-01   wall_dp_dn=9.829e-01
SUP   vx=0.000e+00  vy=0.000e+00  vz=0.000e+00  p=0.000e+00  T=0.000e+00  | total=0.000e+00
      w: vx=9.829e-01  vy=9.829e-01  vz=9.829e-01  p=9.829e-01  T=9.829e-01
MSE   vx=9.289e+02  vy=8.906e-03  vz=4.976e-03  p=2.271e-06  T=5.283e-03  | total=9.289e+02




[  172/10000]
PDE   div=6.206e-01  mom_x=7.458e-02  mom_y=8.682e-04  mom_z=3.512e-02  heat=4.283e-09  | total=7.312e-01
      w: div=9.838e-01  mom_x=9.829e-01  mom_y=9.828e-01  mom_z=9.835e-01  heat=9.828e-01
BC    inlet_vx=1.249e+00  inlet_vy=8.482e-01  inlet_vz=9.661e-01  inlet_T=9.679e-03  outlet_p=4.755e-02
      wall_vx=6.508e-01   wall_vy=4.702e-02   wall_vz=1.653e-03   wall_T=5.696e-03   wall_dp_dn=3.304e-03  | total=3.829e+00
      w: inlet_vx=1.001e+00  inlet_vy=9.991e-01  inlet_vz=1.011e+00  inlet_T=9.828e-01  outlet_p=9.828e-01
      w: wall_vx=1.011e+00   wall_vy=9.828e-01   wall_vz=9.828e-01   wall_T=9.827e-01   wall_dp_dn=9.828e-01
SUP   vx=0.000e+00  vy=0.000e+00  vz=0.000e+00  p=0.000e+00  T=0.000e+00  | total=0.000e+00
      w: vx=9.828e-01  vy=9.828e-01  vz=9.828e-01  p=9.828e-01  T=9.828e-01
MSE   vx=9.234e+02  vy=8.907e-03  vz=4.978e-03  p=2.273e-06  T=5.645e-03  | total=9.234e+02




[  173/10000]
PDE   div=6.216e-01  mom_x=7.763e-02  mom_y=8.906e-04  mom_z=3.606e-02  heat=4.500e-09  | total=7.362e-01
      w: div=9.838e-01  mom_x=9.828e-01  mom_y=9.827e-01  mom_z=9.834e-01  heat=9.827e-01
BC    inlet_vx=1.247e+00  inlet_vy=8.487e-01  inlet_vz=9.659e-01  inlet_T=1.025e-02  outlet_p=4.711e-02
      wall_vx=6.830e-01   wall_vy=4.505e-02   wall_vz=1.711e-03   wall_T=5.929e-03   wall_dp_dn=3.401e-03  | total=3.858e+00
      w: inlet_vx=1.001e+00  inlet_vy=9.990e-01  inlet_vz=1.011e+00  inlet_T=9.827e-01  outlet_p=9.827e-01
      w: wall_vx=1.011e+00   wall_vy=9.827e-01   wall_vz=9.827e-01   wall_T=9.826e-01   wall_dp_dn=9.827e-01
SUP   vx=0.000e+00  vy=0.000e+00  vz=0.000e+00  p=0.000e+00  T=0.000e+00  | total=0.000e+00
      w: vx=9.827e-01  vy=9.827e-01  vz=9.827e-01  p=9.827e-01  T=9.827e-01
MSE   vx=9.177e+02  vy=8.907e-03  vz=4.981e-03  p=2.275e-06  T=6.014e-03  | total=9.178e+02




[  174/10000]
PDE   div=6.072e-01  mom_x=7.430e-02  mom_y=9.412e-04  mom_z=3.344e-02  heat=4.946e-09  | total=7.159e-01
      w: div=9.837e-01  mom_x=9.827e-01  mom_y=9.826e-01  mom_z=9.833e-01  heat=9.826e-01
BC    inlet_vx=1.246e+00  inlet_vy=8.493e-01  inlet_vz=9.656e-01  inlet_T=1.084e-02  outlet_p=4.678e-02
      wall_vx=6.934e-01   wall_vy=4.545e-02   wall_vz=1.753e-03   wall_T=6.548e-03   wall_dp_dn=3.294e-03  | total=3.869e+00
      w: inlet_vx=1.002e+00  inlet_vy=9.989e-01  inlet_vz=1.011e+00  inlet_T=9.826e-01  outlet_p=9.826e-01
      w: wall_vx=1.011e+00   wall_vy=9.826e-01   wall_vz=9.826e-01   wall_T=9.825e-01   wall_dp_dn=9.826e-01
SUP   vx=0.000e+00  vy=0.000e+00  vz=0.000e+00  p=0.000e+00  T=0.000e+00  | total=0.000e+00
      w: vx=9.826e-01  vy=9.826e-01  vz=9.826e-01  p=9.826e-01  T=9.826e-01
MSE   vx=9.120e+02  vy=8.907e-03  vz=4.983e-03  p=2.277e-06  T=6.388e-03  | total=9.121e+02




[  175/10000]
PDE   div=6.040e-01  mom_x=7.608e-02  mom_y=9.823e-04  mom_z=3.361e-02  heat=5.588e-09  | total=7.146e-01
      w: div=9.836e-01  mom_x=9.826e-01  mom_y=9.825e-01  mom_z=9.832e-01  heat=9.825e-01
BC    inlet_vx=1.245e+00  inlet_vy=8.499e-01  inlet_vz=9.654e-01  inlet_T=1.143e-02  outlet_p=4.658e-02
      wall_vx=6.856e-01   wall_vy=4.375e-02   wall_vz=1.739e-03   wall_T=6.858e-03   wall_dp_dn=3.215e-03  | total=3.860e+00
      w: inlet_vx=1.002e+00  inlet_vy=9.988e-01  inlet_vz=1.011e+00  inlet_T=9.825e-01  outlet_p=9.825e-01
      w: wall_vx=1.011e+00   wall_vy=9.825e-01   wall_vz=9.825e-01   wall_T=9.824e-01   wall_dp_dn=9.825e-01
SUP   vx=0.000e+00  vy=0.000e+00  vz=0.000e+00  p=0.000e+00  T=0.000e+00  | total=0.000e+00
      w: vx=9.825e-01  vy=9.825e-01  vz=9.825e-01  p=9.825e-01  T=9.825e-01
MSE   vx=9.063e+02  vy=8.907e-03  vz=4.984e-03  p=2.279e-06  T=6.765e-03  | total=9.063e+02




[  176/10000]
PDE   div=5.995e-01  mom_x=7.590e-02  mom_y=1.002e-03  mom_z=3.215e-02  heat=5.749e-09  | total=7.085e-01
      w: div=9.835e-01  mom_x=9.825e-01  mom_y=9.824e-01  mom_z=9.831e-01  heat=9.824e-01
BC    inlet_vx=1.245e+00  inlet_vy=8.505e-01  inlet_vz=9.652e-01  inlet_T=1.203e-02  outlet_p=4.645e-02
      wall_vx=6.621e-01   wall_vy=4.353e-02   wall_vz=1.690e-03   wall_T=7.400e-03   wall_dp_dn=3.093e-03  | total=3.837e+00
      w: inlet_vx=1.002e+00  inlet_vy=9.987e-01  inlet_vz=1.011e+00  inlet_T=9.823e-01  outlet_p=9.824e-01
      w: wall_vx=1.011e+00   wall_vy=9.824e-01   wall_vz=9.824e-01   wall_T=9.823e-01   wall_dp_dn=9.824e-01
SUP   vx=0.000e+00  vy=0.000e+00  vz=0.000e+00  p=0.000e+00  T=0.000e+00  | total=0.000e+00
      w: vx=9.824e-01  vy=9.824e-01  vz=9.824e-01  p=9.824e-01  T=9.824e-01
MSE   vx=9.004e+02  vy=8.907e-03  vz=4.986e-03  p=2.281e-06  T=7.143e-03  | total=9.005e+02




[  177/10000]
PDE   div=5.925e-01  mom_x=7.694e-02  mom_y=1.038e-03  mom_z=3.135e-02  heat=6.216e-09  | total=7.019e-01
      w: div=9.834e-01  mom_x=9.824e-01  mom_y=9.823e-01  mom_z=9.830e-01  heat=9.823e-01
BC    inlet_vx=1.244e+00  inlet_vy=8.511e-01  inlet_vz=9.650e-01  inlet_T=1.262e-02  outlet_p=4.597e-02
      wall_vx=6.777e-01   wall_vy=4.602e-02   wall_vz=1.775e-03   wall_T=7.597e-03   wall_dp_dn=2.820e-03  | total=3.855e+00
      w: inlet_vx=1.002e+00  inlet_vy=9.986e-01  inlet_vz=1.011e+00  inlet_T=9.822e-01  outlet_p=9.823e-01
      w: wall_vx=1.011e+00   wall_vy=9.823e-01   wall_vz=9.823e-01   wall_T=9.822e-01   wall_dp_dn=9.823e-01
SUP   vx=0.000e+00  vy=0.000e+00  vz=0.000e+00  p=0.000e+00  T=0.000e+00  | total=0.000e+00
      w: vx=9.823e-01  vy=9.823e-01  vz=9.823e-01  p=9.823e-01  T=9.823e-01
MSE   vx=8.946e+02  vy=8.907e-03  vz=4.988e-03  p=2.282e-06  T=7.521e-03  | total=8.946e+02




[  178/10000]
PDE   div=5.871e-01  mom_x=7.682e-02  mom_y=1.069e-03  mom_z=3.019e-02  heat=7.099e-09  | total=6.952e-01
      w: div=9.834e-01  mom_x=9.823e-01  mom_y=9.822e-01  mom_z=9.829e-01  heat=9.822e-01
BC    inlet_vx=1.243e+00  inlet_vy=8.517e-01  inlet_vz=9.647e-01  inlet_T=1.321e-02  outlet_p=4.578e-02
      wall_vx=6.487e-01   wall_vy=4.165e-02   wall_vz=1.727e-03   wall_T=7.858e-03   wall_dp_dn=2.669e-03  | total=3.821e+00
      w: inlet_vx=1.002e+00  inlet_vy=9.986e-01  inlet_vz=1.011e+00  inlet_T=9.821e-01  outlet_p=9.822e-01
      w: wall_vx=1.011e+00   wall_vy=9.822e-01   wall_vz=9.822e-01   wall_T=9.821e-01   wall_dp_dn=9.822e-01
SUP   vx=0.000e+00  vy=0.000e+00  vz=0.000e+00  p=0.000e+00  T=0.000e+00  | total=0.000e+00
      w: vx=9.822e-01  vy=9.822e-01  vz=9.822e-01  p=9.822e-01  T=9.822e-01
MSE   vx=8.886e+02  vy=8.906e-03  vz=4.990e-03  p=2.284e-06  T=7.897e-03  | total=8.887e+02




[  179/10000]
PDE   div=5.781e-01  mom_x=7.196e-02  mom_y=1.130e-03  mom_z=2.747e-02  heat=6.658e-09  | total=6.786e-01
      w: div=9.833e-01  mom_x=9.822e-01  mom_y=9.821e-01  mom_z=9.828e-01  heat=9.821e-01
BC    inlet_vx=1.243e+00  inlet_vy=8.523e-01  inlet_vz=9.645e-01  inlet_T=1.379e-02  outlet_p=4.541e-02
      wall_vx=6.642e-01   wall_vy=4.385e-02   wall_vz=1.804e-03   wall_T=8.497e-03   wall_dp_dn=2.535e-03  | total=3.840e+00
      w: inlet_vx=1.002e+00  inlet_vy=9.985e-01  inlet_vz=1.011e+00  inlet_T=9.820e-01  outlet_p=9.821e-01
      w: wall_vx=1.011e+00   wall_vy=9.821e-01   wall_vz=9.821e-01   wall_T=9.820e-01   wall_dp_dn=9.821e-01
SUP   vx=0.000e+00  vy=0.000e+00  vz=0.000e+00  p=0.000e+00  T=0.000e+00  | total=0.000e+00
      w: vx=9.821e-01  vy=9.821e-01  vz=9.821e-01  p=9.821e-01  T=9.821e-01
MSE   vx=8.827e+02  vy=8.906e-03  vz=4.991e-03  p=2.285e-06  T=8.270e-03  | total=8.827e+02




[  180/10000]
PDE   div=5.743e-01  mom_x=7.590e-02  mom_y=1.175e-03  mom_z=2.753e-02  heat=7.782e-09  | total=6.789e-01
      w: div=9.832e-01  mom_x=9.821e-01  mom_y=9.820e-01  mom_z=9.827e-01  heat=9.820e-01
BC    inlet_vx=1.242e+00  inlet_vy=8.529e-01  inlet_vz=9.643e-01  inlet_T=1.435e-02  outlet_p=4.528e-02
      wall_vx=6.583e-01   wall_vy=4.220e-02   wall_vz=1.766e-03   wall_T=8.612e-03   wall_dp_dn=2.445e-03  | total=3.833e+00
      w: inlet_vx=1.002e+00  inlet_vy=9.984e-01  inlet_vz=1.011e+00  inlet_T=9.819e-01  outlet_p=9.820e-01
      w: wall_vx=1.011e+00   wall_vy=9.820e-01   wall_vz=9.820e-01   wall_T=9.819e-01   wall_dp_dn=9.820e-01
SUP   vx=0.000e+00  vy=0.000e+00  vz=0.000e+00  p=0.000e+00  T=0.000e+00  | total=0.000e+00
      w: vx=9.820e-01  vy=9.820e-01  vz=9.820e-01  p=9.820e-01  T=9.820e-01
MSE   vx=8.767e+02  vy=8.905e-03  vz=4.993e-03  p=2.286e-06  T=8.637e-03  | total=8.767e+02




[  181/10000]
PDE   div=5.644e-01  mom_x=7.124e-02  mom_y=1.210e-03  mom_z=2.480e-02  heat=7.537e-09  | total=6.616e-01
      w: div=9.831e-01  mom_x=9.820e-01  mom_y=9.819e-01  mom_z=9.826e-01  heat=9.819e-01
BC    inlet_vx=1.242e+00  inlet_vy=8.534e-01  inlet_vz=9.641e-01  inlet_T=1.490e-02  outlet_p=4.490e-02
      wall_vx=6.974e-01   wall_vy=4.084e-02   wall_vz=1.801e-03   wall_T=9.183e-03   wall_dp_dn=2.369e-03  | total=3.871e+00
      w: inlet_vx=1.002e+00  inlet_vy=9.983e-01  inlet_vz=1.011e+00  inlet_T=9.818e-01  outlet_p=9.819e-01
      w: wall_vx=1.011e+00   wall_vy=9.819e-01   wall_vz=9.819e-01   wall_T=9.818e-01   wall_dp_dn=9.819e-01
SUP   vx=0.000e+00  vy=0.000e+00  vz=0.000e+00  p=0.000e+00  T=0.000e+00  | total=0.000e+00
      w: vx=9.819e-01  vy=9.819e-01  vz=9.819e-01  p=9.819e-01  T=9.819e-01
MSE   vx=8.707e+02  vy=8.904e-03  vz=4.994e-03  p=2.287e-06  T=8.996e-03  | total=8.707e+02




[  182/10000]
PDE   div=5.660e-01  mom_x=7.605e-02  mom_y=1.261e-03  mom_z=2.451e-02  heat=8.588e-09  | total=6.678e-01
      w: div=9.830e-01  mom_x=9.819e-01  mom_y=9.818e-01  mom_z=9.825e-01  heat=9.818e-01
BC    inlet_vx=1.241e+00  inlet_vy=8.540e-01  inlet_vz=9.639e-01  inlet_T=1.543e-02  outlet_p=4.457e-02
      wall_vx=6.427e-01   wall_vy=4.020e-02   wall_vz=1.761e-03   wall_T=9.374e-03   wall_dp_dn=2.107e-03  | total=3.816e+00
      w: inlet_vx=1.002e+00  inlet_vy=9.982e-01  inlet_vz=1.011e+00  inlet_T=9.817e-01  outlet_p=9.818e-01
      w: wall_vx=1.011e+00   wall_vy=9.818e-01   wall_vz=9.818e-01   wall_T=9.817e-01   wall_dp_dn=9.818e-01
SUP   vx=0.000e+00  vy=0.000e+00  vz=0.000e+00  p=0.000e+00  T=0.000e+00  | total=0.000e+00
      w: vx=9.818e-01  vy=9.818e-01  vz=9.818e-01  p=9.818e-01  T=9.818e-01
MSE   vx=8.647e+02  vy=8.903e-03  vz=4.996e-03  p=2.288e-06  T=9.347e-03  | total=8.647e+02




[  183/10000]
PDE   div=5.576e-01  mom_x=7.420e-02  mom_y=1.281e-03  mom_z=2.236e-02  heat=8.970e-09  | total=6.554e-01
      w: div=9.830e-01  mom_x=9.818e-01  mom_y=9.817e-01  mom_z=9.824e-01  heat=9.817e-01
BC    inlet_vx=1.241e+00  inlet_vy=8.546e-01  inlet_vz=9.637e-01  inlet_T=1.594e-02  outlet_p=4.403e-02
      wall_vx=6.685e-01   wall_vy=4.080e-02   wall_vz=1.705e-03   wall_T=9.329e-03   wall_dp_dn=2.043e-03  | total=3.842e+00
      w: inlet_vx=1.002e+00  inlet_vy=9.982e-01  inlet_vz=1.011e+00  inlet_T=9.816e-01  outlet_p=9.817e-01
      w: wall_vx=1.011e+00   wall_vy=9.817e-01   wall_vz=9.817e-01   wall_T=9.816e-01   wall_dp_dn=9.817e-01
SUP   vx=0.000e+00  vy=0.000e+00  vz=0.000e+00  p=0.000e+00  T=0.000e+00  | total=0.000e+00
      w: vx=9.817e-01  vy=9.817e-01  vz=9.817e-01  p=9.817e-01  T=9.817e-01
MSE   vx=8.587e+02  vy=8.902e-03  vz=4.997e-03  p=2.289e-06  T=9.688e-03  | total=8.587e+02




[  184/10000]
PDE   div=5.511e-01  mom_x=7.548e-02  mom_y=1.352e-03  mom_z=2.115e-02  heat=9.742e-09  | total=6.491e-01
      w: div=9.829e-01  mom_x=9.817e-01  mom_y=9.816e-01  mom_z=9.823e-01  heat=9.816e-01
BC    inlet_vx=1.240e+00  inlet_vy=8.552e-01  inlet_vz=9.635e-01  inlet_T=1.641e-02  outlet_p=4.371e-02
      wall_vx=7.378e-01   wall_vy=3.935e-02   wall_vz=1.914e-03   wall_T=1.047e-02   wall_dp_dn=2.015e-03  | total=3.911e+00
      w: inlet_vx=1.002e+00  inlet_vy=9.981e-01  inlet_vz=1.011e+00  inlet_T=9.815e-01  outlet_p=9.816e-01
      w: wall_vx=1.011e+00   wall_vy=9.816e-01   wall_vz=9.816e-01   wall_T=9.815e-01   wall_dp_dn=9.816e-01
SUP   vx=0.000e+00  vy=0.000e+00  vz=0.000e+00  p=0.000e+00  T=0.000e+00  | total=0.000e+00
      w: vx=9.816e-01  vy=9.816e-01  vz=9.816e-01  p=9.816e-01  T=9.816e-01
MSE   vx=8.526e+02  vy=8.901e-03  vz=4.998e-03  p=2.290e-06  T=1.002e-02  | total=8.527e+02




[  185/10000]
PDE   div=5.483e-01  mom_x=7.524e-02  mom_y=1.375e-03  mom_z=1.985e-02  heat=9.695e-09  | total=6.448e-01
      w: div=9.828e-01  mom_x=9.816e-01  mom_y=9.815e-01  mom_z=9.822e-01  heat=9.815e-01
BC    inlet_vx=1.240e+00  inlet_vy=8.557e-01  inlet_vz=9.634e-01  inlet_T=1.687e-02  outlet_p=4.351e-02
      wall_vx=6.663e-01   wall_vy=3.914e-02   wall_vz=1.751e-03   wall_T=1.017e-02   wall_dp_dn=1.670e-03  | total=3.838e+00
      w: inlet_vx=1.002e+00  inlet_vy=9.980e-01  inlet_vz=1.011e+00  inlet_T=9.814e-01  outlet_p=9.815e-01
      w: wall_vx=1.011e+00   wall_vy=9.815e-01   wall_vz=9.815e-01   wall_T=9.814e-01   wall_dp_dn=9.815e-01
SUP   vx=0.000e+00  vy=0.000e+00  vz=0.000e+00  p=0.000e+00  T=0.000e+00  | total=0.000e+00
      w: vx=9.815e-01  vy=9.815e-01  vz=9.815e-01  p=9.815e-01  T=9.815e-01
MSE   vx=8.466e+02  vy=8.899e-03  vz=5.000e-03  p=2.291e-06  T=1.034e-02  | total=8.466e+02




[  186/10000]
PDE   div=5.335e-01  mom_x=7.235e-02  mom_y=1.393e-03  mom_z=1.758e-02  heat=1.002e-08  | total=6.248e-01
      w: div=9.827e-01  mom_x=9.815e-01  mom_y=9.814e-01  mom_z=9.821e-01  heat=9.814e-01
BC    inlet_vx=1.239e+00  inlet_vy=8.563e-01  inlet_vz=9.632e-01  inlet_T=1.728e-02  outlet_p=4.307e-02
      wall_vx=7.038e-01   wall_vy=3.813e-02   wall_vz=1.841e-03   wall_T=1.108e-02   wall_dp_dn=1.576e-03  | total=3.876e+00
      w: inlet_vx=1.002e+00  inlet_vy=9.979e-01  inlet_vz=1.011e+00  inlet_T=9.813e-01  outlet_p=9.814e-01
      w: wall_vx=1.011e+00   wall_vy=9.814e-01   wall_vz=9.814e-01   wall_T=9.813e-01   wall_dp_dn=9.814e-01
SUP   vx=0.000e+00  vy=0.000e+00  vz=0.000e+00  p=0.000e+00  T=0.000e+00  | total=0.000e+00
      w: vx=9.814e-01  vy=9.814e-01  vz=9.814e-01  p=9.814e-01  T=9.814e-01
MSE   vx=8.406e+02  vy=8.898e-03  vz=5.001e-03  p=2.291e-06  T=1.064e-02  | total=8.406e+02




[  187/10000]
PDE   div=5.275e-01  mom_x=7.158e-02  mom_y=1.448e-03  mom_z=1.592e-02  heat=9.924e-09  | total=6.165e-01
      w: div=9.826e-01  mom_x=9.814e-01  mom_y=9.813e-01  mom_z=9.820e-01  heat=9.813e-01
BC    inlet_vx=1.239e+00  inlet_vy=8.569e-01  inlet_vz=9.630e-01  inlet_T=1.767e-02  outlet_p=4.294e-02
      wall_vx=6.889e-01   wall_vy=3.746e-02   wall_vz=1.791e-03   wall_T=1.084e-02   wall_dp_dn=1.403e-03  | total=3.860e+00
      w: inlet_vx=1.002e+00  inlet_vy=9.978e-01  inlet_vz=1.011e+00  inlet_T=9.812e-01  outlet_p=9.813e-01
      w: wall_vx=1.011e+00   wall_vy=9.813e-01   wall_vz=9.813e-01   wall_T=9.812e-01   wall_dp_dn=9.813e-01
SUP   vx=0.000e+00  vy=0.000e+00  vz=0.000e+00  p=0.000e+00  T=0.000e+00  | total=0.000e+00
      w: vx=9.813e-01  vy=9.813e-01  vz=9.813e-01  p=9.813e-01  T=9.813e-01
MSE   vx=8.346e+02  vy=8.896e-03  vz=5.002e-03  p=2.292e-06  T=1.093e-02  | total=8.347e+02




[  188/10000]
PDE   div=5.225e-01  mom_x=7.365e-02  mom_y=1.503e-03  mom_z=1.484e-02  heat=1.037e-08  | total=6.125e-01
      w: div=9.826e-01  mom_x=9.813e-01  mom_y=9.812e-01  mom_z=9.819e-01  heat=9.812e-01
BC    inlet_vx=1.238e+00  inlet_vy=8.574e-01  inlet_vz=9.628e-01  inlet_T=1.802e-02  outlet_p=4.253e-02
      wall_vx=7.104e-01   wall_vy=3.924e-02   wall_vz=1.870e-03   wall_T=1.179e-02   wall_dp_dn=1.332e-03  | total=3.884e+00
      w: inlet_vx=1.003e+00  inlet_vy=9.977e-01  inlet_vz=1.011e+00  inlet_T=9.811e-01  outlet_p=9.812e-01
      w: wall_vx=1.011e+00   wall_vy=9.812e-01   wall_vz=9.812e-01   wall_T=9.811e-01   wall_dp_dn=9.812e-01
SUP   vx=0.000e+00  vy=0.000e+00  vz=0.000e+00  p=0.000e+00  T=0.000e+00  | total=0.000e+00
      w: vx=9.812e-01  vy=9.812e-01  vz=9.812e-01  p=9.812e-01  T=9.812e-01
MSE   vx=8.287e+02  vy=8.895e-03  vz=5.003e-03  p=2.293e-06  T=1.120e-02  | total=8.287e+02




[  189/10000]
PDE   div=5.267e-01  mom_x=7.447e-02  mom_y=1.546e-03  mom_z=1.378e-02  heat=1.161e-08  | total=6.165e-01
      w: div=9.825e-01  mom_x=9.812e-01  mom_y=9.811e-01  mom_z=9.818e-01  heat=9.811e-01
BC    inlet_vx=1.238e+00  inlet_vy=8.580e-01  inlet_vz=9.627e-01  inlet_T=1.833e-02  outlet_p=4.234e-02
      wall_vx=6.963e-01   wall_vy=3.692e-02   wall_vz=1.779e-03   wall_T=1.187e-02   wall_dp_dn=1.240e-03  | total=3.867e+00
      w: inlet_vx=1.003e+00  inlet_vy=9.977e-01  inlet_vz=1.010e+00  inlet_T=9.810e-01  outlet_p=9.811e-01
      w: wall_vx=1.011e+00   wall_vy=9.811e-01   wall_vz=9.811e-01   wall_T=9.810e-01   wall_dp_dn=9.811e-01
SUP   vx=0.000e+00  vy=0.000e+00  vz=0.000e+00  p=0.000e+00  T=0.000e+00  | total=0.000e+00
      w: vx=9.811e-01  vy=9.811e-01  vz=9.811e-01  p=9.811e-01  T=9.811e-01
MSE   vx=8.227e+02  vy=8.893e-03  vz=5.004e-03  p=2.293e-06  T=1.145e-02  | total=8.227e+02




[  190/10000]
PDE   div=5.087e-01  mom_x=7.120e-02  mom_y=1.599e-03  mom_z=1.192e-02  heat=1.112e-08  | total=5.935e-01
      w: div=9.824e-01  mom_x=9.811e-01  mom_y=9.810e-01  mom_z=9.817e-01  heat=9.810e-01
BC    inlet_vx=1.237e+00  inlet_vy=8.585e-01  inlet_vz=9.625e-01  inlet_T=1.860e-02  outlet_p=4.195e-02
      wall_vx=6.749e-01   wall_vy=3.665e-02   wall_vz=1.953e-03   wall_T=1.245e-02   wall_dp_dn=1.048e-03  | total=3.846e+00
      w: inlet_vx=1.003e+00  inlet_vy=9.976e-01  inlet_vz=1.010e+00  inlet_T=9.809e-01  outlet_p=9.810e-01
      w: wall_vx=1.011e+00   wall_vy=9.810e-01   wall_vz=9.810e-01   wall_T=9.809e-01   wall_dp_dn=9.810e-01
SUP   vx=0.000e+00  vy=0.000e+00  vz=0.000e+00  p=0.000e+00  T=0.000e+00  | total=0.000e+00
      w: vx=9.810e-01  vy=9.810e-01  vz=9.810e-01  p=9.810e-01  T=9.810e-01
MSE   vx=8.168e+02  vy=8.891e-03  vz=5.005e-03  p=2.294e-06  T=1.169e-02  | total=8.168e+02




[  191/10000]
PDE   div=5.042e-01  mom_x=7.308e-02  mom_y=1.614e-03  mom_z=1.157e-02  heat=1.221e-08  | total=5.905e-01
      w: div=9.823e-01  mom_x=9.810e-01  mom_y=9.809e-01  mom_z=9.816e-01  heat=9.809e-01
BC    inlet_vx=1.236e+00  inlet_vy=8.590e-01  inlet_vz=9.623e-01  inlet_T=1.883e-02  outlet_p=4.158e-02
      wall_vx=6.868e-01   wall_vy=3.525e-02   wall_vz=1.914e-03   wall_T=1.268e-02   wall_dp_dn=9.745e-04  | total=3.856e+00
      w: inlet_vx=1.003e+00  inlet_vy=9.975e-01  inlet_vz=1.010e+00  inlet_T=9.808e-01  outlet_p=9.809e-01
      w: wall_vx=1.011e+00   wall_vy=9.809e-01   wall_vz=9.809e-01   wall_T=9.808e-01   wall_dp_dn=9.809e-01
SUP   vx=0.000e+00  vy=0.000e+00  vz=0.000e+00  p=0.000e+00  T=0.000e+00  | total=0.000e+00
      w: vx=9.809e-01  vy=9.809e-01  vz=9.809e-01  p=9.809e-01  T=9.809e-01
MSE   vx=8.110e+02  vy=8.889e-03  vz=5.006e-03  p=2.295e-06  T=1.191e-02  | total=8.110e+02




[  192/10000]
PDE   div=5.123e-01  mom_x=7.306e-02  mom_y=1.691e-03  mom_z=1.043e-02  heat=1.224e-08  | total=5.975e-01
      w: div=9.822e-01  mom_x=9.809e-01  mom_y=9.808e-01  mom_z=9.815e-01  heat=9.808e-01
BC    inlet_vx=1.235e+00  inlet_vy=8.596e-01  inlet_vz=9.622e-01  inlet_T=1.902e-02  outlet_p=4.139e-02
      wall_vx=7.310e-01   wall_vy=3.543e-02   wall_vz=1.809e-03   wall_T=1.228e-02   wall_dp_dn=9.866e-04  | total=3.899e+00
      w: inlet_vx=1.003e+00  inlet_vy=9.974e-01  inlet_vz=1.010e+00  inlet_T=9.807e-01  outlet_p=9.808e-01
      w: wall_vx=1.011e+00   wall_vy=9.808e-01   wall_vz=9.808e-01   wall_T=9.807e-01   wall_dp_dn=9.808e-01
SUP   vx=0.000e+00  vy=0.000e+00  vz=0.000e+00  p=0.000e+00  T=0.000e+00  | total=0.000e+00
      w: vx=9.808e-01  vy=9.808e-01  vz=9.808e-01  p=9.808e-01  T=9.808e-01
MSE   vx=8.051e+02  vy=8.886e-03  vz=5.007e-03  p=2.295e-06  T=1.211e-02  | total=8.052e+02




[  193/10000]
PDE   div=4.935e-01  mom_x=7.158e-02  mom_y=1.718e-03  mom_z=9.273e-03  heat=1.174e-08  | total=5.760e-01
      w: div=9.822e-01  mom_x=9.808e-01  mom_y=9.807e-01  mom_z=9.814e-01  heat=9.807e-01
BC    inlet_vx=1.234e+00  inlet_vy=8.601e-01  inlet_vz=9.620e-01  inlet_T=1.917e-02  outlet_p=4.116e-02
      wall_vx=6.901e-01   wall_vy=3.441e-02   wall_vz=1.838e-03   wall_T=1.266e-02   wall_dp_dn=8.305e-04  | total=3.857e+00
      w: inlet_vx=1.003e+00  inlet_vy=9.973e-01  inlet_vz=1.010e+00  inlet_T=9.806e-01  outlet_p=9.807e-01
      w: wall_vx=1.011e+00   wall_vy=9.807e-01   wall_vz=9.807e-01   wall_T=9.806e-01   wall_dp_dn=9.807e-01
SUP   vx=0.000e+00  vy=0.000e+00  vz=0.000e+00  p=0.000e+00  T=0.000e+00  | total=0.000e+00
      w: vx=9.807e-01  vy=9.807e-01  vz=9.807e-01  p=9.807e-01  T=9.807e-01
MSE   vx=7.994e+02  vy=8.883e-03  vz=5.008e-03  p=2.296e-06  T=1.228e-02  | total=7.994e+02




[  194/10000]
PDE   div=4.922e-01  mom_x=7.149e-02  mom_y=1.707e-03  mom_z=8.486e-03  heat=1.242e-08  | total=5.739e-01
      w: div=9.821e-01  mom_x=9.807e-01  mom_y=9.806e-01  mom_z=9.813e-01  heat=9.806e-01
BC    inlet_vx=1.233e+00  inlet_vy=8.606e-01  inlet_vz=9.618e-01  inlet_T=1.927e-02  outlet_p=4.066e-02
      wall_vx=7.235e-01   wall_vy=3.419e-02   wall_vz=1.883e-03   wall_T=1.275e-02   wall_dp_dn=7.945e-04  | total=3.889e+00
      w: inlet_vx=1.003e+00  inlet_vy=9.972e-01  inlet_vz=1.010e+00  inlet_T=9.805e-01  outlet_p=9.806e-01
      w: wall_vx=1.011e+00   wall_vy=9.806e-01   wall_vz=9.806e-01   wall_T=9.805e-01   wall_dp_dn=9.806e-01
SUP   vx=0.000e+00  vy=0.000e+00  vz=0.000e+00  p=0.000e+00  T=0.000e+00  | total=0.000e+00
      w: vx=9.806e-01  vy=9.806e-01  vz=9.806e-01  p=9.806e-01  T=9.806e-01
MSE   vx=7.936e+02  vy=8.881e-03  vz=5.009e-03  p=2.297e-06  T=1.244e-02  | total=7.937e+02




[  195/10000]
PDE   div=4.840e-01  mom_x=7.031e-02  mom_y=1.729e-03  mom_z=7.998e-03  heat=1.270e-08  | total=5.640e-01
      w: div=9.820e-01  mom_x=9.806e-01  mom_y=9.805e-01  mom_z=9.811e-01  heat=9.805e-01
BC    inlet_vx=1.232e+00  inlet_vy=8.611e-01  inlet_vz=9.617e-01  inlet_T=1.932e-02  outlet_p=4.058e-02
      wall_vx=7.118e-01   wall_vy=3.350e-02   wall_vz=1.807e-03   wall_T=1.252e-02   wall_dp_dn=7.124e-04  | total=3.875e+00
      w: inlet_vx=1.003e+00  inlet_vy=9.971e-01  inlet_vz=1.010e+00  inlet_T=9.804e-01  outlet_p=9.805e-01
      w: wall_vx=1.011e+00   wall_vy=9.805e-01   wall_vz=9.805e-01   wall_T=9.804e-01   wall_dp_dn=9.805e-01
SUP   vx=0.000e+00  vy=0.000e+00  vz=0.000e+00  p=0.000e+00  T=0.000e+00  | total=0.000e+00
      w: vx=9.805e-01  vy=9.805e-01  vz=9.805e-01  p=9.805e-01  T=9.805e-01
MSE   vx=7.880e+02  vy=8.878e-03  vz=5.010e-03  p=2.298e-06  T=1.258e-02  | total=7.880e+02




[  196/10000]
PDE   div=4.804e-01  mom_x=7.191e-02  mom_y=1.775e-03  mom_z=7.405e-03  heat=1.310e-08  | total=5.615e-01
      w: div=9.819e-01  mom_x=9.805e-01  mom_y=9.804e-01  mom_z=9.810e-01  heat=9.804e-01
BC    inlet_vx=1.231e+00  inlet_vy=8.615e-01  inlet_vz=9.615e-01  inlet_T=1.934e-02  outlet_p=3.990e-02
      wall_vx=7.024e-01   wall_vy=3.155e-02   wall_vz=1.778e-03   wall_T=1.267e-02   wall_dp_dn=6.854e-04  | total=3.862e+00
      w: inlet_vx=1.003e+00  inlet_vy=9.971e-01  inlet_vz=1.010e+00  inlet_T=9.803e-01  outlet_p=9.804e-01
      w: wall_vx=1.011e+00   wall_vy=9.804e-01   wall_vz=9.804e-01   wall_T=9.803e-01   wall_dp_dn=9.804e-01
SUP   vx=0.000e+00  vy=0.000e+00  vz=0.000e+00  p=0.000e+00  T=0.000e+00  | total=0.000e+00
      w: vx=9.804e-01  vy=9.804e-01  vz=9.804e-01  p=9.804e-01  T=9.804e-01
MSE   vx=7.824e+02  vy=8.875e-03  vz=5.011e-03  p=2.298e-06  T=1.269e-02  | total=7.824e+02




[  197/10000]
PDE   div=4.765e-01  mom_x=7.189e-02  mom_y=1.869e-03  mom_z=7.019e-03  heat=1.302e-08  | total=5.573e-01
      w: div=9.818e-01  mom_x=9.804e-01  mom_y=9.803e-01  mom_z=9.809e-01  heat=9.803e-01
BC    inlet_vx=1.229e+00  inlet_vy=8.620e-01  inlet_vz=9.614e-01  inlet_T=1.931e-02  outlet_p=3.983e-02
      wall_vx=7.337e-01   wall_vy=3.021e-02   wall_vz=1.873e-03   wall_T=1.263e-02   wall_dp_dn=6.665e-04  | total=3.891e+00
      w: inlet_vx=1.003e+00  inlet_vy=9.970e-01  inlet_vz=1.010e+00  inlet_T=9.802e-01  outlet_p=9.803e-01
      w: wall_vx=1.011e+00   wall_vy=9.803e-01   wall_vz=9.803e-01   wall_T=9.802e-01   wall_dp_dn=9.803e-01
SUP   vx=0.000e+00  vy=0.000e+00  vz=0.000e+00  p=0.000e+00  T=0.000e+00  | total=0.000e+00
      w: vx=9.803e-01  vy=9.803e-01  vz=9.803e-01  p=9.803e-01  T=9.803e-01
MSE   vx=7.769e+02  vy=8.872e-03  vz=5.012e-03  p=2.299e-06  T=1.279e-02  | total=7.769e+02




[  198/10000]
PDE   div=4.672e-01  mom_x=7.062e-02  mom_y=1.878e-03  mom_z=6.980e-03  heat=1.375e-08  | total=5.467e-01
      w: div=9.818e-01  mom_x=9.803e-01  mom_y=9.802e-01  mom_z=9.808e-01  heat=9.802e-01
BC    inlet_vx=1.228e+00  inlet_vy=8.624e-01  inlet_vz=9.612e-01  inlet_T=1.924e-02  outlet_p=3.953e-02
      wall_vx=7.827e-01   wall_vy=3.376e-02   wall_vz=1.918e-03   wall_T=1.284e-02   wall_dp_dn=6.954e-04  | total=3.942e+00
      w: inlet_vx=1.003e+00  inlet_vy=9.969e-01  inlet_vz=1.010e+00  inlet_T=9.801e-01  outlet_p=9.802e-01
      w: wall_vx=1.011e+00   wall_vy=9.802e-01   wall_vz=9.802e-01   wall_T=9.801e-01   wall_dp_dn=9.802e-01
SUP   vx=0.000e+00  vy=0.000e+00  vz=0.000e+00  p=0.000e+00  T=0.000e+00  | total=0.000e+00
      w: vx=9.802e-01  vy=9.802e-01  vz=9.802e-01  p=9.802e-01  T=9.802e-01
MSE   vx=7.714e+02  vy=8.868e-03  vz=5.013e-03  p=2.300e-06  T=1.287e-02  | total=7.715e+02




[  199/10000]
PDE   div=4.606e-01  mom_x=7.108e-02  mom_y=1.897e-03  mom_z=6.863e-03  heat=1.412e-08  | total=5.404e-01
      w: div=9.817e-01  mom_x=9.802e-01  mom_y=9.801e-01  mom_z=9.807e-01  heat=9.801e-01
BC    inlet_vx=1.226e+00  inlet_vy=8.629e-01  inlet_vz=9.611e-01  inlet_T=1.913e-02  outlet_p=3.923e-02
      wall_vx=7.565e-01   wall_vy=3.097e-02   wall_vz=1.974e-03   wall_T=1.350e-02   wall_dp_dn=6.921e-04  | total=3.912e+00
      w: inlet_vx=1.003e+00  inlet_vy=9.968e-01  inlet_vz=1.010e+00  inlet_T=9.800e-01  outlet_p=9.801e-01
      w: wall_vx=1.011e+00   wall_vy=9.801e-01   wall_vz=9.801e-01   wall_T=9.800e-01   wall_dp_dn=9.801e-01
SUP   vx=0.000e+00  vy=0.000e+00  vz=0.000e+00  p=0.000e+00  T=0.000e+00  | total=0.000e+00
      w: vx=9.801e-01  vy=9.801e-01  vz=9.801e-01  p=9.801e-01  T=9.801e-01
MSE   vx=7.660e+02  vy=8.865e-03  vz=5.014e-03  p=2.301e-06  T=1.292e-02  | total=7.661e+02




[  200/10000]
PDE   div=4.556e-01  mom_x=7.032e-02  mom_y=1.909e-03  mom_z=6.827e-03  heat=1.384e-08  | total=5.347e-01
      w: div=9.816e-01  mom_x=9.801e-01  mom_y=9.800e-01  mom_z=9.806e-01  heat=9.800e-01
BC    inlet_vx=1.224e+00  inlet_vy=8.633e-01  inlet_vz=9.609e-01  inlet_T=1.897e-02  outlet_p=3.910e-02
      wall_vx=7.373e-01   wall_vy=3.197e-02   wall_vz=1.955e-03   wall_T=1.360e-02   wall_dp_dn=6.990e-04  | total=3.892e+00
      w: inlet_vx=1.004e+00  inlet_vy=9.967e-01  inlet_vz=1.010e+00  inlet_T=9.799e-01  outlet_p=9.800e-01
      w: wall_vx=1.011e+00   wall_vy=9.800e-01   wall_vz=9.800e-01   wall_T=9.799e-01   wall_dp_dn=9.800e-01
SUP   vx=0.000e+00  vy=0.000e+00  vz=0.000e+00  p=0.000e+00  T=0.000e+00  | total=0.000e+00
      w: vx=9.800e-01  vy=9.800e-01  vz=9.800e-01  p=9.800e-01  T=9.800e-01
MSE   vx=7.607e+02  vy=8.861e-03  vz=5.014e-03  p=2.302e-06  T=1.296e-02  | total=7.608e+02




[  201/10000]
PDE   div=4.554e-01  mom_x=7.282e-02  mom_y=1.949e-03  mom_z=7.082e-03  heat=1.481e-08  | total=5.373e-01
      w: div=9.815e-01  mom_x=9.800e-01  mom_y=9.799e-01  mom_z=9.805e-01  heat=9.799e-01
BC    inlet_vx=1.223e+00  inlet_vy=8.637e-01  inlet_vz=9.608e-01  inlet_T=1.878e-02  outlet_p=3.869e-02
      wall_vx=7.234e-01   wall_vy=2.989e-02   wall_vz=1.855e-03   wall_T=1.300e-02   wall_dp_dn=7.430e-04  | total=3.873e+00
      w: inlet_vx=1.004e+00  inlet_vy=9.966e-01  inlet_vz=1.010e+00  inlet_T=9.798e-01  outlet_p=9.799e-01
      w: wall_vx=1.011e+00   wall_vy=9.799e-01   wall_vz=9.799e-01   wall_T=9.798e-01   wall_dp_dn=9.799e-01
SUP   vx=0.000e+00  vy=0.000e+00  vz=0.000e+00  p=0.000e+00  T=0.000e+00  | total=0.000e+00
      w: vx=9.799e-01  vy=9.799e-01  vz=9.799e-01  p=9.799e-01  T=9.799e-01
MSE   vx=7.555e+02  vy=8.858e-03  vz=5.015e-03  p=2.304e-06  T=1.297e-02  | total=7.555e+02




[  202/10000]
PDE   div=4.550e-01  mom_x=7.229e-02  mom_y=1.979e-03  mom_z=7.109e-03  heat=1.389e-08  | total=5.363e-01
      w: div=9.814e-01  mom_x=9.799e-01  mom_y=9.798e-01  mom_z=9.804e-01  heat=9.798e-01
BC    inlet_vx=1.221e+00  inlet_vy=8.641e-01  inlet_vz=9.607e-01  inlet_T=1.855e-02  outlet_p=3.826e-02
      wall_vx=7.759e-01   wall_vy=3.047e-02   wall_vz=1.844e-03   wall_T=1.285e-02   wall_dp_dn=7.557e-04  | total=3.924e+00
      w: inlet_vx=1.004e+00  inlet_vy=9.965e-01  inlet_vz=1.010e+00  inlet_T=9.797e-01  outlet_p=9.798e-01
      w: wall_vx=1.011e+00   wall_vy=9.798e-01   wall_vz=9.798e-01   wall_T=9.797e-01   wall_dp_dn=9.798e-01
SUP   vx=0.000e+00  vy=0.000e+00  vz=0.000e+00  p=0.000e+00  T=0.000e+00  | total=0.000e+00
      w: vx=9.798e-01  vy=9.798e-01  vz=9.798e-01  p=9.798e-01  T=9.798e-01
MSE   vx=7.503e+02  vy=8.854e-03  vz=5.016e-03  p=2.305e-06  T=1.297e-02  | total=7.504e+02




[  203/10000]
PDE   div=4.348e-01  mom_x=6.929e-02  mom_y=1.973e-03  mom_z=7.715e-03  heat=1.381e-08  | total=5.138e-01
      w: div=9.813e-01  mom_x=9.798e-01  mom_y=9.797e-01  mom_z=9.803e-01  heat=9.797e-01
BC    inlet_vx=1.218e+00  inlet_vy=8.645e-01  inlet_vz=9.605e-01  inlet_T=1.828e-02  outlet_p=3.813e-02
      wall_vx=7.610e-01   wall_vy=3.182e-02   wall_vz=1.810e-03   wall_T=1.292e-02   wall_dp_dn=8.142e-04  | total=3.908e+00
      w: inlet_vx=1.004e+00  inlet_vy=9.965e-01  inlet_vz=1.010e+00  inlet_T=9.796e-01  outlet_p=9.797e-01
      w: wall_vx=1.011e+00   wall_vy=9.797e-01   wall_vz=9.797e-01   wall_T=9.796e-01   wall_dp_dn=9.797e-01
SUP   vx=0.000e+00  vy=0.000e+00  vz=0.000e+00  p=0.000e+00  T=0.000e+00  | total=0.000e+00
      w: vx=9.797e-01  vy=9.797e-01  vz=9.797e-01  p=9.797e-01  T=9.797e-01
MSE   vx=7.453e+02  vy=8.850e-03  vz=5.017e-03  p=2.306e-06  T=1.295e-02  | total=7.453e+02




[  204/10000]
PDE   div=4.446e-01  mom_x=7.219e-02  mom_y=2.054e-03  mom_z=7.876e-03  heat=1.506e-08  | total=5.267e-01
      w: div=9.813e-01  mom_x=9.797e-01  mom_y=9.796e-01  mom_z=9.802e-01  heat=9.796e-01
BC    inlet_vx=1.216e+00  inlet_vy=8.649e-01  inlet_vz=9.604e-01  inlet_T=1.798e-02  outlet_p=3.787e-02
      wall_vx=7.764e-01   wall_vy=3.105e-02   wall_vz=1.799e-03   wall_T=1.270e-02   wall_dp_dn=8.389e-04  | total=3.920e+00
      w: inlet_vx=1.004e+00  inlet_vy=9.964e-01  inlet_vz=1.010e+00  inlet_T=9.795e-01  outlet_p=9.796e-01
      w: wall_vx=1.011e+00   wall_vy=9.796e-01   wall_vz=9.796e-01   wall_T=9.795e-01   wall_dp_dn=9.796e-01
SUP   vx=0.000e+00  vy=0.000e+00  vz=0.000e+00  p=0.000e+00  T=0.000e+00  | total=0.000e+00
      w: vx=9.796e-01  vy=9.796e-01  vz=9.796e-01  p=9.796e-01  T=9.796e-01
MSE   vx=7.403e+02  vy=8.846e-03  vz=5.018e-03  p=2.308e-06  T=1.291e-02  | total=7.403e+02




[  205/10000]
PDE   div=4.351e-01  mom_x=7.196e-02  mom_y=2.153e-03  mom_z=8.158e-03  heat=1.467e-08  | total=5.174e-01
      w: div=9.812e-01  mom_x=9.796e-01  mom_y=9.795e-01  mom_z=9.801e-01  heat=9.795e-01
BC    inlet_vx=1.214e+00  inlet_vy=8.653e-01  inlet_vz=9.602e-01  inlet_T=1.765e-02  outlet_p=3.737e-02
      wall_vx=7.010e-01   wall_vy=2.873e-02   wall_vz=1.895e-03   wall_T=1.383e-02   wall_dp_dn=1.010e-03  | total=3.841e+00
      w: inlet_vx=1.004e+00  inlet_vy=9.963e-01  inlet_vz=1.010e+00  inlet_T=9.794e-01  outlet_p=9.795e-01
      w: wall_vx=1.011e+00   wall_vy=9.795e-01   wall_vz=9.795e-01   wall_T=9.794e-01   wall_dp_dn=9.795e-01
SUP   vx=0.000e+00  vy=0.000e+00  vz=0.000e+00  p=0.000e+00  T=0.000e+00  | total=0.000e+00
      w: vx=9.795e-01  vy=9.795e-01  vz=9.795e-01  p=9.795e-01  T=9.795e-01
MSE   vx=7.354e+02  vy=8.842e-03  vz=5.019e-03  p=2.310e-06  T=1.285e-02  | total=7.355e+02




[  206/10000]
PDE   div=4.366e-01  mom_x=7.247e-02  mom_y=2.114e-03  mom_z=8.868e-03  heat=1.538e-08  | total=5.200e-01
      w: div=9.811e-01  mom_x=9.795e-01  mom_y=9.794e-01  mom_z=9.800e-01  heat=9.794e-01
BC    inlet_vx=1.211e+00  inlet_vy=8.656e-01  inlet_vz=9.601e-01  inlet_T=1.729e-02  outlet_p=3.723e-02
      wall_vx=7.706e-01   wall_vy=2.948e-02   wall_vz=1.849e-03   wall_T=1.272e-02   wall_dp_dn=1.047e-03  | total=3.907e+00
      w: inlet_vx=1.004e+00  inlet_vy=9.962e-01  inlet_vz=1.010e+00  inlet_T=9.793e-01  outlet_p=9.794e-01
      w: wall_vx=1.011e+00   wall_vy=9.794e-01   wall_vz=9.794e-01   wall_T=9.793e-01   wall_dp_dn=9.794e-01
SUP   vx=0.000e+00  vy=0.000e+00  vz=0.000e+00  p=0.000e+00  T=0.000e+00  | total=0.000e+00
      w: vx=9.794e-01  vy=9.794e-01  vz=9.794e-01  p=9.794e-01  T=9.794e-01
MSE   vx=7.307e+02  vy=8.837e-03  vz=5.019e-03  p=2.311e-06  T=1.277e-02  | total=7.307e+02




[  207/10000]
PDE   div=4.286e-01  mom_x=7.195e-02  mom_y=2.197e-03  mom_z=9.534e-03  heat=1.500e-08  | total=5.122e-01
      w: div=9.810e-01  mom_x=9.794e-01  mom_y=9.793e-01  mom_z=9.799e-01  heat=9.793e-01
BC    inlet_vx=1.208e+00  inlet_vy=8.659e-01  inlet_vz=9.600e-01  inlet_T=1.690e-02  outlet_p=3.688e-02
      wall_vx=7.752e-01   wall_vy=3.008e-02   wall_vz=1.938e-03   wall_T=1.297e-02   wall_dp_dn=1.130e-03  | total=3.909e+00
      w: inlet_vx=1.004e+00  inlet_vy=9.961e-01  inlet_vz=1.010e+00  inlet_T=9.792e-01  outlet_p=9.793e-01
      w: wall_vx=1.011e+00   wall_vy=9.793e-01   wall_vz=9.793e-01   wall_T=9.792e-01   wall_dp_dn=9.793e-01
SUP   vx=0.000e+00  vy=0.000e+00  vz=0.000e+00  p=0.000e+00  T=0.000e+00  | total=0.000e+00
      w: vx=9.793e-01  vy=9.793e-01  vz=9.793e-01  p=9.793e-01  T=9.793e-01
MSE   vx=7.260e+02  vy=8.833e-03  vz=5.020e-03  p=2.313e-06  T=1.268e-02  | total=7.260e+02




[  208/10000]
PDE   div=4.256e-01  mom_x=7.322e-02  mom_y=2.202e-03  mom_z=1.022e-02  heat=1.489e-08  | total=5.113e-01
      w: div=9.809e-01  mom_x=9.793e-01  mom_y=9.792e-01  mom_z=9.798e-01  heat=9.792e-01
BC    inlet_vx=1.205e+00  inlet_vy=8.663e-01  inlet_vz=9.598e-01  inlet_T=1.648e-02  outlet_p=3.673e-02
      wall_vx=7.887e-01   wall_vy=2.809e-02   wall_vz=1.923e-03   wall_T=1.295e-02   wall_dp_dn=1.203e-03  | total=3.918e+00
      w: inlet_vx=1.004e+00  inlet_vy=9.960e-01  inlet_vz=1.010e+00  inlet_T=9.791e-01  outlet_p=9.792e-01
      w: wall_vx=1.011e+00   wall_vy=9.792e-01   wall_vz=9.792e-01   wall_T=9.791e-01   wall_dp_dn=9.792e-01
SUP   vx=0.000e+00  vy=0.000e+00  vz=0.000e+00  p=0.000e+00  T=0.000e+00  | total=0.000e+00
      w: vx=9.792e-01  vy=9.792e-01  vz=9.792e-01  p=9.792e-01  T=9.792e-01
MSE   vx=7.214e+02  vy=8.828e-03  vz=5.021e-03  p=2.315e-06  T=1.258e-02  | total=7.214e+02




[  209/10000]
PDE   div=4.233e-01  mom_x=7.350e-02  mom_y=2.259e-03  mom_z=1.064e-02  heat=1.478e-08  | total=5.097e-01
      w: div=9.809e-01  mom_x=9.792e-01  mom_y=9.791e-01  mom_z=9.797e-01  heat=9.791e-01
BC    inlet_vx=1.202e+00  inlet_vy=8.666e-01  inlet_vz=9.597e-01  inlet_T=1.605e-02  outlet_p=3.651e-02
      wall_vx=8.216e-01   wall_vy=2.833e-02   wall_vz=1.980e-03   wall_T=1.217e-02   wall_dp_dn=1.263e-03  | total=3.947e+00
      w: inlet_vx=1.004e+00  inlet_vy=9.959e-01  inlet_vz=1.010e+00  inlet_T=9.790e-01  outlet_p=9.791e-01
      w: wall_vx=1.011e+00   wall_vy=9.791e-01   wall_vz=9.791e-01   wall_T=9.790e-01   wall_dp_dn=9.791e-01
SUP   vx=0.000e+00  vy=0.000e+00  vz=0.000e+00  p=0.000e+00  T=0.000e+00  | total=0.000e+00
      w: vx=9.791e-01  vy=9.791e-01  vz=9.791e-01  p=9.791e-01  T=9.791e-01
MSE   vx=7.168e+02  vy=8.824e-03  vz=5.022e-03  p=2.318e-06  T=1.246e-02  | total=7.169e+02




[  210/10000]
PDE   div=4.153e-01  mom_x=7.216e-02  mom_y=2.328e-03  mom_z=1.160e-02  heat=1.428e-08  | total=5.014e-01
      w: div=9.808e-01  mom_x=9.791e-01  mom_y=9.790e-01  mom_z=9.796e-01  heat=9.790e-01
BC    inlet_vx=1.199e+00  inlet_vy=8.669e-01  inlet_vz=9.596e-01  inlet_T=1.559e-02  outlet_p=3.604e-02
      wall_vx=7.742e-01   wall_vy=2.929e-02   wall_vz=1.949e-03   wall_T=1.248e-02   wall_dp_dn=1.386e-03  | total=3.896e+00
      w: inlet_vx=1.004e+00  inlet_vy=9.958e-01  inlet_vz=1.010e+00  inlet_T=9.789e-01  outlet_p=9.790e-01
      w: wall_vx=1.011e+00   wall_vy=9.790e-01   wall_vz=9.790e-01   wall_T=9.789e-01   wall_dp_dn=9.790e-01
SUP   vx=0.000e+00  vy=0.000e+00  vz=0.000e+00  p=0.000e+00  T=0.000e+00  | total=0.000e+00
      w: vx=9.790e-01  vy=9.790e-01  vz=9.790e-01  p=9.790e-01  T=9.790e-01
MSE   vx=7.124e+02  vy=8.819e-03  vz=5.023e-03  p=2.320e-06  T=1.233e-02  | total=7.124e+02




[  211/10000]
PDE   div=4.166e-01  mom_x=7.276e-02  mom_y=2.316e-03  mom_z=1.246e-02  heat=1.469e-08  | total=5.042e-01
      w: div=9.807e-01  mom_x=9.790e-01  mom_y=9.789e-01  mom_z=9.795e-01  heat=9.789e-01
BC    inlet_vx=1.196e+00  inlet_vy=8.671e-01  inlet_vz=9.594e-01  inlet_T=1.511e-02  outlet_p=3.585e-02
      wall_vx=8.056e-01   wall_vy=2.805e-02   wall_vz=1.888e-03   wall_T=1.185e-02   wall_dp_dn=1.460e-03  | total=3.922e+00
      w: inlet_vx=1.004e+00  inlet_vy=9.958e-01  inlet_vz=1.010e+00  inlet_T=9.788e-01  outlet_p=9.789e-01
      w: wall_vx=1.011e+00   wall_vy=9.789e-01   wall_vz=9.789e-01   wall_T=9.788e-01   wall_dp_dn=9.789e-01
SUP   vx=0.000e+00  vy=0.000e+00  vz=0.000e+00  p=0.000e+00  T=0.000e+00  | total=0.000e+00
      w: vx=9.789e-01  vy=9.789e-01  vz=9.789e-01  p=9.789e-01  T=9.789e-01
MSE   vx=7.081e+02  vy=8.814e-03  vz=5.024e-03  p=2.322e-06  T=1.218e-02  | total=7.081e+02




[  212/10000]
PDE   div=4.144e-01  mom_x=7.499e-02  mom_y=2.247e-03  mom_z=1.288e-02  heat=1.579e-08  | total=5.045e-01
      w: div=9.806e-01  mom_x=9.789e-01  mom_y=9.788e-01  mom_z=9.794e-01  heat=9.788e-01
BC    inlet_vx=1.192e+00  inlet_vy=8.674e-01  inlet_vz=9.593e-01  inlet_T=1.462e-02  outlet_p=3.572e-02
      wall_vx=8.118e-01   wall_vy=2.826e-02   wall_vz=1.978e-03   wall_T=1.217e-02   wall_dp_dn=1.533e-03  | total=3.925e+00
      w: inlet_vx=1.004e+00  inlet_vy=9.957e-01  inlet_vz=1.010e+00  inlet_T=9.787e-01  outlet_p=9.788e-01
      w: wall_vx=1.011e+00   wall_vy=9.788e-01   wall_vz=9.788e-01   wall_T=9.787e-01   wall_dp_dn=9.788e-01
SUP   vx=0.000e+00  vy=0.000e+00  vz=0.000e+00  p=0.000e+00  T=0.000e+00  | total=0.000e+00
      w: vx=9.788e-01  vy=9.788e-01  vz=9.788e-01  p=9.788e-01  T=9.788e-01
MSE   vx=7.039e+02  vy=8.810e-03  vz=5.025e-03  p=2.325e-06  T=1.203e-02  | total=7.039e+02




[  213/10000]
PDE   div=4.137e-01  mom_x=7.502e-02  mom_y=2.398e-03  mom_z=1.372e-02  heat=1.520e-08  | total=5.048e-01
      w: div=9.805e-01  mom_x=9.788e-01  mom_y=9.787e-01  mom_z=9.793e-01  heat=9.787e-01
BC    inlet_vx=1.189e+00  inlet_vy=8.677e-01  inlet_vz=9.592e-01  inlet_T=1.412e-02  outlet_p=3.547e-02
      wall_vx=8.505e-01   wall_vy=2.970e-02   wall_vz=1.985e-03   wall_T=1.266e-02   wall_dp_dn=1.643e-03  | total=3.962e+00
      w: inlet_vx=1.005e+00  inlet_vy=9.956e-01  inlet_vz=1.010e+00  inlet_T=9.786e-01  outlet_p=9.787e-01
      w: wall_vx=1.011e+00   wall_vy=9.787e-01   wall_vz=9.787e-01   wall_T=9.786e-01   wall_dp_dn=9.787e-01
SUP   vx=0.000e+00  vy=0.000e+00  vz=0.000e+00  p=0.000e+00  T=0.000e+00  | total=0.000e+00
      w: vx=9.787e-01  vy=9.787e-01  vz=9.787e-01  p=9.787e-01  T=9.787e-01
MSE   vx=6.997e+02  vy=8.805e-03  vz=5.026e-03  p=2.328e-06  T=1.186e-02  | total=6.998e+02




[  214/10000]
PDE   div=4.098e-01  mom_x=7.387e-02  mom_y=2.345e-03  mom_z=1.449e-02  heat=1.538e-08  | total=5.005e-01
      w: div=9.804e-01  mom_x=9.787e-01  mom_y=9.786e-01  mom_z=9.792e-01  heat=9.786e-01
BC    inlet_vx=1.185e+00  inlet_vy=8.679e-01  inlet_vz=9.590e-01  inlet_T=1.361e-02  outlet_p=3.532e-02
      wall_vx=8.249e-01   wall_vy=2.696e-02   wall_vz=1.932e-03   wall_T=1.231e-02   wall_dp_dn=1.766e-03  | total=3.929e+00
      w: inlet_vx=1.005e+00  inlet_vy=9.955e-01  inlet_vz=1.009e+00  inlet_T=9.785e-01  outlet_p=9.786e-01
      w: wall_vx=1.011e+00   wall_vy=9.786e-01   wall_vz=9.786e-01   wall_T=9.785e-01   wall_dp_dn=9.786e-01
SUP   vx=0.000e+00  vy=0.000e+00  vz=0.000e+00  p=0.000e+00  T=0.000e+00  | total=0.000e+00
      w: vx=9.786e-01  vy=9.786e-01  vz=9.786e-01  p=9.786e-01  T=9.786e-01
MSE   vx=6.957e+02  vy=8.800e-03  vz=5.027e-03  p=2.331e-06  T=1.169e-02  | total=6.957e+02




[  215/10000]
PDE   div=4.049e-01  mom_x=7.322e-02  mom_y=2.437e-03  mom_z=1.532e-02  heat=1.442e-08  | total=4.959e-01
      w: div=9.804e-01  mom_x=9.786e-01  mom_y=9.785e-01  mom_z=9.791e-01  heat=9.785e-01
BC    inlet_vx=1.182e+00  inlet_vy=8.681e-01  inlet_vz=9.589e-01  inlet_T=1.309e-02  outlet_p=3.512e-02
      wall_vx=8.448e-01   wall_vy=2.661e-02   wall_vz=1.958e-03   wall_T=1.169e-02   wall_dp_dn=1.783e-03  | total=3.944e+00
      w: inlet_vx=1.005e+00  inlet_vy=9.954e-01  inlet_vz=1.009e+00  inlet_T=9.784e-01  outlet_p=9.785e-01
      w: wall_vx=1.011e+00   wall_vy=9.785e-01   wall_vz=9.785e-01   wall_T=9.784e-01   wall_dp_dn=9.785e-01
SUP   vx=0.000e+00  vy=0.000e+00  vz=0.000e+00  p=0.000e+00  T=0.000e+00  | total=0.000e+00
      w: vx=9.785e-01  vy=9.785e-01  vz=9.785e-01  p=9.785e-01  T=9.785e-01
MSE   vx=6.917e+02  vy=8.795e-03  vz=5.028e-03  p=2.334e-06  T=1.150e-02  | total=6.918e+02




[  216/10000]
PDE   div=3.995e-01  mom_x=7.204e-02  mom_y=2.465e-03  mom_z=1.627e-02  heat=1.460e-08  | total=4.902e-01
      w: div=9.803e-01  mom_x=9.785e-01  mom_y=9.784e-01  mom_z=9.790e-01  heat=9.784e-01
BC    inlet_vx=1.178e+00  inlet_vy=8.683e-01  inlet_vz=9.588e-01  inlet_T=1.257e-02  outlet_p=3.476e-02
      wall_vx=8.368e-01   wall_vy=2.791e-02   wall_vz=1.948e-03   wall_T=1.180e-02   wall_dp_dn=1.942e-03  | total=3.933e+00
      w: inlet_vx=1.005e+00  inlet_vy=9.953e-01  inlet_vz=1.009e+00  inlet_T=9.783e-01  outlet_p=9.784e-01
      w: wall_vx=1.011e+00   wall_vy=9.784e-01   wall_vz=9.784e-01   wall_T=9.783e-01   wall_dp_dn=9.784e-01
SUP   vx=0.000e+00  vy=0.000e+00  vz=0.000e+00  p=0.000e+00  T=0.000e+00  | total=0.000e+00
      w: vx=9.784e-01  vy=9.784e-01  vz=9.784e-01  p=9.784e-01  T=9.784e-01
MSE   vx=6.879e+02  vy=8.789e-03  vz=5.029e-03  p=2.337e-06  T=1.132e-02  | total=6.879e+02




[  217/10000]
PDE   div=4.078e-01  mom_x=7.572e-02  mom_y=2.485e-03  mom_z=1.644e-02  heat=1.472e-08  | total=5.024e-01
      w: div=9.802e-01  mom_x=9.784e-01  mom_y=9.783e-01  mom_z=9.789e-01  heat=9.783e-01
BC    inlet_vx=1.174e+00  inlet_vy=8.685e-01  inlet_vz=9.586e-01  inlet_T=1.205e-02  outlet_p=3.474e-02
      wall_vx=8.847e-01   wall_vy=2.742e-02   wall_vz=1.888e-03   wall_T=1.111e-02   wall_dp_dn=1.952e-03  | total=3.975e+00
      w: inlet_vx=1.005e+00  inlet_vy=9.952e-01  inlet_vz=1.009e+00  inlet_T=9.782e-01  outlet_p=9.783e-01
      w: wall_vx=1.011e+00   wall_vy=9.783e-01   wall_vz=9.783e-01   wall_T=9.782e-01   wall_dp_dn=9.783e-01
SUP   vx=0.000e+00  vy=0.000e+00  vz=0.000e+00  p=0.000e+00  T=0.000e+00  | total=0.000e+00
      w: vx=9.783e-01  vy=9.783e-01  vz=9.783e-01  p=9.783e-01  T=9.783e-01
MSE   vx=6.841e+02  vy=8.784e-03  vz=5.030e-03  p=2.341e-06  T=1.112e-02  | total=6.841e+02




[  218/10000]
PDE   div=3.961e-01  mom_x=7.434e-02  mom_y=2.563e-03  mom_z=1.701e-02  heat=1.412e-08  | total=4.900e-01
      w: div=9.801e-01  mom_x=9.783e-01  mom_y=9.782e-01  mom_z=9.788e-01  heat=9.782e-01
BC    inlet_vx=1.170e+00  inlet_vy=8.687e-01  inlet_vz=9.585e-01  inlet_T=1.153e-02  outlet_p=3.431e-02
      wall_vx=8.380e-01   wall_vy=2.611e-02   wall_vz=1.906e-03   wall_T=1.107e-02   wall_dp_dn=2.083e-03  | total=3.922e+00
      w: inlet_vx=1.005e+00  inlet_vy=9.951e-01  inlet_vz=1.009e+00  inlet_T=9.781e-01  outlet_p=9.782e-01
      w: wall_vx=1.011e+00   wall_vy=9.782e-01   wall_vz=9.782e-01   wall_T=9.781e-01   wall_dp_dn=9.782e-01
SUP   vx=0.000e+00  vy=0.000e+00  vz=0.000e+00  p=0.000e+00  T=0.000e+00  | total=0.000e+00
      w: vx=9.782e-01  vy=9.782e-01  vz=9.782e-01  p=9.782e-01  T=9.782e-01
MSE   vx=6.805e+02  vy=8.779e-03  vz=5.031e-03  p=2.345e-06  T=1.092e-02  | total=6.805e+02




[  219/10000]
PDE   div=3.911e-01  mom_x=7.406e-02  mom_y=2.465e-03  mom_z=1.717e-02  heat=1.422e-08  | total=4.848e-01
      w: div=9.800e-01  mom_x=9.782e-01  mom_y=9.781e-01  mom_z=9.787e-01  heat=9.781e-01
BC    inlet_vx=1.166e+00  inlet_vy=8.689e-01  inlet_vz=9.584e-01  inlet_T=1.101e-02  outlet_p=3.427e-02
      wall_vx=8.654e-01   wall_vy=2.944e-02   wall_vz=2.034e-03   wall_T=1.066e-02   wall_dp_dn=2.089e-03  | total=3.948e+00
      w: inlet_vx=1.005e+00  inlet_vy=9.951e-01  inlet_vz=1.009e+00  inlet_T=9.780e-01  outlet_p=9.781e-01
      w: wall_vx=1.011e+00   wall_vy=9.781e-01   wall_vz=9.781e-01   wall_T=9.780e-01   wall_dp_dn=9.781e-01
SUP   vx=0.000e+00  vy=0.000e+00  vz=0.000e+00  p=0.000e+00  T=0.000e+00  | total=0.000e+00
      w: vx=9.781e-01  vy=9.781e-01  vz=9.781e-01  p=9.781e-01  T=9.781e-01
MSE   vx=6.769e+02  vy=8.773e-03  vz=5.032e-03  p=2.348e-06  T=1.072e-02  | total=6.769e+02




[  220/10000]
PDE   div=3.957e-01  mom_x=7.719e-02  mom_y=2.584e-03  mom_z=1.764e-02  heat=1.556e-08  | total=4.931e-01
      w: div=9.799e-01  mom_x=9.781e-01  mom_y=9.780e-01  mom_z=9.786e-01  heat=9.780e-01
BC    inlet_vx=1.162e+00  inlet_vy=8.691e-01  inlet_vz=9.583e-01  inlet_T=1.050e-02  outlet_p=3.389e-02
      wall_vx=8.009e-01   wall_vy=2.682e-02   wall_vz=1.883e-03   wall_T=1.085e-02   wall_dp_dn=2.201e-03  | total=3.876e+00
      w: inlet_vx=1.005e+00  inlet_vy=9.950e-01  inlet_vz=1.009e+00  inlet_T=9.779e-01  outlet_p=9.780e-01
      w: wall_vx=1.011e+00   wall_vy=9.780e-01   wall_vz=9.780e-01   wall_T=9.779e-01   wall_dp_dn=9.780e-01
SUP   vx=0.000e+00  vy=0.000e+00  vz=0.000e+00  p=0.000e+00  T=0.000e+00  | total=0.000e+00
      w: vx=9.780e-01  vy=9.780e-01  vz=9.780e-01  p=9.780e-01  T=9.780e-01
MSE   vx=6.734e+02  vy=8.768e-03  vz=5.033e-03  p=2.352e-06  T=1.052e-02  | total=6.735e+02




[  221/10000]
PDE   div=3.873e-01  mom_x=7.361e-02  mom_y=2.471e-03  mom_z=1.826e-02  heat=1.412e-08  | total=4.816e-01
      w: div=9.799e-01  mom_x=9.780e-01  mom_y=9.779e-01  mom_z=9.785e-01  heat=9.779e-01
BC    inlet_vx=1.158e+00  inlet_vy=8.692e-01  inlet_vz=9.581e-01  inlet_T=9.996e-03  outlet_p=3.370e-02
      wall_vx=8.406e-01   wall_vy=2.721e-02   wall_vz=1.913e-03   wall_T=1.042e-02   wall_dp_dn=2.181e-03  | total=3.911e+00
      w: inlet_vx=1.005e+00  inlet_vy=9.949e-01  inlet_vz=1.009e+00  inlet_T=9.778e-01  outlet_p=9.779e-01
      w: wall_vx=1.011e+00   wall_vy=9.779e-01   wall_vz=9.779e-01   wall_T=9.778e-01   wall_dp_dn=9.779e-01
SUP   vx=0.000e+00  vy=0.000e+00  vz=0.000e+00  p=0.000e+00  T=0.000e+00  | total=0.000e+00
      w: vx=9.779e-01  vy=9.779e-01  vz=9.779e-01  p=9.779e-01  T=9.779e-01
MSE   vx=6.701e+02  vy=8.763e-03  vz=5.034e-03  p=2.357e-06  T=1.032e-02  | total=6.701e+02




[  222/10000]
PDE   div=3.879e-01  mom_x=7.478e-02  mom_y=2.615e-03  mom_z=1.858e-02  heat=1.394e-08  | total=4.839e-01
      w: div=9.798e-01  mom_x=9.779e-01  mom_y=9.778e-01  mom_z=9.784e-01  heat=9.778e-01
BC    inlet_vx=1.153e+00  inlet_vy=8.693e-01  inlet_vz=9.580e-01  inlet_T=9.503e-03  outlet_p=3.353e-02
      wall_vx=8.570e-01   wall_vy=2.714e-02   wall_vz=1.969e-03   wall_T=1.041e-02   wall_dp_dn=2.166e-03  | total=3.923e+00
      w: inlet_vx=1.005e+00  inlet_vy=9.948e-01  inlet_vz=1.009e+00  inlet_T=9.777e-01  outlet_p=9.778e-01
      w: wall_vx=1.011e+00   wall_vy=9.778e-01   wall_vz=9.778e-01   wall_T=9.777e-01   wall_dp_dn=9.778e-01
SUP   vx=0.000e+00  vy=0.000e+00  vz=0.000e+00  p=0.000e+00  T=0.000e+00  | total=0.000e+00
      w: vx=9.778e-01  vy=9.778e-01  vz=9.778e-01  p=9.778e-01  T=9.778e-01
MSE   vx=6.668e+02  vy=8.757e-03  vz=5.035e-03  p=2.361e-06  T=1.011e-02  | total=6.669e+02




[  223/10000]
PDE   div=3.809e-01  mom_x=7.502e-02  mom_y=2.586e-03  mom_z=1.839e-02  heat=1.405e-08  | total=4.769e-01
      w: div=9.797e-01  mom_x=9.778e-01  mom_y=9.777e-01  mom_z=9.783e-01  heat=9.777e-01
BC    inlet_vx=1.149e+00  inlet_vy=8.695e-01  inlet_vz=9.579e-01  inlet_T=9.022e-03  outlet_p=3.347e-02
      wall_vx=8.789e-01   wall_vy=2.906e-02   wall_vz=2.070e-03   wall_T=9.981e-03   wall_dp_dn=2.170e-03  | total=3.941e+00
      w: inlet_vx=1.005e+00  inlet_vy=9.947e-01  inlet_vz=1.009e+00  inlet_T=9.776e-01  outlet_p=9.777e-01
      w: wall_vx=1.011e+00   wall_vy=9.777e-01   wall_vz=9.777e-01   wall_T=9.776e-01   wall_dp_dn=9.777e-01
SUP   vx=0.000e+00  vy=0.000e+00  vz=0.000e+00  p=0.000e+00  T=0.000e+00  | total=0.000e+00
      w: vx=9.777e-01  vy=9.777e-01  vz=9.777e-01  p=9.777e-01  T=9.777e-01
MSE   vx=6.637e+02  vy=8.752e-03  vz=5.036e-03  p=2.366e-06  T=9.909e-03  | total=6.637e+02




[  224/10000]
PDE   div=3.802e-01  mom_x=7.266e-02  mom_y=2.608e-03  mom_z=1.876e-02  heat=1.294e-08  | total=4.742e-01
      w: div=9.796e-01  mom_x=9.777e-01  mom_y=9.776e-01  mom_z=9.782e-01  heat=9.776e-01
BC    inlet_vx=1.144e+00  inlet_vy=8.696e-01  inlet_vz=9.578e-01  inlet_T=8.556e-03  outlet_p=3.328e-02
      wall_vx=8.883e-01   wall_vy=2.799e-02   wall_vz=1.994e-03   wall_T=9.771e-03   wall_dp_dn=2.218e-03  | total=3.944e+00
      w: inlet_vx=1.005e+00  inlet_vy=9.946e-01  inlet_vz=1.009e+00  inlet_T=9.775e-01  outlet_p=9.776e-01
      w: wall_vx=1.011e+00   wall_vy=9.776e-01   wall_vz=9.776e-01   wall_T=9.775e-01   wall_dp_dn=9.776e-01
SUP   vx=0.000e+00  vy=0.000e+00  vz=0.000e+00  p=0.000e+00  T=0.000e+00  | total=0.000e+00
      w: vx=9.776e-01  vy=9.776e-01  vz=9.776e-01  p=9.776e-01  T=9.776e-01
MSE   vx=6.606e+02  vy=8.746e-03  vz=5.038e-03  p=2.370e-06  T=9.708e-03  | total=6.607e+02




[  225/10000]
PDE   div=3.843e-01  mom_x=7.440e-02  mom_y=2.719e-03  mom_z=1.878e-02  heat=1.318e-08  | total=4.802e-01
      w: div=9.795e-01  mom_x=9.776e-01  mom_y=9.775e-01  mom_z=9.781e-01  heat=9.775e-01
BC    inlet_vx=1.140e+00  inlet_vy=8.697e-01  inlet_vz=9.576e-01  inlet_T=8.106e-03  outlet_p=3.320e-02
      wall_vx=9.256e-01   wall_vy=2.584e-02   wall_vz=1.984e-03   wall_T=9.455e-03   wall_dp_dn=2.197e-03  | total=3.973e+00
      w: inlet_vx=1.005e+00  inlet_vy=9.945e-01  inlet_vz=1.009e+00  inlet_T=9.774e-01  outlet_p=9.775e-01
      w: wall_vx=1.011e+00   wall_vy=9.775e-01   wall_vz=9.775e-01   wall_T=9.774e-01   wall_dp_dn=9.775e-01
SUP   vx=0.000e+00  vy=0.000e+00  vz=0.000e+00  p=0.000e+00  T=0.000e+00  | total=0.000e+00
      w: vx=9.775e-01  vy=9.775e-01  vz=9.775e-01  p=9.775e-01  T=9.775e-01
MSE   vx=6.577e+02  vy=8.741e-03  vz=5.039e-03  p=2.375e-06  T=9.509e-03  | total=6.577e+02




[  226/10000]
PDE   div=3.768e-01  mom_x=7.571e-02  mom_y=2.596e-03  mom_z=1.816e-02  heat=1.416e-08  | total=4.733e-01
      w: div=9.794e-01  mom_x=9.775e-01  mom_y=9.774e-01  mom_z=9.780e-01  heat=9.774e-01
BC    inlet_vx=1.135e+00  inlet_vy=8.698e-01  inlet_vz=9.575e-01  inlet_T=7.673e-03  outlet_p=3.300e-02
      wall_vx=8.561e-01   wall_vy=2.583e-02   wall_vz=1.953e-03   wall_T=9.944e-03   wall_dp_dn=2.288e-03  | total=3.899e+00
      w: inlet_vx=1.006e+00  inlet_vy=9.944e-01  inlet_vz=1.009e+00  inlet_T=9.773e-01  outlet_p=9.774e-01
      w: wall_vx=1.011e+00   wall_vy=9.774e-01   wall_vz=9.774e-01   wall_T=9.773e-01   wall_dp_dn=9.774e-01
SUP   vx=0.000e+00  vy=0.000e+00  vz=0.000e+00  p=0.000e+00  T=0.000e+00  | total=0.000e+00
      w: vx=9.774e-01  vy=9.774e-01  vz=9.774e-01  p=9.774e-01  T=9.774e-01
MSE   vx=6.548e+02  vy=8.735e-03  vz=5.040e-03  p=2.380e-06  T=9.314e-03  | total=6.548e+02




[  227/10000]
PDE   div=3.826e-01  mom_x=7.647e-02  mom_y=2.708e-03  mom_z=1.831e-02  heat=1.365e-08  | total=4.801e-01
      w: div=9.793e-01  mom_x=9.774e-01  mom_y=9.773e-01  mom_z=9.779e-01  heat=9.773e-01
BC    inlet_vx=1.130e+00  inlet_vy=8.698e-01  inlet_vz=9.574e-01  inlet_T=7.260e-03  outlet_p=3.286e-02
      wall_vx=9.231e-01   wall_vy=2.803e-02   wall_vz=2.060e-03   wall_T=9.675e-03   wall_dp_dn=2.208e-03  | total=3.963e+00
      w: inlet_vx=1.006e+00  inlet_vy=9.944e-01  inlet_vz=1.009e+00  inlet_T=9.772e-01  outlet_p=9.773e-01
      w: wall_vx=1.011e+00   wall_vy=9.773e-01   wall_vz=9.773e-01   wall_T=9.772e-01   wall_dp_dn=9.773e-01
SUP   vx=0.000e+00  vy=0.000e+00  vz=0.000e+00  p=0.000e+00  T=0.000e+00  | total=0.000e+00
      w: vx=9.773e-01  vy=9.773e-01  vz=9.773e-01  p=9.773e-01  T=9.773e-01
MSE   vx=6.521e+02  vy=8.730e-03  vz=5.042e-03  p=2.385e-06  T=9.123e-03  | total=6.521e+02




[  228/10000]
PDE   div=3.781e-01  mom_x=7.515e-02  mom_y=2.702e-03  mom_z=1.773e-02  heat=1.265e-08  | total=4.737e-01
      w: div=9.793e-01  mom_x=9.773e-01  mom_y=9.772e-01  mom_z=9.778e-01  heat=9.772e-01
BC    inlet_vx=1.126e+00  inlet_vy=8.699e-01  inlet_vz=9.573e-01  inlet_T=6.867e-03  outlet_p=3.284e-02
      wall_vx=9.004e-01   wall_vy=2.774e-02   wall_vz=2.019e-03   wall_T=9.110e-03   wall_dp_dn=2.188e-03  | total=3.934e+00
      w: inlet_vx=1.006e+00  inlet_vy=9.943e-01  inlet_vz=1.009e+00  inlet_T=9.771e-01  outlet_p=9.772e-01
      w: wall_vx=1.011e+00   wall_vy=9.772e-01   wall_vz=9.772e-01   wall_T=9.771e-01   wall_dp_dn=9.772e-01
SUP   vx=0.000e+00  vy=0.000e+00  vz=0.000e+00  p=0.000e+00  T=0.000e+00  | total=0.000e+00
      w: vx=9.772e-01  vy=9.772e-01  vz=9.772e-01  p=9.772e-01  T=9.772e-01
MSE   vx=6.494e+02  vy=8.724e-03  vz=5.043e-03  p=2.391e-06  T=8.938e-03  | total=6.494e+02




[  229/10000]
PDE   div=3.811e-01  mom_x=7.703e-02  mom_y=2.794e-03  mom_z=1.768e-02  heat=1.339e-08  | total=4.786e-01
      w: div=9.792e-01  mom_x=9.772e-01  mom_y=9.771e-01  mom_z=9.777e-01  heat=9.771e-01
BC    inlet_vx=1.121e+00  inlet_vy=8.699e-01  inlet_vz=9.571e-01  inlet_T=6.496e-03  outlet_p=3.246e-02
      wall_vx=9.302e-01   wall_vy=2.805e-02   wall_vz=2.013e-03   wall_T=8.975e-03   wall_dp_dn=2.154e-03  | total=3.958e+00
      w: inlet_vx=1.006e+00  inlet_vy=9.942e-01  inlet_vz=1.009e+00  inlet_T=9.770e-01  outlet_p=9.771e-01
      w: wall_vx=1.011e+00   wall_vy=9.771e-01   wall_vz=9.771e-01   wall_T=9.770e-01   wall_dp_dn=9.771e-01
SUP   vx=0.000e+00  vy=0.000e+00  vz=0.000e+00  p=0.000e+00  T=0.000e+00  | total=0.000e+00
      w: vx=9.771e-01  vy=9.771e-01  vz=9.771e-01  p=9.771e-01  T=9.771e-01
MSE   vx=6.468e+02  vy=8.719e-03  vz=5.045e-03  p=2.396e-06  T=8.758e-03  | total=6.468e+02




[  230/10000]
PDE   div=3.728e-01  mom_x=7.648e-02  mom_y=2.784e-03  mom_z=1.728e-02  heat=1.308e-08  | total=4.694e-01
      w: div=9.791e-01  mom_x=9.771e-01  mom_y=9.770e-01  mom_z=9.776e-01  heat=9.770e-01
BC    inlet_vx=1.116e+00  inlet_vy=8.699e-01  inlet_vz=9.570e-01  inlet_T=6.147e-03  outlet_p=3.258e-02
      wall_vx=8.739e-01   wall_vy=2.621e-02   wall_vz=2.069e-03   wall_T=8.960e-03   wall_dp_dn=2.101e-03  | total=3.895e+00
      w: inlet_vx=1.006e+00  inlet_vy=9.941e-01  inlet_vz=1.009e+00  inlet_T=9.769e-01  outlet_p=9.770e-01
      w: wall_vx=1.011e+00   wall_vy=9.770e-01   wall_vz=9.770e-01   wall_T=9.769e-01   wall_dp_dn=9.770e-01
SUP   vx=0.000e+00  vy=0.000e+00  vz=0.000e+00  p=0.000e+00  T=0.000e+00  | total=0.000e+00
      w: vx=9.770e-01  vy=9.770e-01  vz=9.770e-01  p=9.770e-01  T=9.770e-01
MSE   vx=6.443e+02  vy=8.713e-03  vz=5.046e-03  p=2.402e-06  T=8.584e-03  | total=6.443e+02




[  231/10000]
PDE   div=3.763e-01  mom_x=7.638e-02  mom_y=2.744e-03  mom_z=1.669e-02  heat=1.282e-08  | total=4.721e-01
      w: div=9.790e-01  mom_x=9.770e-01  mom_y=9.769e-01  mom_z=9.775e-01  heat=9.769e-01
BC    inlet_vx=1.111e+00  inlet_vy=8.700e-01  inlet_vz=9.569e-01  inlet_T=5.822e-03  outlet_p=3.219e-02
      wall_vx=9.323e-01   wall_vy=2.783e-02   wall_vz=2.025e-03   wall_T=8.320e-03   wall_dp_dn=2.016e-03  | total=3.949e+00
      w: inlet_vx=1.006e+00  inlet_vy=9.940e-01  inlet_vz=1.008e+00  inlet_T=9.768e-01  outlet_p=9.769e-01
      w: wall_vx=1.011e+00   wall_vy=9.769e-01   wall_vz=9.769e-01   wall_T=9.768e-01   wall_dp_dn=9.769e-01
SUP   vx=0.000e+00  vy=0.000e+00  vz=0.000e+00  p=0.000e+00  T=0.000e+00  | total=0.000e+00
      w: vx=9.769e-01  vy=9.769e-01  vz=9.769e-01  p=9.769e-01  T=9.769e-01
MSE   vx=6.419e+02  vy=8.708e-03  vz=5.048e-03  p=2.408e-06  T=8.418e-03  | total=6.420e+02




[  232/10000]
PDE   div=3.745e-01  mom_x=7.771e-02  mom_y=2.789e-03  mom_z=1.615e-02  heat=1.207e-08  | total=4.711e-01
      w: div=9.789e-01  mom_x=9.769e-01  mom_y=9.768e-01  mom_z=9.774e-01  heat=9.768e-01
BC    inlet_vx=1.106e+00  inlet_vy=8.700e-01  inlet_vz=9.568e-01  inlet_T=5.520e-03  outlet_p=3.219e-02
      wall_vx=9.114e-01   wall_vy=2.678e-02   wall_vz=2.088e-03   wall_T=8.779e-03   wall_dp_dn=1.978e-03  | total=3.922e+00
      w: inlet_vx=1.006e+00  inlet_vy=9.939e-01  inlet_vz=1.008e+00  inlet_T=9.767e-01  outlet_p=9.768e-01
      w: wall_vx=1.011e+00   wall_vy=9.768e-01   wall_vz=9.768e-01   wall_T=9.767e-01   wall_dp_dn=9.768e-01
SUP   vx=0.000e+00  vy=0.000e+00  vz=0.000e+00  p=0.000e+00  T=0.000e+00  | total=0.000e+00
      w: vx=9.768e-01  vy=9.768e-01  vz=9.768e-01  p=9.768e-01  T=9.768e-01
MSE   vx=6.396e+02  vy=8.702e-03  vz=5.050e-03  p=2.414e-06  T=8.259e-03  | total=6.397e+02




[  233/10000]
PDE   div=3.820e-01  mom_x=7.929e-02  mom_y=2.923e-03  mom_z=1.537e-02  heat=1.251e-08  | total=4.796e-01
      w: div=9.788e-01  mom_x=9.768e-01  mom_y=9.767e-01  mom_z=9.773e-01  heat=9.767e-01
BC    inlet_vx=1.101e+00  inlet_vy=8.699e-01  inlet_vz=9.567e-01  inlet_T=5.242e-03  outlet_p=3.203e-02
      wall_vx=9.338e-01   wall_vy=2.609e-02   wall_vz=1.969e-03   wall_T=8.557e-03   wall_dp_dn=1.952e-03  | total=3.938e+00
      w: inlet_vx=1.006e+00  inlet_vy=9.938e-01  inlet_vz=1.008e+00  inlet_T=9.766e-01  outlet_p=9.767e-01
      w: wall_vx=1.011e+00   wall_vy=9.767e-01   wall_vz=9.767e-01   wall_T=9.766e-01   wall_dp_dn=9.767e-01
SUP   vx=0.000e+00  vy=0.000e+00  vz=0.000e+00  p=0.000e+00  T=0.000e+00  | total=0.000e+00
      w: vx=9.767e-01  vy=9.767e-01  vz=9.767e-01  p=9.767e-01  T=9.767e-01
MSE   vx=6.374e+02  vy=8.697e-03  vz=5.051e-03  p=2.420e-06  T=8.108e-03  | total=6.374e+02




[  234/10000]
PDE   div=3.731e-01  mom_x=7.707e-02  mom_y=2.834e-03  mom_z=1.510e-02  heat=1.303e-08  | total=4.681e-01
      w: div=9.787e-01  mom_x=9.767e-01  mom_y=9.766e-01  mom_z=9.772e-01  heat=9.766e-01
BC    inlet_vx=1.097e+00  inlet_vy=8.699e-01  inlet_vz=9.565e-01  inlet_T=4.990e-03  outlet_p=3.195e-02
      wall_vx=9.525e-01   wall_vy=2.698e-02   wall_vz=2.133e-03   wall_T=8.279e-03   wall_dp_dn=1.805e-03  | total=3.952e+00
      w: inlet_vx=1.006e+00  inlet_vy=9.937e-01  inlet_vz=1.008e+00  inlet_T=9.765e-01  outlet_p=9.766e-01
      w: wall_vx=1.011e+00   wall_vy=9.766e-01   wall_vz=9.766e-01   wall_T=9.765e-01   wall_dp_dn=9.766e-01
SUP   vx=0.000e+00  vy=0.000e+00  vz=0.000e+00  p=0.000e+00  T=0.000e+00  | total=0.000e+00
      w: vx=9.766e-01  vy=9.766e-01  vz=9.766e-01  p=9.766e-01  T=9.766e-01
MSE   vx=6.353e+02  vy=8.691e-03  vz=5.053e-03  p=2.426e-06  T=7.964e-03  | total=6.353e+02




[  235/10000]
PDE   div=3.755e-01  mom_x=7.895e-02  mom_y=2.800e-03  mom_z=1.413e-02  heat=1.312e-08  | total=4.714e-01
      w: div=9.787e-01  mom_x=9.766e-01  mom_y=9.765e-01  mom_z=9.771e-01  heat=9.765e-01
BC    inlet_vx=1.092e+00  inlet_vy=8.699e-01  inlet_vz=9.564e-01  inlet_T=4.761e-03  outlet_p=3.176e-02
      wall_vx=9.241e-01   wall_vy=2.560e-02   wall_vz=2.042e-03   wall_T=7.924e-03   wall_dp_dn=1.749e-03  | total=3.916e+00
      w: inlet_vx=1.006e+00  inlet_vy=9.936e-01  inlet_vz=1.008e+00  inlet_T=9.764e-01  outlet_p=9.765e-01
      w: wall_vx=1.011e+00   wall_vy=9.765e-01   wall_vz=9.765e-01   wall_T=9.764e-01   wall_dp_dn=9.765e-01
SUP   vx=0.000e+00  vy=0.000e+00  vz=0.000e+00  p=0.000e+00  T=0.000e+00  | total=0.000e+00
      w: vx=9.765e-01  vy=9.765e-01  vz=9.765e-01  p=9.765e-01  T=9.765e-01
MSE   vx=6.332e+02  vy=8.685e-03  vz=5.055e-03  p=2.432e-06  T=7.830e-03  | total=6.333e+02




[  236/10000]
PDE   div=3.733e-01  mom_x=7.725e-02  mom_y=2.844e-03  mom_z=1.365e-02  heat=1.195e-08  | total=4.670e-01
      w: div=9.786e-01  mom_x=9.765e-01  mom_y=9.764e-01  mom_z=9.770e-01  heat=9.764e-01
BC    inlet_vx=1.087e+00  inlet_vy=8.698e-01  inlet_vz=9.563e-01  inlet_T=4.557e-03  outlet_p=3.159e-02
      wall_vx=9.702e-01   wall_vy=2.607e-02   wall_vz=2.130e-03   wall_T=7.675e-03   wall_dp_dn=1.660e-03  | total=3.957e+00
      w: inlet_vx=1.006e+00  inlet_vy=9.936e-01  inlet_vz=1.008e+00  inlet_T=9.763e-01  outlet_p=9.764e-01
      w: wall_vx=1.011e+00   wall_vy=9.764e-01   wall_vz=9.764e-01   wall_T=9.763e-01   wall_dp_dn=9.764e-01
SUP   vx=0.000e+00  vy=0.000e+00  vz=0.000e+00  p=0.000e+00  T=0.000e+00  | total=0.000e+00
      w: vx=9.764e-01  vy=9.764e-01  vz=9.764e-01  p=9.764e-01  T=9.764e-01
MSE   vx=6.313e+02  vy=8.680e-03  vz=5.057e-03  p=2.439e-06  T=7.704e-03  | total=6.313e+02




[  237/10000]
PDE   div=3.780e-01  mom_x=7.993e-02  mom_y=2.876e-03  mom_z=1.258e-02  heat=1.250e-08  | total=4.733e-01
      w: div=9.785e-01  mom_x=9.764e-01  mom_y=9.763e-01  mom_z=9.769e-01  heat=9.763e-01
BC    inlet_vx=1.082e+00  inlet_vy=8.697e-01  inlet_vz=9.562e-01  inlet_T=4.378e-03  outlet_p=3.149e-02
      wall_vx=9.663e-01   wall_vy=2.703e-02   wall_vz=1.981e-03   wall_T=8.020e-03   wall_dp_dn=1.615e-03  | total=3.949e+00
      w: inlet_vx=1.006e+00  inlet_vy=9.935e-01  inlet_vz=1.008e+00  inlet_T=9.762e-01  outlet_p=9.763e-01
      w: wall_vx=1.011e+00   wall_vy=9.763e-01   wall_vz=9.763e-01   wall_T=9.762e-01   wall_dp_dn=9.763e-01
SUP   vx=0.000e+00  vy=0.000e+00  vz=0.000e+00  p=0.000e+00  T=0.000e+00  | total=0.000e+00
      w: vx=9.763e-01  vy=9.763e-01  vz=9.763e-01  p=9.763e-01  T=9.763e-01
MSE   vx=6.294e+02  vy=8.674e-03  vz=5.059e-03  p=2.446e-06  T=7.587e-03  | total=6.294e+02




[  238/10000]
PDE   div=3.738e-01  mom_x=8.103e-02  mom_y=2.891e-03  mom_z=1.169e-02  heat=1.268e-08  | total=4.694e-01
      w: div=9.784e-01  mom_x=9.763e-01  mom_y=9.762e-01  mom_z=9.768e-01  heat=9.762e-01
BC    inlet_vx=1.077e+00  inlet_vy=8.696e-01  inlet_vz=9.561e-01  inlet_T=4.223e-03  outlet_p=3.150e-02
      wall_vx=9.715e-01   wall_vy=2.788e-02   wall_vz=2.048e-03   wall_T=7.378e-03   wall_dp_dn=1.496e-03  | total=3.949e+00
      w: inlet_vx=1.006e+00  inlet_vy=9.934e-01  inlet_vz=1.008e+00  inlet_T=9.761e-01  outlet_p=9.762e-01
      w: wall_vx=1.011e+00   wall_vy=9.762e-01   wall_vz=9.762e-01   wall_T=9.761e-01   wall_dp_dn=9.762e-01
SUP   vx=0.000e+00  vy=0.000e+00  vz=0.000e+00  p=0.000e+00  T=0.000e+00  | total=0.000e+00
      w: vx=9.762e-01  vy=9.762e-01  vz=9.762e-01  p=9.762e-01  T=9.762e-01
MSE   vx=6.276e+02  vy=8.668e-03  vz=5.061e-03  p=2.452e-06  T=7.479e-03  | total=6.276e+02




[  239/10000]
PDE   div=3.683e-01  mom_x=7.768e-02  mom_y=2.814e-03  mom_z=1.130e-02  heat=1.227e-08  | total=4.601e-01
      w: div=9.783e-01  mom_x=9.762e-01  mom_y=9.761e-01  mom_z=9.767e-01  heat=9.761e-01
BC    inlet_vx=1.072e+00  inlet_vy=8.695e-01  inlet_vz=9.559e-01  inlet_T=4.091e-03  outlet_p=3.146e-02
      wall_vx=9.470e-01   wall_vy=2.799e-02   wall_vz=2.126e-03   wall_T=7.534e-03   wall_dp_dn=1.368e-03  | total=3.919e+00
      w: inlet_vx=1.007e+00  inlet_vy=9.933e-01  inlet_vz=1.008e+00  inlet_T=9.760e-01  outlet_p=9.761e-01
      w: wall_vx=1.011e+00   wall_vy=9.761e-01   wall_vz=9.761e-01   wall_T=9.760e-01   wall_dp_dn=9.761e-01
SUP   vx=0.000e+00  vy=0.000e+00  vz=0.000e+00  p=0.000e+00  T=0.000e+00  | total=0.000e+00
      w: vx=9.761e-01  vy=9.761e-01  vz=9.761e-01  p=9.761e-01  T=9.761e-01
MSE   vx=6.259e+02  vy=8.662e-03  vz=5.063e-03  p=2.459e-06  T=7.380e-03  | total=6.259e+02




[  240/10000]
PDE   div=3.746e-01  mom_x=8.041e-02  mom_y=2.926e-03  mom_z=1.057e-02  heat=1.326e-08  | total=4.685e-01
      w: div=9.782e-01  mom_x=9.761e-01  mom_y=9.760e-01  mom_z=9.766e-01  heat=9.760e-01
BC    inlet_vx=1.068e+00  inlet_vy=8.694e-01  inlet_vz=9.558e-01  inlet_T=3.982e-03  outlet_p=3.129e-02
      wall_vx=9.561e-01   wall_vy=2.687e-02   wall_vz=2.111e-03   wall_T=7.431e-03   wall_dp_dn=1.286e-03  | total=3.922e+00
      w: inlet_vx=1.007e+00  inlet_vy=9.932e-01  inlet_vz=1.008e+00  inlet_T=9.759e-01  outlet_p=9.760e-01
      w: wall_vx=1.011e+00   wall_vy=9.760e-01   wall_vz=9.760e-01   wall_T=9.759e-01   wall_dp_dn=9.760e-01
SUP   vx=0.000e+00  vy=0.000e+00  vz=0.000e+00  p=0.000e+00  T=0.000e+00  | total=0.000e+00
      w: vx=9.760e-01  vy=9.760e-01  vz=9.760e-01  p=9.760e-01  T=9.760e-01
MSE   vx=6.243e+02  vy=8.657e-03  vz=5.065e-03  p=2.466e-06  T=7.291e-03  | total=6.243e+02




[  241/10000]
PDE   div=3.763e-01  mom_x=8.381e-02  mom_y=2.871e-03  mom_z=9.428e-03  heat=1.434e-08  | total=4.724e-01
      w: div=9.781e-01  mom_x=9.760e-01  mom_y=9.759e-01  mom_z=9.765e-01  heat=9.759e-01
BC    inlet_vx=1.063e+00  inlet_vy=8.692e-01  inlet_vz=9.557e-01  inlet_T=3.895e-03  outlet_p=3.103e-02
      wall_vx=9.625e-01   wall_vy=2.637e-02   wall_vz=2.094e-03   wall_T=7.024e-03   wall_dp_dn=1.229e-03  | total=3.922e+00
      w: inlet_vx=1.007e+00  inlet_vy=9.931e-01  inlet_vz=1.008e+00  inlet_T=9.758e-01  outlet_p=9.759e-01
      w: wall_vx=1.011e+00   wall_vy=9.759e-01   wall_vz=9.759e-01   wall_T=9.758e-01   wall_dp_dn=9.759e-01
SUP   vx=0.000e+00  vy=0.000e+00  vz=0.000e+00  p=0.000e+00  T=0.000e+00  | total=0.000e+00
      w: vx=9.759e-01  vy=9.759e-01  vz=9.759e-01  p=9.759e-01  T=9.759e-01
MSE   vx=6.227e+02  vy=8.651e-03  vz=5.067e-03  p=2.473e-06  T=7.210e-03  | total=6.228e+02




[  242/10000]
PDE   div=3.773e-01  mom_x=8.210e-02  mom_y=2.903e-03  mom_z=9.006e-03  heat=1.295e-08  | total=4.713e-01
      w: div=9.781e-01  mom_x=9.759e-01  mom_y=9.758e-01  mom_z=9.763e-01  heat=9.758e-01
BC    inlet_vx=1.058e+00  inlet_vy=8.691e-01  inlet_vz=9.556e-01  inlet_T=3.829e-03  outlet_p=3.115e-02
      wall_vx=9.903e-01   wall_vy=2.835e-02   wall_vz=2.110e-03   wall_T=7.033e-03   wall_dp_dn=1.111e-03  | total=3.947e+00
      w: inlet_vx=1.007e+00  inlet_vy=9.930e-01  inlet_vz=1.008e+00  inlet_T=9.757e-01  outlet_p=9.758e-01
      w: wall_vx=1.011e+00   wall_vy=9.758e-01   wall_vz=9.758e-01   wall_T=9.757e-01   wall_dp_dn=9.758e-01
SUP   vx=0.000e+00  vy=0.000e+00  vz=0.000e+00  p=0.000e+00  T=0.000e+00  | total=0.000e+00
      w: vx=9.758e-01  vy=9.758e-01  vz=9.758e-01  p=9.758e-01  T=9.758e-01
MSE   vx=6.213e+02  vy=8.645e-03  vz=5.069e-03  p=2.481e-06  T=7.139e-03  | total=6.213e+02




[  243/10000]
PDE   div=3.764e-01  mom_x=8.328e-02  mom_y=2.912e-03  mom_z=8.233e-03  heat=1.334e-08  | total=4.709e-01
      w: div=9.780e-01  mom_x=9.758e-01  mom_y=9.757e-01  mom_z=9.762e-01  heat=9.757e-01
BC    inlet_vx=1.054e+00  inlet_vy=8.689e-01  inlet_vz=9.554e-01  inlet_T=3.783e-03  outlet_p=3.102e-02
      wall_vx=9.698e-01   wall_vy=2.767e-02   wall_vz=2.043e-03   wall_T=7.209e-03   wall_dp_dn=1.025e-03  | total=3.920e+00
      w: inlet_vx=1.007e+00  inlet_vy=9.929e-01  inlet_vz=1.008e+00  inlet_T=9.756e-01  outlet_p=9.757e-01
      w: wall_vx=1.011e+00   wall_vy=9.757e-01   wall_vz=9.757e-01   wall_T=9.756e-01   wall_dp_dn=9.756e-01
SUP   vx=0.000e+00  vy=0.000e+00  vz=0.000e+00  p=0.000e+00  T=0.000e+00  | total=0.000e+00
      w: vx=9.757e-01  vy=9.757e-01  vz=9.757e-01  p=9.757e-01  T=9.757e-01
MSE   vx=6.199e+02  vy=8.639e-03  vz=5.071e-03  p=2.488e-06  T=7.076e-03  | total=6.199e+02




[  244/10000]
PDE   div=3.706e-01  mom_x=7.944e-02  mom_y=2.918e-03  mom_z=7.675e-03  heat=1.296e-08  | total=4.606e-01
      w: div=9.779e-01  mom_x=9.757e-01  mom_y=9.756e-01  mom_z=9.761e-01  heat=9.756e-01
BC    inlet_vx=1.049e+00  inlet_vy=8.687e-01  inlet_vz=9.553e-01  inlet_T=3.755e-03  outlet_p=3.096e-02
      wall_vx=9.367e-01   wall_vy=2.802e-02   wall_vz=1.996e-03   wall_T=7.024e-03   wall_dp_dn=9.592e-04  | total=3.882e+00
      w: inlet_vx=1.007e+00  inlet_vy=9.928e-01  inlet_vz=1.008e+00  inlet_T=9.755e-01  outlet_p=9.756e-01
      w: wall_vx=1.010e+00   wall_vy=9.756e-01   wall_vz=9.756e-01   wall_T=9.755e-01   wall_dp_dn=9.755e-01
SUP   vx=0.000e+00  vy=0.000e+00  vz=0.000e+00  p=0.000e+00  T=0.000e+00  | total=0.000e+00
      w: vx=9.756e-01  vy=9.756e-01  vz=9.756e-01  p=9.756e-01  T=9.756e-01
MSE   vx=6.186e+02  vy=8.634e-03  vz=5.074e-03  p=2.495e-06  T=7.022e-03  | total=6.186e+02




[  245/10000]
PDE   div=3.751e-01  mom_x=8.324e-02  mom_y=2.943e-03  mom_z=6.831e-03  heat=1.396e-08  | total=4.681e-01
      w: div=9.778e-01  mom_x=9.756e-01  mom_y=9.755e-01  mom_z=9.760e-01  heat=9.755e-01
BC    inlet_vx=1.044e+00  inlet_vy=8.685e-01  inlet_vz=9.552e-01  inlet_T=3.746e-03  outlet_p=3.088e-02
      wall_vx=9.830e-01   wall_vy=2.812e-02   wall_vz=2.139e-03   wall_T=6.855e-03   wall_dp_dn=8.499e-04  | total=3.924e+00
      w: inlet_vx=1.007e+00  inlet_vy=9.928e-01  inlet_vz=1.008e+00  inlet_T=9.754e-01  outlet_p=9.755e-01
      w: wall_vx=1.010e+00   wall_vy=9.755e-01   wall_vz=9.755e-01   wall_T=9.754e-01   wall_dp_dn=9.754e-01
SUP   vx=0.000e+00  vy=0.000e+00  vz=0.000e+00  p=0.000e+00  T=0.000e+00  | total=0.000e+00
      w: vx=9.755e-01  vy=9.755e-01  vz=9.755e-01  p=9.755e-01  T=9.755e-01
MSE   vx=6.173e+02  vy=8.628e-03  vz=5.076e-03  p=2.503e-06  T=6.976e-03  | total=6.174e+02




[  246/10000]
PDE   div=3.798e-01  mom_x=8.520e-02  mom_y=2.867e-03  mom_z=6.213e-03  heat=1.539e-08  | total=4.741e-01
      w: div=9.777e-01  mom_x=9.755e-01  mom_y=9.754e-01  mom_z=9.759e-01  heat=9.754e-01
BC    inlet_vx=1.040e+00  inlet_vy=8.683e-01  inlet_vz=9.551e-01  inlet_T=3.753e-03  outlet_p=3.084e-02
      wall_vx=1.025e+00   wall_vy=2.897e-02   wall_vz=2.128e-03   wall_T=6.850e-03   wall_dp_dn=7.870e-04  | total=3.962e+00
      w: inlet_vx=1.007e+00  inlet_vy=9.927e-01  inlet_vz=1.008e+00  inlet_T=9.753e-01  outlet_p=9.754e-01
      w: wall_vx=1.010e+00   wall_vy=9.754e-01   wall_vz=9.754e-01   wall_T=9.753e-01   wall_dp_dn=9.753e-01
SUP   vx=0.000e+00  vy=0.000e+00  vz=0.000e+00  p=0.000e+00  T=0.000e+00  | total=0.000e+00
      w: vx=9.754e-01  vy=9.754e-01  vz=9.754e-01  p=9.754e-01  T=9.754e-01
MSE   vx=6.162e+02  vy=8.623e-03  vz=5.078e-03  p=2.510e-06  T=6.938e-03  | total=6.162e+02




[  247/10000]
PDE   div=3.810e-01  mom_x=8.556e-02  mom_y=2.921e-03  mom_z=5.708e-03  heat=1.446e-08  | total=4.751e-01
      w: div=9.776e-01  mom_x=9.754e-01  mom_y=9.753e-01  mom_z=9.758e-01  heat=9.753e-01
BC    inlet_vx=1.035e+00  inlet_vy=8.681e-01  inlet_vz=9.549e-01  inlet_T=3.775e-03  outlet_p=3.075e-02
      wall_vx=9.928e-01   wall_vy=2.966e-02   wall_vz=2.134e-03   wall_T=6.494e-03   wall_dp_dn=7.221e-04  | total=3.925e+00
      w: inlet_vx=1.007e+00  inlet_vy=9.926e-01  inlet_vz=1.007e+00  inlet_T=9.752e-01  outlet_p=9.753e-01
      w: wall_vx=1.010e+00   wall_vy=9.753e-01   wall_vz=9.753e-01   wall_T=9.752e-01   wall_dp_dn=9.752e-01
SUP   vx=0.000e+00  vy=0.000e+00  vz=0.000e+00  p=0.000e+00  T=0.000e+00  | total=0.000e+00
      w: vx=9.753e-01  vy=9.753e-01  vz=9.753e-01  p=9.753e-01  T=9.753e-01
MSE   vx=6.151e+02  vy=8.617e-03  vz=5.081e-03  p=2.518e-06  T=6.908e-03  | total=6.151e+02




[  248/10000]
PDE   div=3.760e-01  mom_x=8.580e-02  mom_y=2.894e-03  mom_z=5.107e-03  heat=1.489e-08  | total=4.698e-01
      w: div=9.775e-01  mom_x=9.753e-01  mom_y=9.752e-01  mom_z=9.757e-01  heat=9.752e-01
BC    inlet_vx=1.031e+00  inlet_vy=8.679e-01  inlet_vz=9.548e-01  inlet_T=3.810e-03  outlet_p=3.065e-02
      wall_vx=9.381e-01   wall_vy=2.642e-02   wall_vz=2.059e-03   wall_T=7.259e-03   wall_dp_dn=6.757e-04  | total=3.863e+00
      w: inlet_vx=1.007e+00  inlet_vy=9.925e-01  inlet_vz=1.007e+00  inlet_T=9.751e-01  outlet_p=9.752e-01
      w: wall_vx=1.010e+00   wall_vy=9.752e-01   wall_vz=9.752e-01   wall_T=9.751e-01   wall_dp_dn=9.751e-01
SUP   vx=0.000e+00  vy=0.000e+00  vz=0.000e+00  p=0.000e+00  T=0.000e+00  | total=0.000e+00
      w: vx=9.752e-01  vy=9.752e-01  vz=9.752e-01  p=9.752e-01  T=9.752e-01
MSE   vx=6.141e+02  vy=8.612e-03  vz=5.083e-03  p=2.526e-06  T=6.884e-03  | total=6.141e+02




[  249/10000]
PDE   div=3.780e-01  mom_x=8.303e-02  mom_y=2.883e-03  mom_z=4.825e-03  heat=1.360e-08  | total=4.688e-01
      w: div=9.774e-01  mom_x=9.752e-01  mom_y=9.751e-01  mom_z=9.756e-01  heat=9.751e-01
BC    inlet_vx=1.027e+00  inlet_vy=8.676e-01  inlet_vz=9.547e-01  inlet_T=3.858e-03  outlet_p=3.056e-02
      wall_vx=1.021e+00   wall_vy=2.841e-02   wall_vz=2.259e-03   wall_T=6.723e-03   wall_dp_dn=5.811e-04  | total=3.943e+00
      w: inlet_vx=1.007e+00  inlet_vy=9.924e-01  inlet_vz=1.007e+00  inlet_T=9.750e-01  outlet_p=9.751e-01
      w: wall_vx=1.010e+00   wall_vy=9.751e-01   wall_vz=9.751e-01   wall_T=9.750e-01   wall_dp_dn=9.750e-01
SUP   vx=0.000e+00  vy=0.000e+00  vz=0.000e+00  p=0.000e+00  T=0.000e+00  | total=0.000e+00
      w: vx=9.751e-01  vy=9.751e-01  vz=9.751e-01  p=9.751e-01  T=9.751e-01
MSE   vx=6.131e+02  vy=8.606e-03  vz=5.086e-03  p=2.533e-06  T=6.867e-03  | total=6.131e+02




[  250/10000]
PDE   div=3.784e-01  mom_x=8.359e-02  mom_y=2.887e-03  mom_z=4.291e-03  heat=1.335e-08  | total=4.692e-01
      w: div=9.773e-01  mom_x=9.751e-01  mom_y=9.750e-01  mom_z=9.755e-01  heat=9.750e-01
BC    inlet_vx=1.023e+00  inlet_vy=8.674e-01  inlet_vz=9.546e-01  inlet_T=3.916e-03  outlet_p=3.046e-02
      wall_vx=1.041e+00   wall_vy=2.860e-02   wall_vz=2.269e-03   wall_T=6.871e-03   wall_dp_dn=5.149e-04  | total=3.958e+00
      w: inlet_vx=1.007e+00  inlet_vy=9.923e-01  inlet_vz=1.007e+00  inlet_T=9.749e-01  outlet_p=9.750e-01
      w: wall_vx=1.010e+00   wall_vy=9.750e-01   wall_vz=9.750e-01   wall_T=9.749e-01   wall_dp_dn=9.749e-01
SUP   vx=0.000e+00  vy=0.000e+00  vz=0.000e+00  p=0.000e+00  T=0.000e+00  | total=0.000e+00
      w: vx=9.750e-01  vy=9.750e-01  vz=9.750e-01  p=9.750e-01  T=9.750e-01
MSE   vx=6.122e+02  vy=8.601e-03  vz=5.088e-03  p=2.541e-06  T=6.856e-03  | total=6.123e+02




[  251/10000]
PDE   div=3.844e-01  mom_x=8.823e-02  mom_y=2.914e-03  mom_z=4.030e-03  heat=1.499e-08  | total=4.796e-01
      w: div=9.773e-01  mom_x=9.750e-01  mom_y=9.749e-01  mom_z=9.754e-01  heat=9.749e-01
BC    inlet_vx=1.018e+00  inlet_vy=8.671e-01  inlet_vz=9.544e-01  inlet_T=3.983e-03  outlet_p=3.045e-02
      wall_vx=9.504e-01   wall_vy=2.874e-02   wall_vz=2.046e-03   wall_T=6.856e-03   wall_dp_dn=4.837e-04  | total=3.863e+00
      w: inlet_vx=1.007e+00  inlet_vy=9.922e-01  inlet_vz=1.007e+00  inlet_T=9.748e-01  outlet_p=9.749e-01
      w: wall_vx=1.010e+00   wall_vy=9.749e-01   wall_vz=9.749e-01   wall_T=9.748e-01   wall_dp_dn=9.748e-01
SUP   vx=0.000e+00  vy=0.000e+00  vz=0.000e+00  p=0.000e+00  T=0.000e+00  | total=0.000e+00
      w: vx=9.749e-01  vy=9.749e-01  vz=9.749e-01  p=9.749e-01  T=9.749e-01
MSE   vx=6.114e+02  vy=8.596e-03  vz=5.091e-03  p=2.549e-06  T=6.851e-03  | total=6.115e+02




[  252/10000]
PDE   div=3.825e-01  mom_x=8.468e-02  mom_y=2.861e-03  mom_z=3.640e-03  heat=1.467e-08  | total=4.736e-01
      w: div=9.772e-01  mom_x=9.749e-01  mom_y=9.748e-01  mom_z=9.753e-01  heat=9.748e-01
BC    inlet_vx=1.014e+00  inlet_vy=8.668e-01  inlet_vz=9.543e-01  inlet_T=4.058e-03  outlet_p=3.042e-02
      wall_vx=1.029e+00   wall_vy=2.990e-02   wall_vz=2.274e-03   wall_T=6.862e-03   wall_dp_dn=4.303e-04  | total=3.939e+00
      w: inlet_vx=1.007e+00  inlet_vy=9.921e-01  inlet_vz=1.007e+00  inlet_T=9.747e-01  outlet_p=9.748e-01
      w: wall_vx=1.010e+00   wall_vy=9.748e-01   wall_vz=9.748e-01   wall_T=9.747e-01   wall_dp_dn=9.747e-01
SUP   vx=0.000e+00  vy=0.000e+00  vz=0.000e+00  p=0.000e+00  T=0.000e+00  | total=0.000e+00
      w: vx=9.748e-01  vy=9.748e-01  vz=9.748e-01  p=9.748e-01  T=9.748e-01
MSE   vx=6.107e+02  vy=8.591e-03  vz=5.094e-03  p=2.557e-06  T=6.850e-03  | total=6.107e+02




[  253/10000]
PDE   div=3.841e-01  mom_x=8.684e-02  mom_y=2.891e-03  mom_z=3.523e-03  heat=1.584e-08  | total=4.773e-01
      w: div=9.771e-01  mom_x=9.748e-01  mom_y=9.747e-01  mom_z=9.752e-01  heat=9.747e-01
BC    inlet_vx=1.011e+00  inlet_vy=8.665e-01  inlet_vz=9.542e-01  inlet_T=4.139e-03  outlet_p=3.030e-02
      wall_vx=1.054e+00   wall_vy=2.917e-02   wall_vz=2.283e-03   wall_T=7.021e-03   wall_dp_dn=3.986e-04  | total=3.959e+00
      w: inlet_vx=1.007e+00  inlet_vy=9.920e-01  inlet_vz=1.007e+00  inlet_T=9.746e-01  outlet_p=9.747e-01
      w: wall_vx=1.010e+00   wall_vy=9.747e-01   wall_vz=9.747e-01   wall_T=9.746e-01   wall_dp_dn=9.746e-01
SUP   vx=0.000e+00  vy=0.000e+00  vz=0.000e+00  p=0.000e+00  T=0.000e+00  | total=0.000e+00
      w: vx=9.747e-01  vy=9.747e-01  vz=9.747e-01  p=9.747e-01  T=9.747e-01
MSE   vx=6.100e+02  vy=8.586e-03  vz=5.096e-03  p=2.565e-06  T=6.854e-03  | total=6.100e+02




[  254/10000]
PDE   div=3.857e-01  mom_x=8.794e-02  mom_y=2.915e-03  mom_z=3.419e-03  heat=1.747e-08  | total=4.799e-01
      w: div=9.770e-01  mom_x=9.747e-01  mom_y=9.746e-01  mom_z=9.751e-01  heat=9.746e-01
BC    inlet_vx=1.007e+00  inlet_vy=8.662e-01  inlet_vz=9.541e-01  inlet_T=4.225e-03  outlet_p=3.030e-02
      wall_vx=1.023e+00   wall_vy=2.986e-02   wall_vz=2.163e-03   wall_T=6.963e-03   wall_dp_dn=3.799e-04  | total=3.924e+00
      w: inlet_vx=1.008e+00  inlet_vy=9.919e-01  inlet_vz=1.007e+00  inlet_T=9.745e-01  outlet_p=9.746e-01
      w: wall_vx=1.010e+00   wall_vy=9.746e-01   wall_vz=9.746e-01   wall_T=9.745e-01   wall_dp_dn=9.745e-01
SUP   vx=0.000e+00  vy=0.000e+00  vz=0.000e+00  p=0.000e+00  T=0.000e+00  | total=0.000e+00
      w: vx=9.746e-01  vy=9.746e-01  vz=9.746e-01  p=9.746e-01  T=9.746e-01
MSE   vx=6.094e+02  vy=8.581e-03  vz=5.099e-03  p=2.573e-06  T=6.860e-03  | total=6.094e+02




[  255/10000]
PDE   div=3.807e-01  mom_x=8.505e-02  mom_y=2.850e-03  mom_z=3.337e-03  heat=1.697e-08  | total=4.720e-01
      w: div=9.769e-01  mom_x=9.746e-01  mom_y=9.745e-01  mom_z=9.750e-01  heat=9.745e-01
BC    inlet_vx=1.003e+00  inlet_vy=8.659e-01  inlet_vz=9.539e-01  inlet_T=4.313e-03  outlet_p=3.013e-02
      wall_vx=1.016e+00   wall_vy=2.821e-02   wall_vz=2.153e-03   wall_T=7.000e-03   wall_dp_dn=3.679e-04  | total=3.912e+00
      w: inlet_vx=1.008e+00  inlet_vy=9.919e-01  inlet_vz=1.007e+00  inlet_T=9.744e-01  outlet_p=9.745e-01
      w: wall_vx=1.010e+00   wall_vy=9.745e-01   wall_vz=9.745e-01   wall_T=9.744e-01   wall_dp_dn=9.744e-01
SUP   vx=0.000e+00  vy=0.000e+00  vz=0.000e+00  p=0.000e+00  T=0.000e+00  | total=0.000e+00
      w: vx=9.745e-01  vy=9.745e-01  vz=9.745e-01  p=9.745e-01  T=9.745e-01
MSE   vx=6.088e+02  vy=8.577e-03  vz=5.102e-03  p=2.581e-06  T=6.870e-03  | total=6.088e+02




[  256/10000]
PDE   div=3.813e-01  mom_x=8.635e-02  mom_y=2.747e-03  mom_z=3.347e-03  heat=1.595e-08  | total=4.738e-01
      w: div=9.768e-01  mom_x=9.745e-01  mom_y=9.744e-01  mom_z=9.749e-01  heat=9.744e-01
BC    inlet_vx=9.998e-01  inlet_vy=8.656e-01  inlet_vz=9.538e-01  inlet_T=4.404e-03  outlet_p=3.016e-02
      wall_vx=1.014e+00   wall_vy=3.024e-02   wall_vz=2.224e-03   wall_T=7.223e-03   wall_dp_dn=3.282e-04  | total=3.908e+00
      w: inlet_vx=1.008e+00  inlet_vy=9.918e-01  inlet_vz=1.007e+00  inlet_T=9.743e-01  outlet_p=9.744e-01
      w: wall_vx=1.010e+00   wall_vy=9.744e-01   wall_vz=9.744e-01   wall_T=9.743e-01   wall_dp_dn=9.743e-01
SUP   vx=0.000e+00  vy=0.000e+00  vz=0.000e+00  p=0.000e+00  T=0.000e+00  | total=0.000e+00
      w: vx=9.744e-01  vy=9.744e-01  vz=9.744e-01  p=9.744e-01  T=9.744e-01
MSE   vx=6.083e+02  vy=8.572e-03  vz=5.104e-03  p=2.589e-06  T=6.883e-03  | total=6.083e+02




[  257/10000]
PDE   div=3.894e-01  mom_x=8.889e-02  mom_y=2.860e-03  mom_z=3.300e-03  heat=1.681e-08  | total=4.844e-01
      w: div=9.767e-01  mom_x=9.744e-01  mom_y=9.743e-01  mom_z=9.748e-01  heat=9.743e-01
BC    inlet_vx=9.964e-01  inlet_vy=8.653e-01  inlet_vz=9.537e-01  inlet_T=4.495e-03  outlet_p=3.010e-02
      wall_vx=1.035e+00   wall_vy=2.922e-02   wall_vz=2.246e-03   wall_T=6.899e-03   wall_dp_dn=3.436e-04  | total=3.924e+00
      w: inlet_vx=1.008e+00  inlet_vy=9.917e-01  inlet_vz=1.007e+00  inlet_T=9.742e-01  outlet_p=9.743e-01
      w: wall_vx=1.010e+00   wall_vy=9.743e-01   wall_vz=9.743e-01   wall_T=9.742e-01   wall_dp_dn=9.742e-01
SUP   vx=0.000e+00  vy=0.000e+00  vz=0.000e+00  p=0.000e+00  T=0.000e+00  | total=0.000e+00
      w: vx=9.743e-01  vy=9.743e-01  vz=9.743e-01  p=9.743e-01  T=9.743e-01
MSE   vx=6.078e+02  vy=8.568e-03  vz=5.107e-03  p=2.597e-06  T=6.897e-03  | total=6.079e+02




[  258/10000]
PDE   div=3.821e-01  mom_x=8.531e-02  mom_y=2.879e-03  mom_z=3.287e-03  heat=1.683e-08  | total=4.736e-01
      w: div=9.766e-01  mom_x=9.743e-01  mom_y=9.742e-01  mom_z=9.747e-01  heat=9.742e-01
BC    inlet_vx=9.933e-01  inlet_vy=8.650e-01  inlet_vz=9.535e-01  inlet_T=4.585e-03  outlet_p=2.999e-02
      wall_vx=1.004e+00   wall_vy=2.991e-02   wall_vz=2.161e-03   wall_T=6.522e-03   wall_dp_dn=3.180e-04  | total=3.889e+00
      w: inlet_vx=1.008e+00  inlet_vy=9.916e-01  inlet_vz=1.007e+00  inlet_T=9.741e-01  outlet_p=9.742e-01
      w: wall_vx=1.010e+00   wall_vy=9.742e-01   wall_vz=9.742e-01   wall_T=9.741e-01   wall_dp_dn=9.741e-01
SUP   vx=0.000e+00  vy=0.000e+00  vz=0.000e+00  p=0.000e+00  T=0.000e+00  | total=0.000e+00
      w: vx=9.742e-01  vy=9.742e-01  vz=9.742e-01  p=9.742e-01  T=9.742e-01
MSE   vx=6.075e+02  vy=8.563e-03  vz=5.110e-03  p=2.605e-06  T=6.913e-03  | total=6.075e+02




[  259/10000]
PDE   div=3.850e-01  mom_x=8.776e-02  mom_y=2.706e-03  mom_z=3.520e-03  heat=1.807e-08  | total=4.790e-01
      w: div=9.766e-01  mom_x=9.742e-01  mom_y=9.741e-01  mom_z=9.746e-01  heat=9.741e-01
BC    inlet_vx=9.902e-01  inlet_vy=8.646e-01  inlet_vz=9.534e-01  inlet_T=4.673e-03  outlet_p=3.001e-02
      wall_vx=1.048e+00   wall_vy=3.027e-02   wall_vz=2.245e-03   wall_T=6.905e-03   wall_dp_dn=3.360e-04  | total=3.931e+00
      w: inlet_vx=1.008e+00  inlet_vy=9.915e-01  inlet_vz=1.007e+00  inlet_T=9.740e-01  outlet_p=9.741e-01
      w: wall_vx=1.010e+00   wall_vy=9.740e-01   wall_vz=9.741e-01   wall_T=9.740e-01   wall_dp_dn=9.740e-01
SUP   vx=0.000e+00  vy=0.000e+00  vz=0.000e+00  p=0.000e+00  T=0.000e+00  | total=0.000e+00
      w: vx=9.741e-01  vy=9.741e-01  vz=9.741e-01  p=9.741e-01  T=9.741e-01
MSE   vx=6.071e+02  vy=8.559e-03  vz=5.113e-03  p=2.614e-06  T=6.931e-03  | total=6.071e+02




[  260/10000]
PDE   div=3.905e-01  mom_x=8.912e-02  mom_y=2.811e-03  mom_z=3.768e-03  heat=1.760e-08  | total=4.862e-01
      w: div=9.765e-01  mom_x=9.741e-01  mom_y=9.740e-01  mom_z=9.745e-01  heat=9.740e-01
BC    inlet_vx=9.872e-01  inlet_vy=8.643e-01  inlet_vz=9.533e-01  inlet_T=4.759e-03  outlet_p=2.995e-02
      wall_vx=1.025e+00   wall_vy=2.976e-02   wall_vz=2.293e-03   wall_T=6.955e-03   wall_dp_dn=3.374e-04  | total=3.904e+00
      w: inlet_vx=1.008e+00  inlet_vy=9.914e-01  inlet_vz=1.006e+00  inlet_T=9.739e-01  outlet_p=9.740e-01
      w: wall_vx=1.010e+00   wall_vy=9.739e-01   wall_vz=9.740e-01   wall_T=9.739e-01   wall_dp_dn=9.739e-01
SUP   vx=0.000e+00  vy=0.000e+00  vz=0.000e+00  p=0.000e+00  T=0.000e+00  | total=0.000e+00
      w: vx=9.740e-01  vy=9.740e-01  vz=9.740e-01  p=9.740e-01  T=9.740e-01
MSE   vx=6.068e+02  vy=8.555e-03  vz=5.115e-03  p=2.622e-06  T=6.948e-03  | total=6.069e+02




[  261/10000]
PDE   div=3.867e-01  mom_x=8.872e-02  mom_y=2.636e-03  mom_z=4.104e-03  heat=1.921e-08  | total=4.821e-01
      w: div=9.764e-01  mom_x=9.740e-01  mom_y=9.739e-01  mom_z=9.744e-01  heat=9.739e-01
BC    inlet_vx=9.844e-01  inlet_vy=8.640e-01  inlet_vz=9.531e-01  inlet_T=4.841e-03  outlet_p=2.985e-02
      wall_vx=1.036e+00   wall_vy=2.991e-02   wall_vz=2.296e-03   wall_T=6.910e-03   wall_dp_dn=3.454e-04  | total=3.912e+00
      w: inlet_vx=1.008e+00  inlet_vy=9.913e-01  inlet_vz=1.006e+00  inlet_T=9.738e-01  outlet_p=9.739e-01
      w: wall_vx=1.010e+00   wall_vy=9.738e-01   wall_vz=9.739e-01   wall_T=9.738e-01   wall_dp_dn=9.738e-01
SUP   vx=0.000e+00  vy=0.000e+00  vz=0.000e+00  p=0.000e+00  T=0.000e+00  | total=0.000e+00
      w: vx=9.739e-01  vy=9.739e-01  vz=9.739e-01  p=9.739e-01  T=9.739e-01
MSE   vx=6.066e+02  vy=8.552e-03  vz=5.118e-03  p=2.630e-06  T=6.966e-03  | total=6.066e+02




[  262/10000]
PDE   div=3.915e-01  mom_x=8.960e-02  mom_y=2.642e-03  mom_z=4.164e-03  heat=1.905e-08  | total=4.879e-01
      w: div=9.763e-01  mom_x=9.739e-01  mom_y=9.738e-01  mom_z=9.743e-01  heat=9.738e-01
BC    inlet_vx=9.818e-01  inlet_vy=8.636e-01  inlet_vz=9.530e-01  inlet_T=4.918e-03  outlet_p=2.975e-02
      wall_vx=1.060e+00   wall_vy=3.163e-02   wall_vz=2.282e-03   wall_T=6.697e-03   wall_dp_dn=3.628e-04  | total=3.934e+00
      w: inlet_vx=1.008e+00  inlet_vy=9.912e-01  inlet_vz=1.006e+00  inlet_T=9.737e-01  outlet_p=9.738e-01
      w: wall_vx=1.010e+00   wall_vy=9.737e-01   wall_vz=9.738e-01   wall_T=9.737e-01   wall_dp_dn=9.737e-01
SUP   vx=0.000e+00  vy=0.000e+00  vz=0.000e+00  p=0.000e+00  T=0.000e+00  | total=0.000e+00
      w: vx=9.738e-01  vy=9.738e-01  vz=9.738e-01  p=9.738e-01  T=9.738e-01
MSE   vx=6.064e+02  vy=8.548e-03  vz=5.121e-03  p=2.638e-06  T=6.983e-03  | total=6.064e+02




[  263/10000]
PDE   div=3.852e-01  mom_x=8.623e-02  mom_y=2.737e-03  mom_z=4.199e-03  heat=1.787e-08  | total=4.783e-01
      w: div=9.762e-01  mom_x=9.738e-01  mom_y=9.737e-01  mom_z=9.742e-01  heat=9.737e-01
BC    inlet_vx=9.793e-01  inlet_vy=8.633e-01  inlet_vz=9.529e-01  inlet_T=4.990e-03  outlet_p=2.971e-02
      wall_vx=1.025e+00   wall_vy=2.924e-02   wall_vz=2.312e-03   wall_T=6.998e-03   wall_dp_dn=3.753e-04  | total=3.894e+00
      w: inlet_vx=1.008e+00  inlet_vy=9.911e-01  inlet_vz=1.006e+00  inlet_T=9.736e-01  outlet_p=9.737e-01
      w: wall_vx=1.010e+00   wall_vy=9.736e-01   wall_vz=9.737e-01   wall_T=9.736e-01   wall_dp_dn=9.736e-01
SUP   vx=0.000e+00  vy=0.000e+00  vz=0.000e+00  p=0.000e+00  T=0.000e+00  | total=0.000e+00
      w: vx=9.737e-01  vy=9.737e-01  vz=9.737e-01  p=9.737e-01  T=9.737e-01
MSE   vx=6.063e+02  vy=8.545e-03  vz=5.124e-03  p=2.646e-06  T=6.999e-03  | total=6.063e+02




[  264/10000]
PDE   div=3.923e-01  mom_x=9.135e-02  mom_y=2.647e-03  mom_z=4.897e-03  heat=1.976e-08  | total=4.912e-01
      w: div=9.761e-01  mom_x=9.737e-01  mom_y=9.736e-01  mom_z=9.741e-01  heat=9.736e-01
BC    inlet_vx=9.769e-01  inlet_vy=8.630e-01  inlet_vz=9.527e-01  inlet_T=5.056e-03  outlet_p=2.979e-02
      wall_vx=1.029e+00   wall_vy=3.039e-02   wall_vz=2.315e-03   wall_T=6.836e-03   wall_dp_dn=3.886e-04  | total=3.897e+00
      w: inlet_vx=1.008e+00  inlet_vy=9.910e-01  inlet_vz=1.006e+00  inlet_T=9.735e-01  outlet_p=9.736e-01
      w: wall_vx=1.010e+00   wall_vy=9.735e-01   wall_vz=9.736e-01   wall_T=9.735e-01   wall_dp_dn=9.735e-01
SUP   vx=0.000e+00  vy=0.000e+00  vz=0.000e+00  p=0.000e+00  T=0.000e+00  | total=0.000e+00
      w: vx=9.736e-01  vy=9.736e-01  vz=9.736e-01  p=9.736e-01  T=9.736e-01
MSE   vx=6.062e+02  vy=8.542e-03  vz=5.127e-03  p=2.654e-06  T=7.015e-03  | total=6.063e+02




[  265/10000]
PDE   div=3.888e-01  mom_x=8.612e-02  mom_y=2.596e-03  mom_z=4.716e-03  heat=1.725e-08  | total=4.823e-01
      w: div=9.760e-01  mom_x=9.736e-01  mom_y=9.735e-01  mom_z=9.740e-01  heat=9.735e-01
BC    inlet_vx=9.747e-01  inlet_vy=8.627e-01  inlet_vz=9.526e-01  inlet_T=5.116e-03  outlet_p=2.964e-02
      wall_vx=1.063e+00   wall_vy=3.228e-02   wall_vz=2.367e-03   wall_T=6.958e-03   wall_dp_dn=4.526e-04  | total=3.929e+00
      w: inlet_vx=1.008e+00  inlet_vy=9.910e-01  inlet_vz=1.006e+00  inlet_T=9.734e-01  outlet_p=9.735e-01
      w: wall_vx=1.010e+00   wall_vy=9.734e-01   wall_vz=9.735e-01   wall_T=9.734e-01   wall_dp_dn=9.734e-01
SUP   vx=0.000e+00  vy=0.000e+00  vz=0.000e+00  p=0.000e+00  T=0.000e+00  | total=0.000e+00
      w: vx=9.735e-01  vy=9.735e-01  vz=9.735e-01  p=9.735e-01  T=9.735e-01
MSE   vx=6.062e+02  vy=8.539e-03  vz=5.130e-03  p=2.662e-06  T=7.028e-03  | total=6.062e+02




[  266/10000]
PDE   div=3.901e-01  mom_x=9.011e-02  mom_y=2.543e-03  mom_z=5.656e-03  heat=2.032e-08  | total=4.884e-01
      w: div=9.759e-01  mom_x=9.735e-01  mom_y=9.734e-01  mom_z=9.739e-01  heat=9.734e-01
BC    inlet_vx=9.726e-01  inlet_vy=8.623e-01  inlet_vz=9.525e-01  inlet_T=5.169e-03  outlet_p=2.968e-02
      wall_vx=1.007e+00   wall_vy=3.122e-02   wall_vz=2.335e-03   wall_T=6.812e-03   wall_dp_dn=4.183e-04  | total=3.870e+00
      w: inlet_vx=1.008e+00  inlet_vy=9.909e-01  inlet_vz=1.006e+00  inlet_T=9.733e-01  outlet_p=9.734e-01
      w: wall_vx=1.010e+00   wall_vy=9.733e-01   wall_vz=9.734e-01   wall_T=9.733e-01   wall_dp_dn=9.733e-01
SUP   vx=0.000e+00  vy=0.000e+00  vz=0.000e+00  p=0.000e+00  T=0.000e+00  | total=0.000e+00
      w: vx=9.734e-01  vy=9.734e-01  vz=9.734e-01  p=9.734e-01  T=9.734e-01
MSE   vx=6.062e+02  vy=8.537e-03  vz=5.132e-03  p=2.670e-06  T=7.040e-03  | total=6.063e+02




[  267/10000]
PDE   div=3.935e-01  mom_x=8.799e-02  mom_y=2.562e-03  mom_z=5.663e-03  heat=1.898e-08  | total=4.898e-01
      w: div=9.758e-01  mom_x=9.734e-01  mom_y=9.733e-01  mom_z=9.738e-01  heat=9.733e-01
BC    inlet_vx=9.706e-01  inlet_vy=8.620e-01  inlet_vz=9.523e-01  inlet_T=5.215e-03  outlet_p=2.955e-02
      wall_vx=1.023e+00   wall_vy=3.134e-02   wall_vz=2.174e-03   wall_T=7.366e-03   wall_dp_dn=4.931e-04  | total=3.884e+00
      w: inlet_vx=1.008e+00  inlet_vy=9.908e-01  inlet_vz=1.006e+00  inlet_T=9.732e-01  outlet_p=9.733e-01
      w: wall_vx=1.010e+00   wall_vy=9.732e-01   wall_vz=9.733e-01   wall_T=9.732e-01   wall_dp_dn=9.732e-01
SUP   vx=0.000e+00  vy=0.000e+00  vz=0.000e+00  p=0.000e+00  T=0.000e+00  | total=0.000e+00
      w: vx=9.733e-01  vy=9.733e-01  vz=9.733e-01  p=9.733e-01  T=9.733e-01
MSE   vx=6.063e+02  vy=8.535e-03  vz=5.135e-03  p=2.679e-06  T=7.049e-03  | total=6.064e+02




[  268/10000]
PDE   div=3.997e-01  mom_x=9.250e-02  mom_y=2.481e-03  mom_z=6.581e-03  heat=2.084e-08  | total=5.013e-01
      w: div=9.757e-01  mom_x=9.733e-01  mom_y=9.732e-01  mom_z=9.737e-01  heat=9.732e-01
BC    inlet_vx=9.688e-01  inlet_vy=8.617e-01  inlet_vz=9.522e-01  inlet_T=5.253e-03  outlet_p=2.945e-02
      wall_vx=1.051e+00   wall_vy=3.187e-02   wall_vz=2.365e-03   wall_T=7.185e-03   wall_dp_dn=5.577e-04  | total=3.911e+00
      w: inlet_vx=1.008e+00  inlet_vy=9.907e-01  inlet_vz=1.006e+00  inlet_T=9.731e-01  outlet_p=9.732e-01
      w: wall_vx=1.010e+00   wall_vy=9.731e-01   wall_vz=9.732e-01   wall_T=9.731e-01   wall_dp_dn=9.731e-01
SUP   vx=0.000e+00  vy=0.000e+00  vz=0.000e+00  p=0.000e+00  T=0.000e+00  | total=0.000e+00
      w: vx=9.732e-01  vy=9.732e-01  vz=9.732e-01  p=9.732e-01  T=9.732e-01
MSE   vx=6.065e+02  vy=8.533e-03  vz=5.138e-03  p=2.687e-06  T=7.056e-03  | total=6.065e+02




[  269/10000]
PDE   div=4.012e-01  mom_x=9.325e-02  mom_y=2.442e-03  mom_z=6.815e-03  heat=2.046e-08  | total=5.037e-01
      w: div=9.757e-01  mom_x=9.732e-01  mom_y=9.731e-01  mom_z=9.736e-01  heat=9.731e-01
BC    inlet_vx=9.671e-01  inlet_vy=8.614e-01  inlet_vz=9.521e-01  inlet_T=5.285e-03  outlet_p=2.945e-02
      wall_vx=1.074e+00   wall_vy=3.150e-02   wall_vz=2.532e-03   wall_T=7.044e-03   wall_dp_dn=5.881e-04  | total=3.931e+00
      w: inlet_vx=1.008e+00  inlet_vy=9.906e-01  inlet_vz=1.006e+00  inlet_T=9.730e-01  outlet_p=9.731e-01
      w: wall_vx=1.010e+00   wall_vy=9.730e-01   wall_vz=9.731e-01   wall_T=9.730e-01   wall_dp_dn=9.730e-01
SUP   vx=0.000e+00  vy=0.000e+00  vz=0.000e+00  p=0.000e+00  T=0.000e+00  | total=0.000e+00
      w: vx=9.731e-01  vy=9.731e-01  vz=9.731e-01  p=9.731e-01  T=9.731e-01
MSE   vx=6.067e+02  vy=8.532e-03  vz=5.141e-03  p=2.695e-06  T=7.059e-03  | total=6.067e+02




[  270/10000]
PDE   div=4.019e-01  mom_x=9.380e-02  mom_y=2.422e-03  mom_z=7.160e-03  heat=2.133e-08  | total=5.053e-01
      w: div=9.756e-01  mom_x=9.731e-01  mom_y=9.730e-01  mom_z=9.735e-01  heat=9.730e-01
BC    inlet_vx=9.656e-01  inlet_vy=8.611e-01  inlet_vz=9.519e-01  inlet_T=5.308e-03  outlet_p=2.926e-02
      wall_vx=1.063e+00   wall_vy=3.092e-02   wall_vz=2.398e-03   wall_T=7.205e-03   wall_dp_dn=6.286e-04  | total=3.917e+00
      w: inlet_vx=1.009e+00  inlet_vy=9.905e-01  inlet_vz=1.006e+00  inlet_T=9.729e-01  outlet_p=9.730e-01
      w: wall_vx=1.010e+00   wall_vy=9.729e-01   wall_vz=9.730e-01   wall_T=9.729e-01   wall_dp_dn=9.729e-01
SUP   vx=0.000e+00  vy=0.000e+00  vz=0.000e+00  p=0.000e+00  T=0.000e+00  | total=0.000e+00
      w: vx=9.730e-01  vy=9.730e-01  vz=9.730e-01  p=9.730e-01  T=9.730e-01
MSE   vx=6.069e+02  vy=8.530e-03  vz=5.144e-03  p=2.703e-06  T=7.059e-03  | total=6.069e+02




[  271/10000]
PDE   div=3.963e-01  mom_x=9.112e-02  mom_y=2.295e-03  mom_z=7.540e-03  heat=2.144e-08  | total=4.973e-01
      w: div=9.755e-01  mom_x=9.730e-01  mom_y=9.729e-01  mom_z=9.734e-01  heat=9.729e-01
BC    inlet_vx=9.644e-01  inlet_vy=8.609e-01  inlet_vz=9.518e-01  inlet_T=5.325e-03  outlet_p=2.928e-02
      wall_vx=1.041e+00   wall_vy=3.242e-02   wall_vz=2.293e-03   wall_T=7.053e-03   wall_dp_dn=6.208e-04  | total=3.895e+00
      w: inlet_vx=1.009e+00  inlet_vy=9.904e-01  inlet_vz=1.006e+00  inlet_T=9.728e-01  outlet_p=9.729e-01
      w: wall_vx=1.010e+00   wall_vy=9.728e-01   wall_vz=9.729e-01   wall_T=9.728e-01   wall_dp_dn=9.728e-01
SUP   vx=0.000e+00  vy=0.000e+00  vz=0.000e+00  p=0.000e+00  T=0.000e+00  | total=0.000e+00
      w: vx=9.729e-01  vy=9.729e-01  vz=9.729e-01  p=9.729e-01  T=9.729e-01
MSE   vx=6.071e+02  vy=8.530e-03  vz=5.146e-03  p=2.711e-06  T=7.056e-03  | total=6.071e+02




[  272/10000]
PDE   div=4.025e-01  mom_x=9.411e-02  mom_y=2.407e-03  mom_z=7.920e-03  heat=2.283e-08  | total=5.070e-01
      w: div=9.754e-01  mom_x=9.729e-01  mom_y=9.728e-01  mom_z=9.733e-01  heat=9.728e-01
BC    inlet_vx=9.632e-01  inlet_vy=8.606e-01  inlet_vz=9.516e-01  inlet_T=5.335e-03  outlet_p=2.927e-02
      wall_vx=1.016e+00   wall_vy=3.155e-02   wall_vz=2.394e-03   wall_T=7.008e-03   wall_dp_dn=6.386e-04  | total=3.868e+00
      w: inlet_vx=1.009e+00  inlet_vy=9.903e-01  inlet_vz=1.006e+00  inlet_T=9.727e-01  outlet_p=9.728e-01
      w: wall_vx=1.010e+00   wall_vy=9.727e-01   wall_vz=9.728e-01   wall_T=9.727e-01   wall_dp_dn=9.727e-01
SUP   vx=0.000e+00  vy=0.000e+00  vz=0.000e+00  p=0.000e+00  T=0.000e+00  | total=0.000e+00
      w: vx=9.728e-01  vy=9.728e-01  vz=9.728e-01  p=9.728e-01  T=9.728e-01
MSE   vx=6.074e+02  vy=8.529e-03  vz=5.149e-03  p=2.719e-06  T=7.050e-03  | total=6.074e+02




[  273/10000]
PDE   div=4.099e-01  mom_x=9.643e-02  mom_y=2.234e-03  mom_z=8.561e-03  heat=2.386e-08  | total=5.172e-01
      w: div=9.753e-01  mom_x=9.728e-01  mom_y=9.727e-01  mom_z=9.732e-01  heat=9.727e-01
BC    inlet_vx=9.623e-01  inlet_vy=8.604e-01  inlet_vz=9.515e-01  inlet_T=5.338e-03  outlet_p=2.909e-02
      wall_vx=1.069e+00   wall_vy=3.091e-02   wall_vz=2.417e-03   wall_T=7.163e-03   wall_dp_dn=7.745e-04  | total=3.919e+00
      w: inlet_vx=1.009e+00  inlet_vy=9.902e-01  inlet_vz=1.005e+00  inlet_T=9.726e-01  outlet_p=9.727e-01
      w: wall_vx=1.010e+00   wall_vy=9.726e-01   wall_vz=9.727e-01   wall_T=9.726e-01   wall_dp_dn=9.726e-01
SUP   vx=0.000e+00  vy=0.000e+00  vz=0.000e+00  p=0.000e+00  T=0.000e+00  | total=0.000e+00
      w: vx=9.727e-01  vy=9.727e-01  vz=9.727e-01  p=9.727e-01  T=9.727e-01
MSE   vx=6.078e+02  vy=8.529e-03  vz=5.151e-03  p=2.727e-06  T=7.040e-03  | total=6.078e+02




[  274/10000]
PDE   div=4.029e-01  mom_x=9.121e-02  mom_y=2.224e-03  mom_z=8.439e-03  heat=2.329e-08  | total=5.047e-01
      w: div=9.752e-01  mom_x=9.727e-01  mom_y=9.726e-01  mom_z=9.731e-01  heat=9.726e-01
BC    inlet_vx=9.615e-01  inlet_vy=8.601e-01  inlet_vz=9.514e-01  inlet_T=5.336e-03  outlet_p=2.898e-02
      wall_vx=1.054e+00   wall_vy=3.248e-02   wall_vz=2.445e-03   wall_T=7.441e-03   wall_dp_dn=7.385e-04  | total=3.905e+00
      w: inlet_vx=1.009e+00  inlet_vy=9.901e-01  inlet_vz=1.005e+00  inlet_T=9.725e-01  outlet_p=9.726e-01
      w: wall_vx=1.010e+00   wall_vy=9.725e-01   wall_vz=9.726e-01   wall_T=9.725e-01   wall_dp_dn=9.725e-01
SUP   vx=0.000e+00  vy=0.000e+00  vz=0.000e+00  p=0.000e+00  T=0.000e+00  | total=0.000e+00
      w: vx=9.726e-01  vy=9.726e-01  vz=9.726e-01  p=9.726e-01  T=9.726e-01
MSE   vx=6.081e+02  vy=8.529e-03  vz=5.154e-03  p=2.734e-06  T=7.027e-03  | total=6.082e+02




[  275/10000]
PDE   div=3.970e-01  mom_x=8.998e-02  mom_y=2.197e-03  mom_z=8.379e-03  heat=2.260e-08  | total=4.976e-01
      w: div=9.751e-01  mom_x=9.726e-01  mom_y=9.725e-01  mom_z=9.730e-01  heat=9.725e-01
BC    inlet_vx=9.609e-01  inlet_vy=8.599e-01  inlet_vz=9.512e-01  inlet_T=5.328e-03  outlet_p=2.908e-02
      wall_vx=1.011e+00   wall_vy=3.215e-02   wall_vz=2.437e-03   wall_T=7.218e-03   wall_dp_dn=7.062e-04  | total=3.860e+00
      w: inlet_vx=1.009e+00  inlet_vy=9.900e-01  inlet_vz=1.005e+00  inlet_T=9.724e-01  outlet_p=9.725e-01
      w: wall_vx=1.010e+00   wall_vy=9.724e-01   wall_vz=9.725e-01   wall_T=9.724e-01   wall_dp_dn=9.724e-01
SUP   vx=0.000e+00  vy=0.000e+00  vz=0.000e+00  p=0.000e+00  T=0.000e+00  | total=0.000e+00
      w: vx=9.725e-01  vy=9.725e-01  vz=9.725e-01  p=9.725e-01  T=9.725e-01
MSE   vx=6.086e+02  vy=8.529e-03  vz=5.157e-03  p=2.742e-06  T=7.011e-03  | total=6.086e+02




[  276/10000]
PDE   div=4.002e-01  mom_x=9.126e-02  mom_y=2.151e-03  mom_z=8.637e-03  heat=2.343e-08  | total=5.022e-01
      w: div=9.750e-01  mom_x=9.725e-01  mom_y=9.724e-01  mom_z=9.729e-01  heat=9.724e-01
BC    inlet_vx=9.604e-01  inlet_vy=8.597e-01  inlet_vz=9.511e-01  inlet_T=5.316e-03  outlet_p=2.884e-02
      wall_vx=1.031e+00   wall_vy=3.199e-02   wall_vz=2.369e-03   wall_T=7.064e-03   wall_dp_dn=7.511e-04  | total=3.878e+00
      w: inlet_vx=1.009e+00  inlet_vy=9.899e-01  inlet_vz=1.005e+00  inlet_T=9.723e-01  outlet_p=9.724e-01
      w: wall_vx=1.010e+00   wall_vy=9.723e-01   wall_vz=9.724e-01   wall_T=9.723e-01   wall_dp_dn=9.723e-01
SUP   vx=0.000e+00  vy=0.000e+00  vz=0.000e+00  p=0.000e+00  T=0.000e+00  | total=0.000e+00
      w: vx=9.724e-01  vy=9.724e-01  vz=9.724e-01  p=9.724e-01  T=9.724e-01
MSE   vx=6.090e+02  vy=8.530e-03  vz=5.159e-03  p=2.750e-06  T=6.991e-03  | total=6.091e+02




[  277/10000]
PDE   div=4.089e-01  mom_x=9.551e-02  mom_y=2.098e-03  mom_z=9.688e-03  heat=2.333e-08  | total=5.162e-01
      w: div=9.749e-01  mom_x=9.724e-01  mom_y=9.723e-01  mom_z=9.728e-01  heat=9.723e-01
BC    inlet_vx=9.601e-01  inlet_vy=8.595e-01  inlet_vz=9.509e-01  inlet_T=5.301e-03  outlet_p=2.884e-02
      wall_vx=1.043e+00   wall_vy=3.211e-02   wall_vz=2.438e-03   wall_T=7.557e-03   wall_dp_dn=8.373e-04  | total=3.891e+00
      w: inlet_vx=1.009e+00  inlet_vy=9.899e-01  inlet_vz=1.005e+00  inlet_T=9.722e-01  outlet_p=9.723e-01
      w: wall_vx=1.010e+00   wall_vy=9.722e-01   wall_vz=9.723e-01   wall_T=9.722e-01   wall_dp_dn=9.722e-01
SUP   vx=0.000e+00  vy=0.000e+00  vz=0.000e+00  p=0.000e+00  T=0.000e+00  | total=0.000e+00
      w: vx=9.723e-01  vy=9.723e-01  vz=9.723e-01  p=9.723e-01  T=9.723e-01
MSE   vx=6.095e+02  vy=8.531e-03  vz=5.161e-03  p=2.758e-06  T=6.968e-03  | total=6.096e+02




[  278/10000]
PDE   div=4.076e-01  mom_x=9.486e-02  mom_y=2.088e-03  mom_z=9.663e-03  heat=2.428e-08  | total=5.142e-01
      w: div=9.748e-01  mom_x=9.723e-01  mom_y=9.722e-01  mom_z=9.727e-01  heat=9.722e-01
BC    inlet_vx=9.599e-01  inlet_vy=8.593e-01  inlet_vz=9.508e-01  inlet_T=5.283e-03  outlet_p=2.883e-02
      wall_vx=1.042e+00   wall_vy=3.293e-02   wall_vz=2.481e-03   wall_T=7.211e-03   wall_dp_dn=8.563e-04  | total=3.890e+00
      w: inlet_vx=1.009e+00  inlet_vy=9.898e-01  inlet_vz=1.005e+00  inlet_T=9.721e-01  outlet_p=9.722e-01
      w: wall_vx=1.010e+00   wall_vy=9.721e-01   wall_vz=9.722e-01   wall_T=9.721e-01   wall_dp_dn=9.721e-01
SUP   vx=0.000e+00  vy=0.000e+00  vz=0.000e+00  p=0.000e+00  T=0.000e+00  | total=0.000e+00
      w: vx=9.722e-01  vy=9.722e-01  vz=9.722e-01  p=9.722e-01  T=9.722e-01
MSE   vx=6.101e+02  vy=8.532e-03  vz=5.164e-03  p=2.766e-06  T=6.942e-03  | total=6.101e+02




[  279/10000]
PDE   div=4.027e-01  mom_x=9.320e-02  mom_y=2.020e-03  mom_z=9.858e-03  heat=2.343e-08  | total=5.078e-01
      w: div=9.747e-01  mom_x=9.722e-01  mom_y=9.721e-01  mom_z=9.726e-01  heat=9.721e-01
BC    inlet_vx=9.599e-01  inlet_vy=8.591e-01  inlet_vz=9.507e-01  inlet_T=5.262e-03  outlet_p=2.864e-02
      wall_vx=1.015e+00   wall_vy=3.307e-02   wall_vz=2.470e-03   wall_T=7.060e-03   wall_dp_dn=8.322e-04  | total=3.862e+00
      w: inlet_vx=1.009e+00  inlet_vy=9.897e-01  inlet_vz=1.005e+00  inlet_T=9.720e-01  outlet_p=9.721e-01
      w: wall_vx=1.010e+00   wall_vy=9.720e-01   wall_vz=9.721e-01   wall_T=9.720e-01   wall_dp_dn=9.720e-01
SUP   vx=0.000e+00  vy=0.000e+00  vz=0.000e+00  p=0.000e+00  T=0.000e+00  | total=0.000e+00
      w: vx=9.721e-01  vy=9.721e-01  vz=9.721e-01  p=9.721e-01  T=9.721e-01
MSE   vx=6.107e+02  vy=8.534e-03  vz=5.166e-03  p=2.773e-06  T=6.913e-03  | total=6.107e+02




[  280/10000]
PDE   div=4.018e-01  mom_x=9.020e-02  mom_y=2.009e-03  mom_z=9.267e-03  heat=2.347e-08  | total=5.033e-01
      w: div=9.747e-01  mom_x=9.721e-01  mom_y=9.720e-01  mom_z=9.725e-01  heat=9.720e-01
BC    inlet_vx=9.601e-01  inlet_vy=8.590e-01  inlet_vz=9.505e-01  inlet_T=5.240e-03  outlet_p=2.862e-02
      wall_vx=9.928e-01   wall_vy=3.235e-02   wall_vz=2.343e-03   wall_T=7.167e-03   wall_dp_dn=7.966e-04  | total=3.839e+00
      w: inlet_vx=1.009e+00  inlet_vy=9.896e-01  inlet_vz=1.005e+00  inlet_T=9.719e-01  outlet_p=9.720e-01
      w: wall_vx=1.010e+00   wall_vy=9.719e-01   wall_vz=9.720e-01   wall_T=9.719e-01   wall_dp_dn=9.719e-01
SUP   vx=0.000e+00  vy=0.000e+00  vz=0.000e+00  p=0.000e+00  T=0.000e+00  | total=0.000e+00
      w: vx=9.720e-01  vy=9.720e-01  vz=9.720e-01  p=9.720e-01  T=9.720e-01
MSE   vx=6.113e+02  vy=8.536e-03  vz=5.168e-03  p=2.781e-06  T=6.883e-03  | total=6.113e+02




[  281/10000]
PDE   div=3.997e-01  mom_x=9.064e-02  mom_y=1.860e-03  mom_z=9.854e-03  heat=2.482e-08  | total=5.021e-01
      w: div=9.746e-01  mom_x=9.720e-01  mom_y=9.719e-01  mom_z=9.724e-01  heat=9.719e-01
BC    inlet_vx=9.603e-01  inlet_vy=8.589e-01  inlet_vz=9.504e-01  inlet_T=5.218e-03  outlet_p=2.837e-02
      wall_vx=1.069e+00   wall_vy=3.299e-02   wall_vz=2.652e-03   wall_T=6.668e-03   wall_dp_dn=8.701e-04  | total=3.916e+00
      w: inlet_vx=1.009e+00  inlet_vy=9.895e-01  inlet_vz=1.005e+00  inlet_T=9.718e-01  outlet_p=9.719e-01
      w: wall_vx=1.010e+00   wall_vy=9.718e-01   wall_vz=9.719e-01   wall_T=9.718e-01   wall_dp_dn=9.718e-01
SUP   vx=0.000e+00  vy=0.000e+00  vz=0.000e+00  p=0.000e+00  T=0.000e+00  | total=0.000e+00
      w: vx=9.719e-01  vy=9.719e-01  vz=9.719e-01  p=9.719e-01  T=9.719e-01
MSE   vx=6.120e+02  vy=8.539e-03  vz=5.170e-03  p=2.789e-06  T=6.850e-03  | total=6.120e+02




[  282/10000]
PDE   div=4.125e-01  mom_x=9.575e-02  mom_y=1.870e-03  mom_z=1.000e-02  heat=2.596e-08  | total=5.201e-01
      w: div=9.745e-01  mom_x=9.719e-01  mom_y=9.718e-01  mom_z=9.723e-01  heat=9.718e-01
BC    inlet_vx=9.607e-01  inlet_vy=8.587e-01  inlet_vz=9.502e-01  inlet_T=5.197e-03  outlet_p=2.849e-02
      wall_vx=1.012e+00   wall_vy=3.379e-02   wall_vz=2.478e-03   wall_T=7.423e-03   wall_dp_dn=8.648e-04  | total=3.860e+00
      w: inlet_vx=1.009e+00  inlet_vy=9.894e-01  inlet_vz=1.005e+00  inlet_T=9.717e-01  outlet_p=9.718e-01
      w: wall_vx=1.010e+00   wall_vy=9.717e-01   wall_vz=9.718e-01   wall_T=9.717e-01   wall_dp_dn=9.717e-01
SUP   vx=0.000e+00  vy=0.000e+00  vz=0.000e+00  p=0.000e+00  T=0.000e+00  | total=0.000e+00
      w: vx=9.718e-01  vy=9.718e-01  vz=9.718e-01  p=9.718e-01  T=9.718e-01
MSE   vx=6.127e+02  vy=8.541e-03  vz=5.172e-03  p=2.796e-06  T=6.815e-03  | total=6.127e+02




[  283/10000]
PDE   div=4.086e-01  mom_x=9.291e-02  mom_y=1.780e-03  mom_z=1.010e-02  heat=2.393e-08  | total=5.134e-01
      w: div=9.744e-01  mom_x=9.718e-01  mom_y=9.717e-01  mom_z=9.722e-01  heat=9.717e-01
BC    inlet_vx=9.613e-01  inlet_vy=8.587e-01  inlet_vz=9.501e-01  inlet_T=5.177e-03  outlet_p=2.836e-02
      wall_vx=1.054e+00   wall_vy=3.369e-02   wall_vz=2.533e-03   wall_T=7.057e-03   wall_dp_dn=8.768e-04  | total=3.902e+00
      w: inlet_vx=1.009e+00  inlet_vy=9.893e-01  inlet_vz=1.005e+00  inlet_T=9.716e-01  outlet_p=9.717e-01
      w: wall_vx=1.010e+00   wall_vy=9.716e-01   wall_vz=9.717e-01   wall_T=9.716e-01   wall_dp_dn=9.716e-01
SUP   vx=0.000e+00  vy=0.000e+00  vz=0.000e+00  p=0.000e+00  T=0.000e+00  | total=0.000e+00
      w: vx=9.717e-01  vy=9.717e-01  vz=9.717e-01  p=9.717e-01  T=9.717e-01
MSE   vx=6.134e+02  vy=8.545e-03  vz=5.174e-03  p=2.804e-06  T=6.777e-03  | total=6.134e+02




[  284/10000]
PDE   div=4.091e-01  mom_x=9.335e-02  mom_y=1.764e-03  mom_z=9.972e-03  heat=2.614e-08  | total=5.142e-01
      w: div=9.743e-01  mom_x=9.717e-01  mom_y=9.716e-01  mom_z=9.721e-01  heat=9.716e-01
BC    inlet_vx=9.620e-01  inlet_vy=8.586e-01  inlet_vz=9.500e-01  inlet_T=5.160e-03  outlet_p=2.825e-02
      wall_vx=1.023e+00   wall_vy=3.299e-02   wall_vz=2.408e-03   wall_T=7.328e-03   wall_dp_dn=8.925e-04  | total=3.871e+00
      w: inlet_vx=1.009e+00  inlet_vy=9.892e-01  inlet_vz=1.005e+00  inlet_T=9.715e-01  outlet_p=9.716e-01
      w: wall_vx=1.010e+00   wall_vy=9.715e-01   wall_vz=9.716e-01   wall_T=9.715e-01   wall_dp_dn=9.715e-01
SUP   vx=0.000e+00  vy=0.000e+00  vz=0.000e+00  p=0.000e+00  T=0.000e+00  | total=0.000e+00
      w: vx=9.716e-01  vy=9.716e-01  vz=9.716e-01  p=9.716e-01  T=9.716e-01
MSE   vx=6.142e+02  vy=8.548e-03  vz=5.176e-03  p=2.811e-06  T=6.738e-03  | total=6.142e+02




[  285/10000]
PDE   div=4.107e-01  mom_x=9.194e-02  mom_y=1.736e-03  mom_z=9.418e-03  heat=2.512e-08  | total=5.138e-01
      w: div=9.742e-01  mom_x=9.716e-01  mom_y=9.715e-01  mom_z=9.719e-01  heat=9.715e-01
BC    inlet_vx=9.629e-01  inlet_vy=8.585e-01  inlet_vz=9.498e-01  inlet_T=5.146e-03  outlet_p=2.820e-02
      wall_vx=1.030e+00   wall_vy=3.183e-02   wall_vz=2.435e-03   wall_T=6.877e-03   wall_dp_dn=8.668e-04  | total=3.876e+00
      w: inlet_vx=1.009e+00  inlet_vy=9.891e-01  inlet_vz=1.004e+00  inlet_T=9.714e-01  outlet_p=9.715e-01
      w: wall_vx=1.010e+00   wall_vy=9.714e-01   wall_vz=9.715e-01   wall_T=9.714e-01   wall_dp_dn=9.714e-01
SUP   vx=0.000e+00  vy=0.000e+00  vz=0.000e+00  p=0.000e+00  T=0.000e+00  | total=0.000e+00
      w: vx=9.715e-01  vy=9.715e-01  vz=9.715e-01  p=9.715e-01  T=9.715e-01
MSE   vx=6.150e+02  vy=8.552e-03  vz=5.177e-03  p=2.819e-06  T=6.698e-03  | total=6.150e+02




[  286/10000]
PDE   div=4.085e-01  mom_x=9.223e-02  mom_y=1.625e-03  mom_z=9.844e-03  heat=2.504e-08  | total=5.122e-01
      w: div=9.741e-01  mom_x=9.715e-01  mom_y=9.714e-01  mom_z=9.718e-01  heat=9.714e-01
BC    inlet_vx=9.639e-01  inlet_vy=8.585e-01  inlet_vz=9.497e-01  inlet_T=5.136e-03  outlet_p=2.806e-02
      wall_vx=1.025e+00   wall_vy=3.268e-02   wall_vz=2.519e-03   wall_T=7.052e-03   wall_dp_dn=8.435e-04  | total=3.874e+00
      w: inlet_vx=1.009e+00  inlet_vy=9.890e-01  inlet_vz=1.004e+00  inlet_T=9.713e-01  outlet_p=9.714e-01
      w: wall_vx=1.010e+00   wall_vy=9.713e-01   wall_vz=9.714e-01   wall_T=9.713e-01   wall_dp_dn=9.713e-01
SUP   vx=0.000e+00  vy=0.000e+00  vz=0.000e+00  p=0.000e+00  T=0.000e+00  | total=0.000e+00
      w: vx=9.714e-01  vy=9.714e-01  vz=9.714e-01  p=9.714e-01  T=9.714e-01
MSE   vx=6.159e+02  vy=8.556e-03  vz=5.179e-03  p=2.826e-06  T=6.657e-03  | total=6.159e+02




[  287/10000]
PDE   div=4.184e-01  mom_x=9.459e-02  mom_y=1.571e-03  mom_z=9.350e-03  heat=2.549e-08  | total=5.240e-01
      w: div=9.740e-01  mom_x=9.714e-01  mom_y=9.713e-01  mom_z=9.717e-01  heat=9.713e-01
BC    inlet_vx=9.651e-01  inlet_vy=8.584e-01  inlet_vz=9.495e-01  inlet_T=5.131e-03  outlet_p=2.801e-02
      wall_vx=1.058e+00   wall_vy=3.388e-02   wall_vz=2.542e-03   wall_T=7.129e-03   wall_dp_dn=8.481e-04  | total=3.908e+00
      w: inlet_vx=1.009e+00  inlet_vy=9.889e-01  inlet_vz=1.004e+00  inlet_T=9.712e-01  outlet_p=9.713e-01
      w: wall_vx=1.010e+00   wall_vy=9.712e-01   wall_vz=9.713e-01   wall_T=9.712e-01   wall_dp_dn=9.712e-01
SUP   vx=0.000e+00  vy=0.000e+00  vz=0.000e+00  p=0.000e+00  T=0.000e+00  | total=0.000e+00
      w: vx=9.713e-01  vy=9.713e-01  vz=9.713e-01  p=9.713e-01  T=9.713e-01
MSE   vx=6.167e+02  vy=8.561e-03  vz=5.180e-03  p=2.834e-06  T=6.614e-03  | total=6.167e+02




[  288/10000]
PDE   div=4.147e-01  mom_x=9.217e-02  mom_y=1.510e-03  mom_z=9.329e-03  heat=2.518e-08  | total=5.177e-01
      w: div=9.739e-01  mom_x=9.713e-01  mom_y=9.712e-01  mom_z=9.716e-01  heat=9.712e-01
BC    inlet_vx=9.665e-01  inlet_vy=8.584e-01  inlet_vz=9.494e-01  inlet_T=5.131e-03  outlet_p=2.784e-02
      wall_vx=1.038e+00   wall_vy=3.309e-02   wall_vz=2.586e-03   wall_T=7.090e-03   wall_dp_dn=8.790e-04  | total=3.889e+00
      w: inlet_vx=1.009e+00  inlet_vy=9.888e-01  inlet_vz=1.004e+00  inlet_T=9.711e-01  outlet_p=9.712e-01
      w: wall_vx=1.010e+00   wall_vy=9.711e-01   wall_vz=9.712e-01   wall_T=9.711e-01   wall_dp_dn=9.711e-01
SUP   vx=0.000e+00  vy=0.000e+00  vz=0.000e+00  p=0.000e+00  T=0.000e+00  | total=0.000e+00
      w: vx=9.712e-01  vy=9.712e-01  vz=9.712e-01  p=9.712e-01  T=9.712e-01
MSE   vx=6.176e+02  vy=8.566e-03  vz=5.181e-03  p=2.841e-06  T=6.571e-03  | total=6.177e+02




[  289/10000]
PDE   div=4.059e-01  mom_x=9.103e-02  mom_y=1.477e-03  mom_z=9.084e-03  heat=2.516e-08  | total=5.075e-01
      w: div=9.738e-01  mom_x=9.712e-01  mom_y=9.711e-01  mom_z=9.715e-01  heat=9.711e-01
BC    inlet_vx=9.681e-01  inlet_vy=8.584e-01  inlet_vz=9.493e-01  inlet_T=5.138e-03  outlet_p=2.779e-02
      wall_vx=1.009e+00   wall_vy=3.338e-02   wall_vz=2.521e-03   wall_T=7.018e-03   wall_dp_dn=8.162e-04  | total=3.861e+00
      w: inlet_vx=1.009e+00  inlet_vy=9.888e-01  inlet_vz=1.004e+00  inlet_T=9.710e-01  outlet_p=9.711e-01
      w: wall_vx=1.010e+00   wall_vy=9.710e-01   wall_vz=9.711e-01   wall_T=9.710e-01   wall_dp_dn=9.710e-01
SUP   vx=0.000e+00  vy=0.000e+00  vz=0.000e+00  p=0.000e+00  T=0.000e+00  | total=0.000e+00
      w: vx=9.711e-01  vy=9.711e-01  vz=9.711e-01  p=9.711e-01  T=9.711e-01
MSE   vx=6.186e+02  vy=8.571e-03  vz=5.183e-03  p=2.849e-06  T=6.528e-03  | total=6.186e+02




[  290/10000]
PDE   div=4.142e-01  mom_x=9.536e-02  mom_y=1.439e-03  mom_z=9.254e-03  heat=2.776e-08  | total=5.203e-01
      w: div=9.737e-01  mom_x=9.711e-01  mom_y=9.710e-01  mom_z=9.714e-01  heat=9.710e-01
BC    inlet_vx=9.698e-01  inlet_vy=8.584e-01  inlet_vz=9.491e-01  inlet_T=5.152e-03  outlet_p=2.769e-02
      wall_vx=9.997e-01   wall_vy=3.388e-02   wall_vz=2.576e-03   wall_T=6.704e-03   wall_dp_dn=7.824e-04  | total=3.854e+00
      w: inlet_vx=1.010e+00  inlet_vy=9.887e-01  inlet_vz=1.004e+00  inlet_T=9.709e-01  outlet_p=9.710e-01
      w: wall_vx=1.010e+00   wall_vy=9.709e-01   wall_vz=9.710e-01   wall_T=9.709e-01   wall_dp_dn=9.709e-01
SUP   vx=0.000e+00  vy=0.000e+00  vz=0.000e+00  p=0.000e+00  T=0.000e+00  | total=0.000e+00
      w: vx=9.710e-01  vy=9.710e-01  vz=9.710e-01  p=9.710e-01  T=9.710e-01
MSE   vx=6.196e+02  vy=8.577e-03  vz=5.183e-03  p=2.856e-06  T=6.485e-03  | total=6.196e+02




[  291/10000]
PDE   div=4.071e-01  mom_x=9.256e-02  mom_y=1.406e-03  mom_z=8.605e-03  heat=2.769e-08  | total=5.097e-01
      w: div=9.737e-01  mom_x=9.710e-01  mom_y=9.709e-01  mom_z=9.713e-01  heat=9.709e-01
BC    inlet_vx=9.716e-01  inlet_vy=8.585e-01  inlet_vz=9.490e-01  inlet_T=5.174e-03  outlet_p=2.759e-02
      wall_vx=9.948e-01   wall_vy=3.438e-02   wall_vz=2.617e-03   wall_T=6.642e-03   wall_dp_dn=7.350e-04  | total=3.851e+00
      w: inlet_vx=1.010e+00  inlet_vy=9.886e-01  inlet_vz=1.004e+00  inlet_T=9.708e-01  outlet_p=9.709e-01
      w: wall_vx=1.010e+00   wall_vy=9.708e-01   wall_vz=9.709e-01   wall_T=9.708e-01   wall_dp_dn=9.708e-01
SUP   vx=0.000e+00  vy=0.000e+00  vz=0.000e+00  p=0.000e+00  T=0.000e+00  | total=0.000e+00
      w: vx=9.709e-01  vy=9.709e-01  vz=9.709e-01  p=9.709e-01  T=9.709e-01
MSE   vx=6.206e+02  vy=8.583e-03  vz=5.184e-03  p=2.863e-06  T=6.442e-03  | total=6.206e+02




[  292/10000]
PDE   div=4.078e-01  mom_x=9.244e-02  mom_y=1.333e-03  mom_z=8.443e-03  heat=2.669e-08  | total=5.100e-01
      w: div=9.736e-01  mom_x=9.709e-01  mom_y=9.708e-01  mom_z=9.712e-01  heat=9.708e-01
BC    inlet_vx=9.735e-01  inlet_vy=8.585e-01  inlet_vz=9.489e-01  inlet_T=5.204e-03  outlet_p=2.743e-02
      wall_vx=9.549e-01   wall_vy=3.362e-02   wall_vz=2.447e-03   wall_T=6.852e-03   wall_dp_dn=6.779e-04  | total=3.812e+00
      w: inlet_vx=1.010e+00  inlet_vy=9.885e-01  inlet_vz=1.004e+00  inlet_T=9.707e-01  outlet_p=9.708e-01
      w: wall_vx=1.010e+00   wall_vy=9.707e-01   wall_vz=9.708e-01   wall_T=9.707e-01   wall_dp_dn=9.707e-01
SUP   vx=0.000e+00  vy=0.000e+00  vz=0.000e+00  p=0.000e+00  T=0.000e+00  | total=0.000e+00
      w: vx=9.708e-01  vy=9.708e-01  vz=9.708e-01  p=9.708e-01  T=9.708e-01
MSE   vx=6.217e+02  vy=8.589e-03  vz=5.185e-03  p=2.871e-06  T=6.400e-03  | total=6.217e+02




[  293/10000]
PDE   div=4.060e-01  mom_x=9.183e-02  mom_y=1.255e-03  mom_z=8.376e-03  heat=2.725e-08  | total=5.074e-01
      w: div=9.735e-01  mom_x=9.708e-01  mom_y=9.707e-01  mom_z=9.711e-01  heat=9.707e-01
BC    inlet_vx=9.754e-01  inlet_vy=8.586e-01  inlet_vz=9.487e-01  inlet_T=5.243e-03  outlet_p=2.740e-02
      wall_vx=9.650e-01   wall_vy=3.411e-02   wall_vz=2.535e-03   wall_T=6.715e-03   wall_dp_dn=6.602e-04  | total=3.824e+00
      w: inlet_vx=1.010e+00  inlet_vy=9.884e-01  inlet_vz=1.004e+00  inlet_T=9.706e-01  outlet_p=9.706e-01
      w: wall_vx=1.010e+00   wall_vy=9.706e-01   wall_vz=9.707e-01   wall_T=9.706e-01   wall_dp_dn=9.706e-01
SUP   vx=0.000e+00  vy=0.000e+00  vz=0.000e+00  p=0.000e+00  T=0.000e+00  | total=0.000e+00
      w: vx=9.707e-01  vy=9.707e-01  vz=9.707e-01  p=9.707e-01  T=9.707e-01
MSE   vx=6.228e+02  vy=8.596e-03  vz=5.186e-03  p=2.878e-06  T=6.360e-03  | total=6.228e+02




[  294/10000]
PDE   div=4.148e-01  mom_x=9.562e-02  mom_y=1.246e-03  mom_z=8.019e-03  heat=2.829e-08  | total=5.197e-01
      w: div=9.734e-01  mom_x=9.707e-01  mom_y=9.706e-01  mom_z=9.710e-01  heat=9.706e-01
BC    inlet_vx=9.774e-01  inlet_vy=8.586e-01  inlet_vz=9.486e-01  inlet_T=5.292e-03  outlet_p=2.719e-02
      wall_vx=9.703e-01   wall_vy=3.463e-02   wall_vz=2.506e-03   wall_T=6.792e-03   wall_dp_dn=6.240e-04  | total=3.832e+00
      w: inlet_vx=1.010e+00  inlet_vy=9.883e-01  inlet_vz=1.004e+00  inlet_T=9.705e-01  outlet_p=9.705e-01
      w: wall_vx=1.010e+00   wall_vy=9.705e-01   wall_vz=9.706e-01   wall_T=9.705e-01   wall_dp_dn=9.705e-01
SUP   vx=0.000e+00  vy=0.000e+00  vz=0.000e+00  p=0.000e+00  T=0.000e+00  | total=0.000e+00
      w: vx=9.706e-01  vy=9.706e-01  vz=9.706e-01  p=9.706e-01  T=9.706e-01
MSE   vx=6.239e+02  vy=8.603e-03  vz=5.186e-03  p=2.885e-06  T=6.320e-03  | total=6.240e+02




[  295/10000]
PDE   div=4.133e-01  mom_x=9.358e-02  mom_y=1.130e-03  mom_z=7.655e-03  heat=2.912e-08  | total=5.157e-01
      w: div=9.733e-01  mom_x=9.706e-01  mom_y=9.705e-01  mom_z=9.709e-01  heat=9.705e-01
BC    inlet_vx=9.794e-01  inlet_vy=8.587e-01  inlet_vz=9.485e-01  inlet_T=5.349e-03  outlet_p=2.724e-02
      wall_vx=9.709e-01   wall_vy=3.220e-02   wall_vz=2.519e-03   wall_T=7.054e-03   wall_dp_dn=6.510e-04  | total=3.832e+00
      w: inlet_vx=1.010e+00  inlet_vy=9.882e-01  inlet_vz=1.004e+00  inlet_T=9.703e-01  outlet_p=9.704e-01
      w: wall_vx=1.010e+00   wall_vy=9.704e-01   wall_vz=9.705e-01   wall_T=9.704e-01   wall_dp_dn=9.704e-01
SUP   vx=0.000e+00  vy=0.000e+00  vz=0.000e+00  p=0.000e+00  T=0.000e+00  | total=0.000e+00
      w: vx=9.705e-01  vy=9.705e-01  vz=9.705e-01  p=9.705e-01  T=9.705e-01
MSE   vx=6.251e+02  vy=8.610e-03  vz=5.186e-03  p=2.892e-06  T=6.281e-03  | total=6.252e+02




[  296/10000]
PDE   div=4.197e-01  mom_x=9.563e-02  mom_y=1.158e-03  mom_z=7.274e-03  heat=2.847e-08  | total=5.238e-01
      w: div=9.732e-01  mom_x=9.705e-01  mom_y=9.704e-01  mom_z=9.708e-01  heat=9.704e-01
BC    inlet_vx=9.816e-01  inlet_vy=8.588e-01  inlet_vz=9.483e-01  inlet_T=5.416e-03  outlet_p=2.709e-02
      wall_vx=1.002e+00   wall_vy=3.549e-02   wall_vz=2.509e-03   wall_T=6.993e-03   wall_dp_dn=6.018e-04  | total=3.869e+00
      w: inlet_vx=1.010e+00  inlet_vy=9.881e-01  inlet_vz=1.003e+00  inlet_T=9.702e-01  outlet_p=9.703e-01
      w: wall_vx=1.010e+00   wall_vy=9.703e-01   wall_vz=9.704e-01   wall_T=9.703e-01   wall_dp_dn=9.703e-01
SUP   vx=0.000e+00  vy=0.000e+00  vz=0.000e+00  p=0.000e+00  T=0.000e+00  | total=0.000e+00
      w: vx=9.704e-01  vy=9.704e-01  vz=9.704e-01  p=9.704e-01  T=9.704e-01
MSE   vx=6.264e+02  vy=8.618e-03  vz=5.187e-03  p=2.900e-06  T=6.244e-03  | total=6.264e+02




[  297/10000]
PDE   div=4.061e-01  mom_x=9.077e-02  mom_y=1.084e-03  mom_z=6.618e-03  heat=2.778e-08  | total=5.046e-01
      w: div=9.731e-01  mom_x=9.704e-01  mom_y=9.703e-01  mom_z=9.707e-01  heat=9.703e-01
BC    inlet_vx=9.838e-01  inlet_vy=8.589e-01  inlet_vz=9.482e-01  inlet_T=5.492e-03  outlet_p=2.698e-02
      wall_vx=9.391e-01   wall_vy=3.394e-02   wall_vz=2.565e-03   wall_T=6.386e-03   wall_dp_dn=5.315e-04  | total=3.806e+00
      w: inlet_vx=1.010e+00  inlet_vy=9.880e-01  inlet_vz=1.003e+00  inlet_T=9.701e-01  outlet_p=9.702e-01
      w: wall_vx=1.010e+00   wall_vy=9.702e-01   wall_vz=9.703e-01   wall_T=9.702e-01   wall_dp_dn=9.702e-01
SUP   vx=0.000e+00  vy=0.000e+00  vz=0.000e+00  p=0.000e+00  T=0.000e+00  | total=0.000e+00
      w: vx=9.703e-01  vy=9.703e-01  vz=9.703e-01  p=9.703e-01  T=9.703e-01
MSE   vx=6.277e+02  vy=8.626e-03  vz=5.187e-03  p=2.907e-06  T=6.209e-03  | total=6.277e+02




[  298/10000]
PDE   div=4.123e-01  mom_x=9.045e-02  mom_y=1.027e-03  mom_z=6.394e-03  heat=2.828e-08  | total=5.101e-01
      w: div=9.730e-01  mom_x=9.703e-01  mom_y=9.702e-01  mom_z=9.706e-01  heat=9.702e-01
BC    inlet_vx=9.861e-01  inlet_vy=8.590e-01  inlet_vz=9.481e-01  inlet_T=5.577e-03  outlet_p=2.684e-02
      wall_vx=1.016e+00   wall_vy=3.350e-02   wall_vz=2.674e-03   wall_T=6.391e-03   wall_dp_dn=5.667e-04  | total=3.884e+00
      w: inlet_vx=1.010e+00  inlet_vy=9.879e-01  inlet_vz=1.003e+00  inlet_T=9.700e-01  outlet_p=9.701e-01
      w: wall_vx=1.010e+00   wall_vy=9.701e-01   wall_vz=9.702e-01   wall_T=9.701e-01   wall_dp_dn=9.701e-01
SUP   vx=0.000e+00  vy=0.000e+00  vz=0.000e+00  p=0.000e+00  T=0.000e+00  | total=0.000e+00
      w: vx=9.702e-01  vy=9.702e-01  vz=9.702e-01  p=9.702e-01  T=9.702e-01
MSE   vx=6.290e+02  vy=8.634e-03  vz=5.186e-03  p=2.914e-06  T=6.176e-03  | total=6.290e+02




[  299/10000]
PDE   div=4.179e-01  mom_x=9.359e-02  mom_y=1.002e-03  mom_z=6.124e-03  heat=2.868e-08  | total=5.186e-01
      w: div=9.729e-01  mom_x=9.702e-01  mom_y=9.701e-01  mom_z=9.705e-01  heat=9.701e-01
BC    inlet_vx=9.885e-01  inlet_vy=8.591e-01  inlet_vz=9.480e-01  inlet_T=5.671e-03  outlet_p=2.678e-02
      wall_vx=9.723e-01   wall_vy=3.326e-02   wall_vz=2.565e-03   wall_T=6.684e-03   wall_dp_dn=5.112e-04  | total=3.843e+00
      w: inlet_vx=1.010e+00  inlet_vy=9.878e-01  inlet_vz=1.003e+00  inlet_T=9.699e-01  outlet_p=9.700e-01
      w: wall_vx=1.010e+00   wall_vy=9.700e-01   wall_vz=9.701e-01   wall_T=9.700e-01   wall_dp_dn=9.700e-01
SUP   vx=0.000e+00  vy=0.000e+00  vz=0.000e+00  p=0.000e+00  T=0.000e+00  | total=0.000e+00
      w: vx=9.701e-01  vy=9.701e-01  vz=9.701e-01  p=9.701e-01  T=9.701e-01
MSE   vx=6.303e+02  vy=8.643e-03  vz=5.186e-03  p=2.921e-06  T=6.144e-03  | total=6.303e+02




[  300/10000]
PDE   div=4.194e-01  mom_x=9.257e-02  mom_y=9.500e-04  mom_z=5.799e-03  heat=2.753e-08  | total=5.187e-01
      w: div=9.728e-01  mom_x=9.701e-01  mom_y=9.700e-01  mom_z=9.704e-01  heat=9.700e-01
BC    inlet_vx=9.909e-01  inlet_vy=8.592e-01  inlet_vz=9.478e-01  inlet_T=5.774e-03  outlet_p=2.659e-02
      wall_vx=9.721e-01   wall_vy=3.480e-02   wall_vz=2.633e-03   wall_T=6.452e-03   wall_dp_dn=4.646e-04  | total=3.847e+00
      w: inlet_vx=1.010e+00  inlet_vy=9.877e-01  inlet_vz=1.003e+00  inlet_T=9.698e-01  outlet_p=9.699e-01
      w: wall_vx=1.010e+00   wall_vy=9.699e-01   wall_vz=9.700e-01   wall_T=9.699e-01   wall_dp_dn=9.699e-01
SUP   vx=0.000e+00  vy=0.000e+00  vz=0.000e+00  p=0.000e+00  T=0.000e+00  | total=0.000e+00
      w: vx=9.700e-01  vy=9.700e-01  vz=9.700e-01  p=9.700e-01  T=9.700e-01
MSE   vx=6.317e+02  vy=8.652e-03  vz=5.186e-03  p=2.929e-06  T=6.115e-03  | total=6.317e+02




[  301/10000]
PDE   div=4.165e-01  mom_x=9.459e-02  mom_y=9.501e-04  mom_z=5.459e-03  heat=3.001e-08  | total=5.175e-01
      w: div=9.727e-01  mom_x=9.700e-01  mom_y=9.699e-01  mom_z=9.703e-01  heat=9.699e-01
BC    inlet_vx=9.935e-01  inlet_vy=8.593e-01  inlet_vz=9.477e-01  inlet_T=5.884e-03  outlet_p=2.645e-02
      wall_vx=9.633e-01   wall_vy=3.625e-02   wall_vz=2.442e-03   wall_T=6.703e-03   wall_dp_dn=4.469e-04  | total=3.842e+00
      w: inlet_vx=1.010e+00  inlet_vy=9.876e-01  inlet_vz=1.003e+00  inlet_T=9.697e-01  outlet_p=9.698e-01
      w: wall_vx=1.010e+00   wall_vy=9.698e-01   wall_vz=9.699e-01   wall_T=9.698e-01   wall_dp_dn=9.698e-01
SUP   vx=0.000e+00  vy=0.000e+00  vz=0.000e+00  p=0.000e+00  T=0.000e+00  | total=0.000e+00
      w: vx=9.699e-01  vy=9.699e-01  vz=9.699e-01  p=9.699e-01  T=9.699e-01
MSE   vx=6.331e+02  vy=8.661e-03  vz=5.185e-03  p=2.936e-06  T=6.087e-03  | total=6.331e+02




[  302/10000]
PDE   div=4.148e-01  mom_x=9.284e-02  mom_y=8.286e-04  mom_z=5.125e-03  heat=2.951e-08  | total=5.136e-01
      w: div=9.726e-01  mom_x=9.699e-01  mom_y=9.698e-01  mom_z=9.702e-01  heat=9.698e-01
BC    inlet_vx=9.962e-01  inlet_vy=8.595e-01  inlet_vz=9.476e-01  inlet_T=6.003e-03  outlet_p=2.642e-02
      wall_vx=9.535e-01   wall_vy=3.203e-02   wall_vz=2.503e-03   wall_T=6.437e-03   wall_dp_dn=4.054e-04  | total=3.831e+00
      w: inlet_vx=1.010e+00  inlet_vy=9.875e-01  inlet_vz=1.003e+00  inlet_T=9.696e-01  outlet_p=9.697e-01
      w: wall_vx=1.010e+00   wall_vy=9.697e-01   wall_vz=9.698e-01   wall_T=9.697e-01   wall_dp_dn=9.697e-01
SUP   vx=0.000e+00  vy=0.000e+00  vz=0.000e+00  p=0.000e+00  T=0.000e+00  | total=0.000e+00
      w: vx=9.698e-01  vy=9.698e-01  vz=9.698e-01  p=9.698e-01  T=9.698e-01
MSE   vx=6.346e+02  vy=8.670e-03  vz=5.184e-03  p=2.943e-06  T=6.062e-03  | total=6.346e+02




[  303/10000]
PDE   div=4.119e-01  mom_x=8.959e-02  mom_y=8.150e-04  mom_z=4.424e-03  heat=2.598e-08  | total=5.067e-01
      w: div=9.726e-01  mom_x=9.698e-01  mom_y=9.697e-01  mom_z=9.701e-01  heat=9.697e-01
BC    inlet_vx=9.989e-01  inlet_vy=8.596e-01  inlet_vz=9.475e-01  inlet_T=6.129e-03  outlet_p=2.629e-02
      wall_vx=9.642e-01   wall_vy=3.416e-02   wall_vz=2.619e-03   wall_T=6.391e-03   wall_dp_dn=4.042e-04  | total=3.846e+00
      w: inlet_vx=1.010e+00  inlet_vy=9.874e-01  inlet_vz=1.003e+00  inlet_T=9.695e-01  outlet_p=9.696e-01
      w: wall_vx=1.010e+00   wall_vy=9.696e-01   wall_vz=9.697e-01   wall_T=9.695e-01   wall_dp_dn=9.696e-01
SUP   vx=0.000e+00  vy=0.000e+00  vz=0.000e+00  p=0.000e+00  T=0.000e+00  | total=0.000e+00
      w: vx=9.697e-01  vy=9.697e-01  vz=9.697e-01  p=9.697e-01  T=9.697e-01
MSE   vx=6.361e+02  vy=8.680e-03  vz=5.183e-03  p=2.950e-06  T=6.039e-03  | total=6.361e+02




[  304/10000]
PDE   div=4.180e-01  mom_x=9.260e-02  mom_y=8.032e-04  mom_z=4.265e-03  heat=3.095e-08  | total=5.157e-01
      w: div=9.725e-01  mom_x=9.697e-01  mom_y=9.696e-01  mom_z=9.700e-01  heat=9.696e-01
BC    inlet_vx=1.002e+00  inlet_vy=8.597e-01  inlet_vz=9.474e-01  inlet_T=6.261e-03  outlet_p=2.635e-02
      wall_vx=9.767e-01   wall_vy=3.629e-02   wall_vz=2.554e-03   wall_T=6.285e-03   wall_dp_dn=3.735e-04  | total=3.863e+00
      w: inlet_vx=1.010e+00  inlet_vy=9.874e-01  inlet_vz=1.003e+00  inlet_T=9.694e-01  outlet_p=9.695e-01
      w: wall_vx=1.010e+00   wall_vy=9.695e-01   wall_vz=9.696e-01   wall_T=9.694e-01   wall_dp_dn=9.695e-01
SUP   vx=0.000e+00  vy=0.000e+00  vz=0.000e+00  p=0.000e+00  T=0.000e+00  | total=0.000e+00
      w: vx=9.696e-01  vy=9.696e-01  vz=9.696e-01  p=9.696e-01  T=9.696e-01
MSE   vx=6.376e+02  vy=8.690e-03  vz=5.182e-03  p=2.957e-06  T=6.018e-03  | total=6.376e+02




[  305/10000]
PDE   div=4.207e-01  mom_x=9.254e-02  mom_y=7.500e-04  mom_z=4.158e-03  heat=2.858e-08  | total=5.182e-01
      w: div=9.724e-01  mom_x=9.696e-01  mom_y=9.695e-01  mom_z=9.699e-01  heat=9.695e-01
BC    inlet_vx=1.004e+00  inlet_vy=8.598e-01  inlet_vz=9.472e-01  inlet_T=6.400e-03  outlet_p=2.621e-02
      wall_vx=9.533e-01   wall_vy=3.384e-02   wall_vz=2.667e-03   wall_T=6.383e-03   wall_dp_dn=3.416e-04  | total=3.841e+00
      w: inlet_vx=1.010e+00  inlet_vy=9.873e-01  inlet_vz=1.003e+00  inlet_T=9.693e-01  outlet_p=9.694e-01
      w: wall_vx=1.010e+00   wall_vy=9.694e-01   wall_vz=9.695e-01   wall_T=9.693e-01   wall_dp_dn=9.694e-01
SUP   vx=0.000e+00  vy=0.000e+00  vz=0.000e+00  p=0.000e+00  T=0.000e+00  | total=0.000e+00
      w: vx=9.695e-01  vy=9.695e-01  vz=9.695e-01  p=9.695e-01  T=9.695e-01
MSE   vx=6.392e+02  vy=8.700e-03  vz=5.180e-03  p=2.965e-06  T=5.999e-03  | total=6.392e+02




[  306/10000]
PDE   div=4.109e-01  mom_x=9.065e-02  mom_y=6.948e-04  mom_z=3.704e-03  heat=2.839e-08  | total=5.059e-01
      w: div=9.723e-01  mom_x=9.695e-01  mom_y=9.694e-01  mom_z=9.698e-01  heat=9.694e-01
BC    inlet_vx=1.007e+00  inlet_vy=8.599e-01  inlet_vz=9.471e-01  inlet_T=6.543e-03  outlet_p=2.587e-02
      wall_vx=9.632e-01   wall_vy=3.494e-02   wall_vz=2.702e-03   wall_T=6.308e-03   wall_dp_dn=3.318e-04  | total=3.854e+00
      w: inlet_vx=1.010e+00  inlet_vy=9.872e-01  inlet_vz=1.003e+00  inlet_T=9.692e-01  outlet_p=9.693e-01
      w: wall_vx=1.010e+00   wall_vy=9.693e-01   wall_vz=9.694e-01   wall_T=9.692e-01   wall_dp_dn=9.693e-01
SUP   vx=0.000e+00  vy=0.000e+00  vz=0.000e+00  p=0.000e+00  T=0.000e+00  | total=0.000e+00
      w: vx=9.694e-01  vy=9.694e-01  vz=9.694e-01  p=9.694e-01  T=9.694e-01
MSE   vx=6.408e+02  vy=8.710e-03  vz=5.179e-03  p=2.972e-06  T=5.982e-03  | total=6.408e+02




[  307/10000]
PDE   div=4.281e-01  mom_x=9.400e-02  mom_y=7.166e-04  mom_z=3.565e-03  heat=3.065e-08  | total=5.264e-01
      w: div=9.722e-01  mom_x=9.694e-01  mom_y=9.693e-01  mom_z=9.697e-01  heat=9.693e-01
BC    inlet_vx=1.010e+00  inlet_vy=8.600e-01  inlet_vz=9.470e-01  inlet_T=6.690e-03  outlet_p=2.594e-02
      wall_vx=9.958e-01   wall_vy=3.326e-02   wall_vz=2.564e-03   wall_T=6.766e-03   wall_dp_dn=2.829e-04  | total=3.889e+00
      w: inlet_vx=1.010e+00  inlet_vy=9.871e-01  inlet_vz=1.002e+00  inlet_T=9.691e-01  outlet_p=9.692e-01
      w: wall_vx=1.010e+00   wall_vy=9.692e-01   wall_vz=9.693e-01   wall_T=9.691e-01   wall_dp_dn=9.692e-01
SUP   vx=0.000e+00  vy=0.000e+00  vz=0.000e+00  p=0.000e+00  T=0.000e+00  | total=0.000e+00
      w: vx=9.693e-01  vy=9.693e-01  vz=9.693e-01  p=9.693e-01  T=9.693e-01
MSE   vx=6.424e+02  vy=8.721e-03  vz=5.177e-03  p=2.979e-06  T=5.966e-03  | total=6.424e+02




[  308/10000]
PDE   div=4.186e-01  mom_x=9.126e-02  mom_y=6.856e-04  mom_z=3.338e-03  heat=2.997e-08  | total=5.139e-01
      w: div=9.721e-01  mom_x=9.693e-01  mom_y=9.692e-01  mom_z=9.696e-01  heat=9.692e-01
BC    inlet_vx=1.013e+00  inlet_vy=8.602e-01  inlet_vz=9.469e-01  inlet_T=6.840e-03  outlet_p=2.600e-02
      wall_vx=8.897e-01   wall_vy=3.454e-02   wall_vz=2.472e-03   wall_T=6.486e-03   wall_dp_dn=2.678e-04  | total=3.787e+00
      w: inlet_vx=1.010e+00  inlet_vy=9.870e-01  inlet_vz=1.002e+00  inlet_T=9.690e-01  outlet_p=9.691e-01
      w: wall_vx=1.010e+00   wall_vy=9.691e-01   wall_vz=9.692e-01   wall_T=9.690e-01   wall_dp_dn=9.691e-01
SUP   vx=0.000e+00  vy=0.000e+00  vz=0.000e+00  p=0.000e+00  T=0.000e+00  | total=0.000e+00
      w: vx=9.692e-01  vy=9.692e-01  vz=9.692e-01  p=9.692e-01  T=9.692e-01
MSE   vx=6.441e+02  vy=8.732e-03  vz=5.175e-03  p=2.987e-06  T=5.953e-03  | total=6.441e+02




[  309/10000]
PDE   div=4.236e-01  mom_x=9.491e-02  mom_y=6.687e-04  mom_z=3.348e-03  heat=3.204e-08  | total=5.225e-01
      w: div=9.720e-01  mom_x=9.692e-01  mom_y=9.691e-01  mom_z=9.695e-01  heat=9.691e-01
BC    inlet_vx=1.016e+00  inlet_vy=8.603e-01  inlet_vz=9.468e-01  inlet_T=6.993e-03  outlet_p=2.562e-02
      wall_vx=9.208e-01   wall_vy=3.447e-02   wall_vz=2.649e-03   wall_T=6.360e-03   wall_dp_dn=2.589e-04  | total=3.821e+00
      w: inlet_vx=1.010e+00  inlet_vy=9.869e-01  inlet_vz=1.002e+00  inlet_T=9.689e-01  outlet_p=9.690e-01
      w: wall_vx=1.010e+00   wall_vy=9.690e-01   wall_vz=9.691e-01   wall_T=9.689e-01   wall_dp_dn=9.690e-01
SUP   vx=0.000e+00  vy=0.000e+00  vz=0.000e+00  p=0.000e+00  T=0.000e+00  | total=0.000e+00
      w: vx=9.691e-01  vy=9.691e-01  vz=9.691e-01  p=9.691e-01  T=9.691e-01
MSE   vx=6.458e+02  vy=8.743e-03  vz=5.173e-03  p=2.994e-06  T=5.941e-03  | total=6.458e+02




[  310/10000]
PDE   div=4.148e-01  mom_x=8.931e-02  mom_y=6.302e-04  mom_z=3.014e-03  heat=3.002e-08  | total=5.078e-01
      w: div=9.719e-01  mom_x=9.691e-01  mom_y=9.690e-01  mom_z=9.694e-01  heat=9.690e-01
BC    inlet_vx=1.019e+00  inlet_vy=8.604e-01  inlet_vz=9.467e-01  inlet_T=7.146e-03  outlet_p=2.565e-02
      wall_vx=9.407e-01   wall_vy=3.253e-02   wall_vz=2.625e-03   wall_T=6.324e-03   wall_dp_dn=2.531e-04  | total=3.842e+00
      w: inlet_vx=1.010e+00  inlet_vy=9.868e-01  inlet_vz=1.002e+00  inlet_T=9.688e-01  outlet_p=9.689e-01
      w: wall_vx=1.010e+00   wall_vy=9.689e-01   wall_vz=9.690e-01   wall_T=9.688e-01   wall_dp_dn=9.689e-01
SUP   vx=0.000e+00  vy=0.000e+00  vz=0.000e+00  p=0.000e+00  T=0.000e+00  | total=0.000e+00
      w: vx=9.690e-01  vy=9.690e-01  vz=9.690e-01  p=9.690e-01  T=9.690e-01
MSE   vx=6.476e+02  vy=8.754e-03  vz=5.171e-03  p=3.002e-06  T=5.931e-03  | total=6.476e+02




[  311/10000]
PDE   div=4.167e-01  mom_x=8.903e-02  mom_y=6.085e-04  mom_z=2.836e-03  heat=2.984e-08  | total=5.092e-01
      w: div=9.718e-01  mom_x=9.690e-01  mom_y=9.689e-01  mom_z=9.693e-01  heat=9.689e-01
BC    inlet_vx=1.022e+00  inlet_vy=8.605e-01  inlet_vz=9.466e-01  inlet_T=7.300e-03  outlet_p=2.537e-02
      wall_vx=9.304e-01   wall_vy=3.397e-02   wall_vz=2.526e-03   wall_T=6.351e-03   wall_dp_dn=2.511e-04  | total=3.836e+00
      w: inlet_vx=1.010e+00  inlet_vy=9.867e-01  inlet_vz=1.002e+00  inlet_T=9.687e-01  outlet_p=9.688e-01
      w: wall_vx=1.010e+00   wall_vy=9.688e-01   wall_vz=9.689e-01   wall_T=9.687e-01   wall_dp_dn=9.688e-01
SUP   vx=0.000e+00  vy=0.000e+00  vz=0.000e+00  p=0.000e+00  T=0.000e+00  | total=0.000e+00
      w: vx=9.689e-01  vy=9.689e-01  vz=9.689e-01  p=9.689e-01  T=9.689e-01
MSE   vx=6.494e+02  vy=8.766e-03  vz=5.169e-03  p=3.009e-06  T=5.922e-03  | total=6.494e+02




[  312/10000]
PDE   div=4.268e-01  mom_x=9.411e-02  mom_y=5.850e-04  mom_z=2.810e-03  heat=3.044e-08  | total=5.243e-01
      w: div=9.717e-01  mom_x=9.689e-01  mom_y=9.688e-01  mom_z=9.692e-01  heat=9.688e-01
BC    inlet_vx=1.026e+00  inlet_vy=8.605e-01  inlet_vz=9.465e-01  inlet_T=7.454e-03  outlet_p=2.537e-02
      wall_vx=8.933e-01   wall_vy=3.371e-02   wall_vz=2.549e-03   wall_T=6.464e-03   wall_dp_dn=2.450e-04  | total=3.802e+00
      w: inlet_vx=1.010e+00  inlet_vy=9.866e-01  inlet_vz=1.002e+00  inlet_T=9.686e-01  outlet_p=9.687e-01
      w: wall_vx=1.010e+00   wall_vy=9.687e-01   wall_vz=9.688e-01   wall_T=9.686e-01   wall_dp_dn=9.687e-01
SUP   vx=0.000e+00  vy=0.000e+00  vz=0.000e+00  p=0.000e+00  T=0.000e+00  | total=0.000e+00
      w: vx=9.688e-01  vy=9.688e-01  vz=9.688e-01  p=9.688e-01  T=9.688e-01
MSE   vx=6.512e+02  vy=8.778e-03  vz=5.166e-03  p=3.017e-06  T=5.915e-03  | total=6.512e+02




[  313/10000]
PDE   div=4.308e-01  mom_x=9.343e-02  mom_y=5.841e-04  mom_z=2.779e-03  heat=3.191e-08  | total=5.275e-01
      w: div=9.716e-01  mom_x=9.688e-01  mom_y=9.687e-01  mom_z=9.691e-01  heat=9.687e-01
BC    inlet_vx=1.029e+00  inlet_vy=8.606e-01  inlet_vz=9.464e-01  inlet_T=7.605e-03  outlet_p=2.515e-02
      wall_vx=9.308e-01   wall_vy=3.516e-02   wall_vz=2.541e-03   wall_T=6.368e-03   wall_dp_dn=2.551e-04  | total=3.844e+00
      w: inlet_vx=1.010e+00  inlet_vy=9.865e-01  inlet_vz=1.002e+00  inlet_T=9.685e-01  outlet_p=9.686e-01
      w: wall_vx=1.010e+00   wall_vy=9.686e-01   wall_vz=9.687e-01   wall_T=9.685e-01   wall_dp_dn=9.686e-01
SUP   vx=0.000e+00  vy=0.000e+00  vz=0.000e+00  p=0.000e+00  T=0.000e+00  | total=0.000e+00
      w: vx=9.687e-01  vy=9.687e-01  vz=9.687e-01  p=9.687e-01  T=9.687e-01
MSE   vx=6.531e+02  vy=8.790e-03  vz=5.163e-03  p=3.024e-06  T=5.910e-03  | total=6.531e+02




[  314/10000]
PDE   div=4.238e-01  mom_x=9.109e-02  mom_y=5.552e-04  mom_z=2.585e-03  heat=2.970e-08  | total=5.180e-01
      w: div=9.715e-01  mom_x=9.687e-01  mom_y=9.686e-01  mom_z=9.690e-01  heat=9.686e-01
BC    inlet_vx=1.032e+00  inlet_vy=8.607e-01  inlet_vz=9.463e-01  inlet_T=7.753e-03  outlet_p=2.509e-02
      wall_vx=8.681e-01   wall_vy=3.263e-02   wall_vz=2.308e-03   wall_T=6.523e-03   wall_dp_dn=2.417e-04  | total=3.781e+00
      w: inlet_vx=1.010e+00  inlet_vy=9.864e-01  inlet_vz=1.002e+00  inlet_T=9.684e-01  outlet_p=9.685e-01
      w: wall_vx=1.010e+00   wall_vy=9.685e-01   wall_vz=9.686e-01   wall_T=9.684e-01   wall_dp_dn=9.685e-01
SUP   vx=0.000e+00  vy=0.000e+00  vz=0.000e+00  p=0.000e+00  T=0.000e+00  | total=0.000e+00
      w: vx=9.686e-01  vy=9.686e-01  vz=9.686e-01  p=9.686e-01  T=9.686e-01
MSE   vx=6.550e+02  vy=8.802e-03  vz=5.160e-03  p=3.032e-06  T=5.905e-03  | total=6.550e+02




[  315/10000]
PDE   div=4.177e-01  mom_x=9.041e-02  mom_y=5.210e-04  mom_z=2.602e-03  heat=2.884e-08  | total=5.112e-01
      w: div=9.714e-01  mom_x=9.686e-01  mom_y=9.685e-01  mom_z=9.689e-01  heat=9.685e-01
BC    inlet_vx=1.035e+00  inlet_vy=8.608e-01  inlet_vz=9.462e-01  inlet_T=7.897e-03  outlet_p=2.512e-02
      wall_vx=8.786e-01   wall_vy=3.352e-02   wall_vz=2.489e-03   wall_T=6.894e-03   wall_dp_dn=2.618e-04  | total=3.797e+00
      w: inlet_vx=1.011e+00  inlet_vy=9.863e-01  inlet_vz=1.002e+00  inlet_T=9.683e-01  outlet_p=9.684e-01
      w: wall_vx=1.010e+00   wall_vy=9.684e-01   wall_vz=9.685e-01   wall_T=9.683e-01   wall_dp_dn=9.684e-01
SUP   vx=0.000e+00  vy=0.000e+00  vz=0.000e+00  p=0.000e+00  T=0.000e+00  | total=0.000e+00
      w: vx=9.685e-01  vy=9.685e-01  vz=9.685e-01  p=9.685e-01  T=9.685e-01
MSE   vx=6.569e+02  vy=8.814e-03  vz=5.157e-03  p=3.039e-06  T=5.902e-03  | total=6.569e+02




[  316/10000]
PDE   div=4.242e-01  mom_x=9.067e-02  mom_y=5.169e-04  mom_z=2.601e-03  heat=3.041e-08  | total=5.180e-01
      w: div=9.714e-01  mom_x=9.685e-01  mom_y=9.684e-01  mom_z=9.688e-01  heat=9.684e-01
BC    inlet_vx=1.038e+00  inlet_vy=8.608e-01  inlet_vz=9.461e-01  inlet_T=8.037e-03  outlet_p=2.485e-02
      wall_vx=9.000e-01   wall_vy=3.453e-02   wall_vz=2.552e-03   wall_T=6.509e-03   wall_dp_dn=2.572e-04  | total=3.821e+00
      w: inlet_vx=1.011e+00  inlet_vy=9.862e-01  inlet_vz=1.002e+00  inlet_T=9.682e-01  outlet_p=9.683e-01
      w: wall_vx=1.010e+00   wall_vy=9.683e-01   wall_vz=9.684e-01   wall_T=9.682e-01   wall_dp_dn=9.683e-01
SUP   vx=0.000e+00  vy=0.000e+00  vz=0.000e+00  p=0.000e+00  T=0.000e+00  | total=0.000e+00
      w: vx=9.684e-01  vy=9.684e-01  vz=9.684e-01  p=9.684e-01  T=9.684e-01
MSE   vx=6.589e+02  vy=8.827e-03  vz=5.154e-03  p=3.047e-06  T=5.899e-03  | total=6.589e+02




[  317/10000]
PDE   div=4.272e-01  mom_x=9.253e-02  mom_y=4.983e-04  mom_z=2.580e-03  heat=2.939e-08  | total=5.228e-01
      w: div=9.713e-01  mom_x=9.684e-01  mom_y=9.683e-01  mom_z=9.687e-01  heat=9.683e-01
BC    inlet_vx=1.041e+00  inlet_vy=8.609e-01  inlet_vz=9.460e-01  inlet_T=8.171e-03  outlet_p=2.479e-02
      wall_vx=8.945e-01   wall_vy=3.405e-02   wall_vz=2.537e-03   wall_T=6.126e-03   wall_dp_dn=2.833e-04  | total=3.818e+00
      w: inlet_vx=1.011e+00  inlet_vy=9.861e-01  inlet_vz=1.001e+00  inlet_T=9.681e-01  outlet_p=9.682e-01
      w: wall_vx=1.010e+00   wall_vy=9.682e-01   wall_vz=9.683e-01   wall_T=9.681e-01   wall_dp_dn=9.682e-01
SUP   vx=0.000e+00  vy=0.000e+00  vz=0.000e+00  p=0.000e+00  T=0.000e+00  | total=0.000e+00
      w: vx=9.683e-01  vy=9.683e-01  vz=9.683e-01  p=9.683e-01  T=9.683e-01
MSE   vx=6.609e+02  vy=8.839e-03  vz=5.151e-03  p=3.055e-06  T=5.896e-03  | total=6.610e+02




[  318/10000]
PDE   div=4.235e-01  mom_x=8.997e-02  mom_y=4.800e-04  mom_z=2.635e-03  heat=2.838e-08  | total=5.166e-01
      w: div=9.712e-01  mom_x=9.683e-01  mom_y=9.682e-01  mom_z=9.686e-01  heat=9.682e-01
BC    inlet_vx=1.043e+00  inlet_vy=8.609e-01  inlet_vz=9.460e-01  inlet_T=8.297e-03  outlet_p=2.467e-02
      wall_vx=8.635e-01   wall_vy=3.302e-02   wall_vz=2.520e-03   wall_T=6.502e-03   wall_dp_dn=2.892e-04  | total=3.789e+00
      w: inlet_vx=1.011e+00  inlet_vy=9.860e-01  inlet_vz=1.001e+00  inlet_T=9.680e-01  outlet_p=9.681e-01
      w: wall_vx=1.010e+00   wall_vy=9.681e-01   wall_vz=9.682e-01   wall_T=9.680e-01   wall_dp_dn=9.681e-01
SUP   vx=0.000e+00  vy=0.000e+00  vz=0.000e+00  p=0.000e+00  T=0.000e+00  | total=0.000e+00
      w: vx=9.682e-01  vy=9.682e-01  vz=9.682e-01  p=9.682e-01  T=9.682e-01
MSE   vx=6.630e+02  vy=8.852e-03  vz=5.147e-03  p=3.062e-06  T=5.895e-03  | total=6.630e+02




[  319/10000]
PDE   div=4.282e-01  mom_x=8.987e-02  mom_y=4.932e-04  mom_z=2.721e-03  heat=3.052e-08  | total=5.213e-01
      w: div=9.711e-01  mom_x=9.682e-01  mom_y=9.681e-01  mom_z=9.685e-01  heat=9.681e-01
BC    inlet_vx=1.046e+00  inlet_vy=8.609e-01  inlet_vz=9.459e-01  inlet_T=8.416e-03  outlet_p=2.451e-02
      wall_vx=8.592e-01   wall_vy=3.211e-02   wall_vz=2.496e-03   wall_T=6.314e-03   wall_dp_dn=3.062e-04  | total=3.787e+00
      w: inlet_vx=1.011e+00  inlet_vy=9.859e-01  inlet_vz=1.001e+00  inlet_T=9.679e-01  outlet_p=9.680e-01
      w: wall_vx=1.010e+00   wall_vy=9.680e-01   wall_vz=9.681e-01   wall_T=9.679e-01   wall_dp_dn=9.680e-01
SUP   vx=0.000e+00  vy=0.000e+00  vz=0.000e+00  p=0.000e+00  T=0.000e+00  | total=0.000e+00
      w: vx=9.681e-01  vy=9.681e-01  vz=9.681e-01  p=9.681e-01  T=9.681e-01
MSE   vx=6.651e+02  vy=8.865e-03  vz=5.144e-03  p=3.070e-06  T=5.893e-03  | total=6.651e+02




[  320/10000]
PDE   div=4.224e-01  mom_x=8.662e-02  mom_y=4.638e-04  mom_z=2.842e-03  heat=2.966e-08  | total=5.123e-01
      w: div=9.710e-01  mom_x=9.681e-01  mom_y=9.680e-01  mom_z=9.684e-01  heat=9.680e-01
BC    inlet_vx=1.049e+00  inlet_vy=8.610e-01  inlet_vz=9.458e-01  inlet_T=8.527e-03  outlet_p=2.472e-02
      wall_vx=8.756e-01   wall_vy=3.340e-02   wall_vz=2.433e-03   wall_T=6.627e-03   wall_dp_dn=3.344e-04  | total=3.807e+00
      w: inlet_vx=1.011e+00  inlet_vy=9.858e-01  inlet_vz=1.001e+00  inlet_T=9.678e-01  outlet_p=9.679e-01
      w: wall_vx=1.010e+00   wall_vy=9.679e-01   wall_vz=9.680e-01   wall_T=9.678e-01   wall_dp_dn=9.679e-01
SUP   vx=0.000e+00  vy=0.000e+00  vz=0.000e+00  p=0.000e+00  T=0.000e+00  | total=0.000e+00
      w: vx=9.680e-01  vy=9.680e-01  vz=9.680e-01  p=9.680e-01  T=9.680e-01
MSE   vx=6.672e+02  vy=8.878e-03  vz=5.140e-03  p=3.078e-06  T=5.892e-03  | total=6.673e+02




[  321/10000]
PDE   div=4.334e-01  mom_x=9.239e-02  mom_y=4.807e-04  mom_z=2.941e-03  heat=3.273e-08  | total=5.292e-01
      w: div=9.709e-01  mom_x=9.680e-01  mom_y=9.679e-01  mom_z=9.683e-01  heat=9.679e-01
BC    inlet_vx=1.052e+00  inlet_vy=8.610e-01  inlet_vz=9.457e-01  inlet_T=8.629e-03  outlet_p=2.442e-02
      wall_vx=9.208e-01   wall_vy=3.237e-02   wall_vz=2.675e-03   wall_T=5.991e-03   wall_dp_dn=3.366e-04  | total=3.854e+00
      w: inlet_vx=1.011e+00  inlet_vy=9.857e-01  inlet_vz=1.001e+00  inlet_T=9.677e-01  outlet_p=9.678e-01
      w: wall_vx=1.010e+00   wall_vy=9.678e-01   wall_vz=9.679e-01   wall_T=9.677e-01   wall_dp_dn=9.678e-01
SUP   vx=0.000e+00  vy=0.000e+00  vz=0.000e+00  p=0.000e+00  T=0.000e+00  | total=0.000e+00
      w: vx=9.679e-01  vy=9.679e-01  vz=9.679e-01  p=9.679e-01  T=9.679e-01
MSE   vx=6.694e+02  vy=8.892e-03  vz=5.136e-03  p=3.086e-06  T=5.892e-03  | total=6.694e+02




[  322/10000]
PDE   div=4.317e-01  mom_x=9.273e-02  mom_y=4.694e-04  mom_z=3.084e-03  heat=3.107e-08  | total=5.279e-01
      w: div=9.708e-01  mom_x=9.679e-01  mom_y=9.678e-01  mom_z=9.682e-01  heat=9.678e-01
BC    inlet_vx=1.055e+00  inlet_vy=8.610e-01  inlet_vz=9.456e-01  inlet_T=8.720e-03  outlet_p=2.437e-02
      wall_vx=8.717e-01   wall_vy=3.375e-02   wall_vz=2.506e-03   wall_T=6.654e-03   wall_dp_dn=3.418e-04  | total=3.809e+00
      w: inlet_vx=1.011e+00  inlet_vy=9.857e-01  inlet_vz=1.001e+00  inlet_T=9.676e-01  outlet_p=9.677e-01
      w: wall_vx=1.010e+00   wall_vy=9.677e-01   wall_vz=9.678e-01   wall_T=9.676e-01   wall_dp_dn=9.677e-01
SUP   vx=0.000e+00  vy=0.000e+00  vz=0.000e+00  p=0.000e+00  T=0.000e+00  | total=0.000e+00
      w: vx=9.678e-01  vy=9.678e-01  vz=9.678e-01  p=9.678e-01  T=9.678e-01
MSE   vx=6.716e+02  vy=8.905e-03  vz=5.132e-03  p=3.094e-06  T=5.891e-03  | total=6.716e+02




[  323/10000]
PDE   div=4.386e-01  mom_x=9.258e-02  mom_y=4.401e-04  mom_z=3.276e-03  heat=3.160e-08  | total=5.349e-01
      w: div=9.707e-01  mom_x=9.678e-01  mom_y=9.677e-01  mom_z=9.681e-01  heat=9.677e-01
BC    inlet_vx=1.057e+00  inlet_vy=8.610e-01  inlet_vz=9.456e-01  inlet_T=8.802e-03  outlet_p=2.421e-02
      wall_vx=9.062e-01   wall_vy=3.312e-02   wall_vz=2.470e-03   wall_T=6.397e-03   wall_dp_dn=3.879e-04  | total=3.845e+00
      w: inlet_vx=1.011e+00  inlet_vy=9.856e-01  inlet_vz=1.001e+00  inlet_T=9.675e-01  outlet_p=9.676e-01
      w: wall_vx=1.010e+00   wall_vy=9.676e-01   wall_vz=9.677e-01   wall_T=9.675e-01   wall_dp_dn=9.676e-01
SUP   vx=0.000e+00  vy=0.000e+00  vz=0.000e+00  p=0.000e+00  T=0.000e+00  | total=0.000e+00
      w: vx=9.677e-01  vy=9.677e-01  vz=9.677e-01  p=9.677e-01  T=9.677e-01
MSE   vx=6.738e+02  vy=8.919e-03  vz=5.127e-03  p=3.102e-06  T=5.889e-03  | total=6.738e+02




[  324/10000]
PDE   div=4.412e-01  mom_x=9.326e-02  mom_y=4.675e-04  mom_z=3.429e-03  heat=3.036e-08  | total=5.384e-01
      w: div=9.706e-01  mom_x=9.677e-01  mom_y=9.676e-01  mom_z=9.680e-01  heat=9.676e-01
BC    inlet_vx=1.060e+00  inlet_vy=8.610e-01  inlet_vz=9.455e-01  inlet_T=8.873e-03  outlet_p=2.410e-02
      wall_vx=8.621e-01   wall_vy=3.336e-02   wall_vz=2.508e-03   wall_T=6.455e-03   wall_dp_dn=4.023e-04  | total=3.804e+00
      w: inlet_vx=1.011e+00  inlet_vy=9.855e-01  inlet_vz=1.001e+00  inlet_T=9.674e-01  outlet_p=9.675e-01
      w: wall_vx=1.010e+00   wall_vy=9.675e-01   wall_vz=9.676e-01   wall_T=9.674e-01   wall_dp_dn=9.675e-01
SUP   vx=0.000e+00  vy=0.000e+00  vz=0.000e+00  p=0.000e+00  T=0.000e+00  | total=0.000e+00
      w: vx=9.676e-01  vy=9.676e-01  vz=9.676e-01  p=9.676e-01  T=9.676e-01
MSE   vx=6.760e+02  vy=8.933e-03  vz=5.123e-03  p=3.110e-06  T=5.888e-03  | total=6.761e+02




[  325/10000]
PDE   div=4.368e-01  mom_x=9.177e-02  mom_y=4.854e-04  mom_z=3.509e-03  heat=3.002e-08  | total=5.326e-01
      w: div=9.705e-01  mom_x=9.676e-01  mom_y=9.675e-01  mom_z=9.679e-01  heat=9.675e-01
BC    inlet_vx=1.063e+00  inlet_vy=8.610e-01  inlet_vz=9.454e-01  inlet_T=8.933e-03  outlet_p=2.416e-02
      wall_vx=8.278e-01   wall_vy=3.221e-02   wall_vz=2.318e-03   wall_T=6.490e-03   wall_dp_dn=4.508e-04  | total=3.772e+00
      w: inlet_vx=1.011e+00  inlet_vy=9.854e-01  inlet_vz=1.001e+00  inlet_T=9.673e-01  outlet_p=9.674e-01
      w: wall_vx=1.010e+00   wall_vy=9.674e-01   wall_vz=9.675e-01   wall_T=9.673e-01   wall_dp_dn=9.674e-01
SUP   vx=0.000e+00  vy=0.000e+00  vz=0.000e+00  p=0.000e+00  T=0.000e+00  | total=0.000e+00
      w: vx=9.675e-01  vy=9.675e-01  vz=9.675e-01  p=9.675e-01  T=9.675e-01
MSE   vx=6.783e+02  vy=8.947e-03  vz=5.118e-03  p=3.118e-06  T=5.886e-03  | total=6.783e+02




[  326/10000]
PDE   div=4.359e-01  mom_x=9.091e-02  mom_y=4.672e-04  mom_z=3.646e-03  heat=2.796e-08  | total=5.309e-01
      w: div=9.704e-01  mom_x=9.675e-01  mom_y=9.674e-01  mom_z=9.677e-01  heat=9.674e-01
BC    inlet_vx=1.065e+00  inlet_vy=8.610e-01  inlet_vz=9.453e-01  inlet_T=8.982e-03  outlet_p=2.380e-02
      wall_vx=7.904e-01   wall_vy=3.133e-02   wall_vz=2.387e-03   wall_T=6.378e-03   wall_dp_dn=4.706e-04  | total=3.736e+00
      w: inlet_vx=1.011e+00  inlet_vy=9.853e-01  inlet_vz=1.001e+00  inlet_T=9.672e-01  outlet_p=9.673e-01
      w: wall_vx=1.010e+00   wall_vy=9.673e-01   wall_vz=9.674e-01   wall_T=9.672e-01   wall_dp_dn=9.673e-01
SUP   vx=0.000e+00  vy=0.000e+00  vz=0.000e+00  p=0.000e+00  T=0.000e+00  | total=0.000e+00
      w: vx=9.674e-01  vy=9.674e-01  vz=9.674e-01  p=9.674e-01  T=9.674e-01
MSE   vx=6.806e+02  vy=8.961e-03  vz=5.114e-03  p=3.127e-06  T=5.884e-03  | total=6.806e+02




[  327/10000]
PDE   div=4.374e-01  mom_x=8.765e-02  mom_y=4.729e-04  mom_z=3.800e-03  heat=2.843e-08  | total=5.293e-01
      w: div=9.703e-01  mom_x=9.674e-01  mom_y=9.673e-01  mom_z=9.676e-01  heat=9.673e-01
BC    inlet_vx=1.068e+00  inlet_vy=8.609e-01  inlet_vz=9.453e-01  inlet_T=9.020e-03  outlet_p=2.387e-02
      wall_vx=8.640e-01   wall_vy=3.262e-02   wall_vz=2.497e-03   wall_T=6.563e-03   wall_dp_dn=4.860e-04  | total=3.813e+00
      w: inlet_vx=1.011e+00  inlet_vy=9.852e-01  inlet_vz=1.000e+00  inlet_T=9.671e-01  outlet_p=9.672e-01
      w: wall_vx=1.010e+00   wall_vy=9.672e-01   wall_vz=9.673e-01   wall_T=9.671e-01   wall_dp_dn=9.672e-01
SUP   vx=0.000e+00  vy=0.000e+00  vz=0.000e+00  p=0.000e+00  T=0.000e+00  | total=0.000e+00
      w: vx=9.673e-01  vy=9.673e-01  vz=9.673e-01  p=9.673e-01  T=9.673e-01
MSE   vx=6.830e+02  vy=8.976e-03  vz=5.109e-03  p=3.135e-06  T=5.882e-03  | total=6.830e+02




[  328/10000]
PDE   div=4.348e-01  mom_x=8.988e-02  mom_y=4.863e-04  mom_z=4.049e-03  heat=3.027e-08  | total=5.292e-01
      w: div=9.702e-01  mom_x=9.674e-01  mom_y=9.672e-01  mom_z=9.675e-01  heat=9.672e-01
BC    inlet_vx=1.070e+00  inlet_vy=8.609e-01  inlet_vz=9.452e-01  inlet_T=9.046e-03  outlet_p=2.380e-02
      wall_vx=8.162e-01   wall_vy=3.156e-02   wall_vz=2.285e-03   wall_T=5.932e-03   wall_dp_dn=5.086e-04  | total=3.766e+00
      w: inlet_vx=1.011e+00  inlet_vy=9.851e-01  inlet_vz=1.000e+00  inlet_T=9.670e-01  outlet_p=9.671e-01
      w: wall_vx=1.010e+00   wall_vy=9.671e-01   wall_vz=9.672e-01   wall_T=9.670e-01   wall_dp_dn=9.671e-01
SUP   vx=0.000e+00  vy=0.000e+00  vz=0.000e+00  p=0.000e+00  T=0.000e+00  | total=0.000e+00
      w: vx=9.672e-01  vy=9.672e-01  vz=9.672e-01  p=9.672e-01  T=9.672e-01
MSE   vx=6.853e+02  vy=8.990e-03  vz=5.104e-03  p=3.143e-06  T=5.879e-03  | total=6.853e+02




[  329/10000]
PDE   div=4.495e-01  mom_x=9.198e-02  mom_y=4.712e-04  mom_z=4.325e-03  heat=2.942e-08  | total=5.463e-01
      w: div=9.702e-01  mom_x=9.673e-01  mom_y=9.671e-01  mom_z=9.674e-01  heat=9.671e-01
BC    inlet_vx=1.073e+00  inlet_vy=8.609e-01  inlet_vz=9.452e-01  inlet_T=9.061e-03  outlet_p=2.364e-02
      wall_vx=8.457e-01   wall_vy=3.233e-02   wall_vz=2.435e-03   wall_T=6.657e-03   wall_dp_dn=5.365e-04  | total=3.799e+00
      w: inlet_vx=1.011e+00  inlet_vy=9.850e-01  inlet_vz=1.000e+00  inlet_T=9.669e-01  outlet_p=9.670e-01
      w: wall_vx=1.010e+00   wall_vy=9.670e-01   wall_vz=9.671e-01   wall_T=9.669e-01   wall_dp_dn=9.670e-01
SUP   vx=0.000e+00  vy=0.000e+00  vz=0.000e+00  p=0.000e+00  T=0.000e+00  | total=0.000e+00
      w: vx=9.671e-01  vy=9.671e-01  vz=9.671e-01  p=9.671e-01  T=9.671e-01
MSE   vx=6.877e+02  vy=9.005e-03  vz=5.099e-03  p=3.152e-06  T=5.875e-03  | total=6.877e+02




[  330/10000]
PDE   div=4.424e-01  mom_x=8.948e-02  mom_y=4.880e-04  mom_z=4.563e-03  heat=2.843e-08  | total=5.369e-01
      w: div=9.701e-01  mom_x=9.672e-01  mom_y=9.670e-01  mom_z=9.673e-01  heat=9.670e-01
BC    inlet_vx=1.075e+00  inlet_vy=8.609e-01  inlet_vz=9.451e-01  inlet_T=9.064e-03  outlet_p=2.347e-02
      wall_vx=8.304e-01   wall_vy=3.146e-02   wall_vz=2.304e-03   wall_T=6.614e-03   wall_dp_dn=5.773e-04  | total=3.785e+00
      w: inlet_vx=1.011e+00  inlet_vy=9.849e-01  inlet_vz=1.000e+00  inlet_T=9.668e-01  outlet_p=9.669e-01
      w: wall_vx=1.010e+00   wall_vy=9.669e-01   wall_vz=9.670e-01   wall_T=9.668e-01   wall_dp_dn=9.669e-01
SUP   vx=0.000e+00  vy=0.000e+00  vz=0.000e+00  p=0.000e+00  T=0.000e+00  | total=0.000e+00
      w: vx=9.670e-01  vy=9.670e-01  vz=9.670e-01  p=9.670e-01  T=9.670e-01
MSE   vx=6.901e+02  vy=9.020e-03  vz=5.094e-03  p=3.160e-06  T=5.871e-03  | total=6.901e+02




[  331/10000]
PDE   div=4.555e-01  mom_x=9.554e-02  mom_y=4.872e-04  mom_z=4.626e-03  heat=3.129e-08  | total=5.562e-01
      w: div=9.700e-01  mom_x=9.671e-01  mom_y=9.669e-01  mom_z=9.672e-01  heat=9.669e-01
BC    inlet_vx=1.077e+00  inlet_vy=8.608e-01  inlet_vz=9.450e-01  inlet_T=9.055e-03  outlet_p=2.334e-02
      wall_vx=8.475e-01   wall_vy=3.112e-02   wall_vz=2.377e-03   wall_T=6.179e-03   wall_dp_dn=5.947e-04  | total=3.803e+00
      w: inlet_vx=1.011e+00  inlet_vy=9.848e-01  inlet_vz=1.000e+00  inlet_T=9.667e-01  outlet_p=9.668e-01
      w: wall_vx=1.010e+00   wall_vy=9.668e-01   wall_vz=9.669e-01   wall_T=9.667e-01   wall_dp_dn=9.668e-01
SUP   vx=0.000e+00  vy=0.000e+00  vz=0.000e+00  p=0.000e+00  T=0.000e+00  | total=0.000e+00
      w: vx=9.669e-01  vy=9.669e-01  vz=9.669e-01  p=9.669e-01  T=9.669e-01
MSE   vx=6.925e+02  vy=9.035e-03  vz=5.089e-03  p=3.169e-06  T=5.866e-03  | total=6.926e+02




[  332/10000]
PDE   div=4.488e-01  mom_x=9.245e-02  mom_y=5.021e-04  mom_z=4.824e-03  heat=2.982e-08  | total=5.466e-01
      w: div=9.699e-01  mom_x=9.670e-01  mom_y=9.668e-01  mom_z=9.671e-01  heat=9.668e-01
BC    inlet_vx=1.079e+00  inlet_vy=8.608e-01  inlet_vz=9.450e-01  inlet_T=9.037e-03  outlet_p=2.343e-02
      wall_vx=7.841e-01   wall_vy=3.225e-02   wall_vz=2.186e-03   wall_T=6.397e-03   wall_dp_dn=6.105e-04  | total=3.743e+00
      w: inlet_vx=1.011e+00  inlet_vy=9.847e-01  inlet_vz=1.000e+00  inlet_T=9.666e-01  outlet_p=9.667e-01
      w: wall_vx=1.010e+00   wall_vy=9.667e-01   wall_vz=9.668e-01   wall_T=9.666e-01   wall_dp_dn=9.667e-01
SUP   vx=0.000e+00  vy=0.000e+00  vz=0.000e+00  p=0.000e+00  T=0.000e+00  | total=0.000e+00
      w: vx=9.668e-01  vy=9.668e-01  vz=9.668e-01  p=9.668e-01  T=9.668e-01
MSE   vx=6.950e+02  vy=9.050e-03  vz=5.084e-03  p=3.177e-06  T=5.861e-03  | total=6.950e+02




[  333/10000]
PDE   div=4.466e-01  mom_x=9.114e-02  mom_y=5.400e-04  mom_z=4.825e-03  heat=3.018e-08  | total=5.431e-01
      w: div=9.698e-01  mom_x=9.669e-01  mom_y=9.667e-01  mom_z=9.670e-01  heat=9.667e-01
BC    inlet_vx=1.081e+00  inlet_vy=8.608e-01  inlet_vz=9.449e-01  inlet_T=9.008e-03  outlet_p=2.333e-02
      wall_vx=7.837e-01   wall_vy=3.199e-02   wall_vz=2.176e-03   wall_T=6.358e-03   wall_dp_dn=6.409e-04  | total=3.744e+00
      w: inlet_vx=1.011e+00  inlet_vy=9.846e-01  inlet_vz=9.999e-01  inlet_T=9.665e-01  outlet_p=9.666e-01
      w: wall_vx=1.010e+00   wall_vy=9.666e-01   wall_vz=9.667e-01   wall_T=9.665e-01   wall_dp_dn=9.666e-01
SUP   vx=0.000e+00  vy=0.000e+00  vz=0.000e+00  p=0.000e+00  T=0.000e+00  | total=0.000e+00
      w: vx=9.667e-01  vy=9.667e-01  vz=9.667e-01  p=9.667e-01  T=9.667e-01
MSE   vx=6.974e+02  vy=9.065e-03  vz=5.079e-03  p=3.186e-06  T=5.855e-03  | total=6.975e+02




[  334/10000]
PDE   div=4.492e-01  mom_x=9.483e-02  mom_y=5.439e-04  mom_z=4.855e-03  heat=3.300e-08  | total=5.495e-01
      w: div=9.697e-01  mom_x=9.668e-01  mom_y=9.666e-01  mom_z=9.669e-01  heat=9.666e-01
BC    inlet_vx=1.083e+00  inlet_vy=8.608e-01  inlet_vz=9.449e-01  inlet_T=8.970e-03  outlet_p=2.335e-02
      wall_vx=7.804e-01   wall_vy=3.168e-02   wall_vz=2.203e-03   wall_T=6.479e-03   wall_dp_dn=6.587e-04  | total=3.743e+00
      w: inlet_vx=1.011e+00  inlet_vy=9.845e-01  inlet_vz=9.998e-01  inlet_T=9.664e-01  outlet_p=9.665e-01
      w: wall_vx=1.010e+00   wall_vy=9.665e-01   wall_vz=9.666e-01   wall_T=9.664e-01   wall_dp_dn=9.665e-01
SUP   vx=0.000e+00  vy=0.000e+00  vz=0.000e+00  p=0.000e+00  T=0.000e+00  | total=0.000e+00
      w: vx=9.666e-01  vy=9.666e-01  vz=9.666e-01  p=9.666e-01  T=9.666e-01
MSE   vx=6.999e+02  vy=9.080e-03  vz=5.073e-03  p=3.195e-06  T=5.848e-03  | total=7.000e+02




[  335/10000]
PDE   div=4.476e-01  mom_x=9.058e-02  mom_y=5.584e-04  mom_z=5.161e-03  heat=2.865e-08  | total=5.439e-01
      w: div=9.696e-01  mom_x=9.667e-01  mom_y=9.665e-01  mom_z=9.668e-01  heat=9.665e-01
BC    inlet_vx=1.085e+00  inlet_vy=8.608e-01  inlet_vz=9.448e-01  inlet_T=8.921e-03  outlet_p=2.326e-02
      wall_vx=7.922e-01   wall_vy=2.997e-02   wall_vz=2.201e-03   wall_T=6.403e-03   wall_dp_dn=7.176e-04  | total=3.754e+00
      w: inlet_vx=1.011e+00  inlet_vy=9.844e-01  inlet_vz=9.997e-01  inlet_T=9.663e-01  outlet_p=9.664e-01
      w: wall_vx=1.010e+00   wall_vy=9.664e-01   wall_vz=9.665e-01   wall_T=9.663e-01   wall_dp_dn=9.664e-01
SUP   vx=0.000e+00  vy=0.000e+00  vz=0.000e+00  p=0.000e+00  T=0.000e+00  | total=0.000e+00
      w: vx=9.665e-01  vy=9.665e-01  vz=9.665e-01  p=9.665e-01  T=9.665e-01
MSE   vx=7.024e+02  vy=9.096e-03  vz=5.068e-03  p=3.204e-06  T=5.841e-03  | total=7.025e+02




[  336/10000]
PDE   div=4.582e-01  mom_x=9.039e-02  mom_y=5.619e-04  mom_z=5.548e-03  heat=2.780e-08  | total=5.547e-01
      w: div=9.695e-01  mom_x=9.666e-01  mom_y=9.664e-01  mom_z=9.667e-01  heat=9.664e-01
BC    inlet_vx=1.087e+00  inlet_vy=8.607e-01  inlet_vz=9.448e-01  inlet_T=8.864e-03  outlet_p=2.299e-02
      wall_vx=8.018e-01   wall_vy=3.117e-02   wall_vz=2.276e-03   wall_T=6.620e-03   wall_dp_dn=6.500e-04  | total=3.767e+00
      w: inlet_vx=1.011e+00  inlet_vy=9.843e-01  inlet_vz=9.996e-01  inlet_T=9.662e-01  outlet_p=9.663e-01
      w: wall_vx=1.010e+00   wall_vy=9.663e-01   wall_vz=9.664e-01   wall_T=9.662e-01   wall_dp_dn=9.663e-01
SUP   vx=0.000e+00  vy=0.000e+00  vz=0.000e+00  p=0.000e+00  T=0.000e+00  | total=0.000e+00
      w: vx=9.664e-01  vy=9.664e-01  vz=9.664e-01  p=9.664e-01  T=9.664e-01
MSE   vx=7.050e+02  vy=9.111e-03  vz=5.063e-03  p=3.212e-06  T=5.834e-03  | total=7.050e+02




[  337/10000]
PDE   div=4.635e-01  mom_x=9.429e-02  mom_y=5.810e-04  mom_z=5.544e-03  heat=3.227e-08  | total=5.639e-01
      w: div=9.694e-01  mom_x=9.665e-01  mom_y=9.663e-01  mom_z=9.666e-01  heat=9.663e-01
BC    inlet_vx=1.089e+00  inlet_vy=8.607e-01  inlet_vz=9.447e-01  inlet_T=8.798e-03  outlet_p=2.297e-02
      wall_vx=7.908e-01   wall_vy=3.138e-02   wall_vz=2.253e-03   wall_T=6.338e-03   wall_dp_dn=7.020e-04  | total=3.757e+00
      w: inlet_vx=1.011e+00  inlet_vy=9.842e-01  inlet_vz=9.995e-01  inlet_T=9.661e-01  outlet_p=9.662e-01
      w: wall_vx=1.010e+00   wall_vy=9.662e-01   wall_vz=9.663e-01   wall_T=9.661e-01   wall_dp_dn=9.662e-01
SUP   vx=0.000e+00  vy=0.000e+00  vz=0.000e+00  p=0.000e+00  T=0.000e+00  | total=0.000e+00
      w: vx=9.663e-01  vy=9.663e-01  vz=9.663e-01  p=9.663e-01  T=9.663e-01
MSE   vx=7.075e+02  vy=9.127e-03  vz=5.057e-03  p=3.221e-06  T=5.826e-03  | total=7.075e+02




[  338/10000]
PDE   div=4.591e-01  mom_x=9.237e-02  mom_y=5.851e-04  mom_z=5.426e-03  heat=2.936e-08  | total=5.575e-01
      w: div=9.693e-01  mom_x=9.664e-01  mom_y=9.662e-01  mom_z=9.665e-01  heat=9.662e-01
BC    inlet_vx=1.090e+00  inlet_vy=8.607e-01  inlet_vz=9.447e-01  inlet_T=8.723e-03  outlet_p=2.295e-02
      wall_vx=8.112e-01   wall_vy=3.203e-02   wall_vz=2.273e-03   wall_T=6.567e-03   wall_dp_dn=6.941e-04  | total=3.780e+00
      w: inlet_vx=1.011e+00  inlet_vy=9.841e-01  inlet_vz=9.994e-01  inlet_T=9.660e-01  outlet_p=9.661e-01
      w: wall_vx=1.010e+00   wall_vy=9.661e-01   wall_vz=9.662e-01   wall_T=9.660e-01   wall_dp_dn=9.661e-01
SUP   vx=0.000e+00  vy=0.000e+00  vz=0.000e+00  p=0.000e+00  T=0.000e+00  | total=0.000e+00
      w: vx=9.662e-01  vy=9.662e-01  vz=9.662e-01  p=9.662e-01  T=9.662e-01
MSE   vx=7.100e+02  vy=9.143e-03  vz=5.052e-03  p=3.230e-06  T=5.818e-03  | total=7.100e+02




[  339/10000]
PDE   div=4.525e-01  mom_x=8.812e-02  mom_y=6.263e-04  mom_z=5.790e-03  heat=2.786e-08  | total=5.470e-01
      w: div=9.692e-01  mom_x=9.663e-01  mom_y=9.661e-01  mom_z=9.664e-01  heat=9.661e-01
BC    inlet_vx=1.092e+00  inlet_vy=8.607e-01  inlet_vz=9.447e-01  inlet_T=8.641e-03  outlet_p=2.285e-02
      wall_vx=7.772e-01   wall_vy=3.003e-02   wall_vz=2.316e-03   wall_T=6.130e-03   wall_dp_dn=7.512e-04  | total=3.745e+00
      w: inlet_vx=1.011e+00  inlet_vy=9.840e-01  inlet_vz=9.993e-01  inlet_T=9.659e-01  outlet_p=9.660e-01
      w: wall_vx=1.010e+00   wall_vy=9.660e-01   wall_vz=9.661e-01   wall_T=9.659e-01   wall_dp_dn=9.660e-01
SUP   vx=0.000e+00  vy=0.000e+00  vz=0.000e+00  p=0.000e+00  T=0.000e+00  | total=0.000e+00
      w: vx=9.661e-01  vy=9.661e-01  vz=9.661e-01  p=9.661e-01  T=9.661e-01
MSE   vx=7.126e+02  vy=9.158e-03  vz=5.046e-03  p=3.239e-06  T=5.809e-03  | total=7.126e+02




[  340/10000]
PDE   div=4.595e-01  mom_x=9.047e-02  mom_y=6.431e-04  mom_z=5.721e-03  heat=2.864e-08  | total=5.563e-01
      w: div=9.691e-01  mom_x=9.662e-01  mom_y=9.660e-01  mom_z=9.663e-01  heat=9.660e-01
BC    inlet_vx=1.093e+00  inlet_vy=8.607e-01  inlet_vz=9.446e-01  inlet_T=8.551e-03  outlet_p=2.274e-02
      wall_vx=7.755e-01   wall_vy=2.930e-02   wall_vz=2.166e-03   wall_T=6.246e-03   wall_dp_dn=7.377e-04  | total=3.744e+00
      w: inlet_vx=1.011e+00  inlet_vy=9.839e-01  inlet_vz=9.992e-01  inlet_T=9.658e-01  outlet_p=9.659e-01
      w: wall_vx=1.010e+00   wall_vy=9.659e-01   wall_vz=9.660e-01   wall_T=9.658e-01   wall_dp_dn=9.659e-01
SUP   vx=0.000e+00  vy=0.000e+00  vz=0.000e+00  p=0.000e+00  T=0.000e+00  | total=0.000e+00
      w: vx=9.660e-01  vy=9.660e-01  vz=9.660e-01  p=9.660e-01  T=9.660e-01
MSE   vx=7.151e+02  vy=9.174e-03  vz=5.041e-03  p=3.248e-06  T=5.800e-03  | total=7.151e+02




[  341/10000]
PDE   div=4.603e-01  mom_x=8.854e-02  mom_y=6.534e-04  mom_z=5.737e-03  heat=2.642e-08  | total=5.552e-01
      w: div=9.690e-01  mom_x=9.661e-01  mom_y=9.659e-01  mom_z=9.662e-01  heat=9.659e-01
BC    inlet_vx=1.094e+00  inlet_vy=8.608e-01  inlet_vz=9.446e-01  inlet_T=8.455e-03  outlet_p=2.273e-02
      wall_vx=7.618e-01   wall_vy=2.828e-02   wall_vz=2.134e-03   wall_T=6.113e-03   wall_dp_dn=7.118e-04  | total=3.730e+00
      w: inlet_vx=1.011e+00  inlet_vy=9.838e-01  inlet_vz=9.991e-01  inlet_T=9.657e-01  outlet_p=9.658e-01
      w: wall_vx=1.010e+00   wall_vy=9.658e-01   wall_vz=9.659e-01   wall_T=9.657e-01   wall_dp_dn=9.658e-01
SUP   vx=0.000e+00  vy=0.000e+00  vz=0.000e+00  p=0.000e+00  T=0.000e+00  | total=0.000e+00
      w: vx=9.659e-01  vy=9.659e-01  vz=9.659e-01  p=9.659e-01  T=9.659e-01
MSE   vx=7.177e+02  vy=9.189e-03  vz=5.035e-03  p=3.258e-06  T=5.792e-03  | total=7.177e+02




[  342/10000]
PDE   div=4.647e-01  mom_x=9.204e-02  mom_y=6.746e-04  mom_z=5.769e-03  heat=2.964e-08  | total=5.632e-01
      w: div=9.690e-01  mom_x=9.660e-01  mom_y=9.658e-01  mom_z=9.661e-01  heat=9.658e-01
BC    inlet_vx=1.096e+00  inlet_vy=8.608e-01  inlet_vz=9.445e-01  inlet_T=8.353e-03  outlet_p=2.267e-02
      wall_vx=7.265e-01   wall_vy=2.749e-02   wall_vz=2.130e-03   wall_T=6.116e-03   wall_dp_dn=7.340e-04  | total=3.695e+00
      w: inlet_vx=1.011e+00  inlet_vy=9.838e-01  inlet_vz=9.990e-01  inlet_T=9.656e-01  outlet_p=9.657e-01
      w: wall_vx=1.010e+00   wall_vy=9.657e-01   wall_vz=9.658e-01   wall_T=9.656e-01   wall_dp_dn=9.657e-01
SUP   vx=0.000e+00  vy=0.000e+00  vz=0.000e+00  p=0.000e+00  T=0.000e+00  | total=0.000e+00
      w: vx=9.658e-01  vy=9.658e-01  vz=9.658e-01  p=9.658e-01  T=9.658e-01
MSE   vx=7.202e+02  vy=9.205e-03  vz=5.029e-03  p=3.267e-06  T=5.783e-03  | total=7.202e+02




[  343/10000]
PDE   div=4.721e-01  mom_x=9.320e-02  mom_y=6.917e-04  mom_z=5.560e-03  heat=3.010e-08  | total=5.715e-01
      w: div=9.689e-01  mom_x=9.659e-01  mom_y=9.657e-01  mom_z=9.660e-01  heat=9.657e-01
BC    inlet_vx=1.097e+00  inlet_vy=8.608e-01  inlet_vz=9.445e-01  inlet_T=8.247e-03  outlet_p=2.263e-02
      wall_vx=7.661e-01   wall_vy=2.958e-02   wall_vz=2.191e-03   wall_T=6.435e-03   wall_dp_dn=7.659e-04  | total=3.738e+00
      w: inlet_vx=1.012e+00  inlet_vy=9.837e-01  inlet_vz=9.989e-01  inlet_T=9.655e-01  outlet_p=9.656e-01
      w: wall_vx=1.010e+00   wall_vy=9.656e-01   wall_vz=9.657e-01   wall_T=9.655e-01   wall_dp_dn=9.656e-01
SUP   vx=0.000e+00  vy=0.000e+00  vz=0.000e+00  p=0.000e+00  T=0.000e+00  | total=0.000e+00
      w: vx=9.657e-01  vy=9.657e-01  vz=9.657e-01  p=9.657e-01  T=9.657e-01
MSE   vx=7.228e+02  vy=9.220e-03  vz=5.024e-03  p=3.276e-06  T=5.774e-03  | total=7.228e+02




[  344/10000]
PDE   div=4.676e-01  mom_x=8.977e-02  mom_y=7.239e-04  mom_z=5.716e-03  heat=2.798e-08  | total=5.638e-01
      w: div=9.688e-01  mom_x=9.658e-01  mom_y=9.656e-01  mom_z=9.659e-01  heat=9.656e-01
BC    inlet_vx=1.098e+00  inlet_vy=8.608e-01  inlet_vz=9.445e-01  inlet_T=8.136e-03  outlet_p=2.235e-02
      wall_vx=7.626e-01   wall_vy=2.985e-02   wall_vz=2.239e-03   wall_T=6.636e-03   wall_dp_dn=7.632e-04  | total=3.736e+00
      w: inlet_vx=1.012e+00  inlet_vy=9.836e-01  inlet_vz=9.988e-01  inlet_T=9.654e-01  outlet_p=9.655e-01
      w: wall_vx=1.010e+00   wall_vy=9.655e-01   wall_vz=9.656e-01   wall_T=9.654e-01   wall_dp_dn=9.655e-01
SUP   vx=0.000e+00  vy=0.000e+00  vz=0.000e+00  p=0.000e+00  T=0.000e+00  | total=0.000e+00
      w: vx=9.656e-01  vy=9.656e-01  vz=9.656e-01  p=9.656e-01  T=9.656e-01
MSE   vx=7.253e+02  vy=9.236e-03  vz=5.018e-03  p=3.285e-06  T=5.766e-03  | total=7.254e+02




[  345/10000]
PDE   div=4.850e-01  mom_x=9.495e-02  mom_y=7.538e-04  mom_z=5.586e-03  heat=3.021e-08  | total=5.863e-01
      w: div=9.687e-01  mom_x=9.657e-01  mom_y=9.655e-01  mom_z=9.658e-01  heat=9.655e-01
BC    inlet_vx=1.099e+00  inlet_vy=8.609e-01  inlet_vz=9.444e-01  inlet_T=8.021e-03  outlet_p=2.251e-02
      wall_vx=7.780e-01   wall_vy=3.000e-02   wall_vz=2.250e-03   wall_T=6.216e-03   wall_dp_dn=7.515e-04  | total=3.752e+00
      w: inlet_vx=1.012e+00  inlet_vy=9.835e-01  inlet_vz=9.987e-01  inlet_T=9.653e-01  outlet_p=9.654e-01
      w: wall_vx=1.010e+00   wall_vy=9.654e-01   wall_vz=9.655e-01   wall_T=9.653e-01   wall_dp_dn=9.654e-01
SUP   vx=0.000e+00  vy=0.000e+00  vz=0.000e+00  p=0.000e+00  T=0.000e+00  | total=0.000e+00
      w: vx=9.655e-01  vy=9.655e-01  vz=9.655e-01  p=9.655e-01  T=9.655e-01
MSE   vx=7.279e+02  vy=9.251e-03  vz=5.012e-03  p=3.295e-06  T=5.758e-03  | total=7.279e+02




[  346/10000]
PDE   div=4.730e-01  mom_x=9.139e-02  mom_y=7.707e-04  mom_z=5.533e-03  heat=2.768e-08  | total=5.707e-01
      w: div=9.686e-01  mom_x=9.656e-01  mom_y=9.654e-01  mom_z=9.657e-01  heat=9.654e-01
BC    inlet_vx=1.099e+00  inlet_vy=8.610e-01  inlet_vz=9.444e-01  inlet_T=7.902e-03  outlet_p=2.219e-02
      wall_vx=7.540e-01   wall_vy=2.963e-02   wall_vz=2.097e-03   wall_T=6.561e-03   wall_dp_dn=7.270e-04  | total=3.728e+00
      w: inlet_vx=1.012e+00  inlet_vy=9.834e-01  inlet_vz=9.986e-01  inlet_T=9.652e-01  outlet_p=9.653e-01
      w: wall_vx=1.010e+00   wall_vy=9.653e-01   wall_vz=9.654e-01   wall_T=9.652e-01   wall_dp_dn=9.653e-01
SUP   vx=0.000e+00  vy=0.000e+00  vz=0.000e+00  p=0.000e+00  T=0.000e+00  | total=0.000e+00
      w: vx=9.654e-01  vy=9.654e-01  vz=9.654e-01  p=9.654e-01  T=9.654e-01
MSE   vx=7.304e+02  vy=9.267e-03  vz=5.007e-03  p=3.304e-06  T=5.749e-03  | total=7.305e+02




[  347/10000]
PDE   div=4.745e-01  mom_x=9.386e-02  mom_y=8.005e-04  mom_z=5.465e-03  heat=3.021e-08  | total=5.746e-01
      w: div=9.685e-01  mom_x=9.655e-01  mom_y=9.653e-01  mom_z=9.656e-01  heat=9.653e-01
BC    inlet_vx=1.100e+00  inlet_vy=8.610e-01  inlet_vz=9.444e-01  inlet_T=7.781e-03  outlet_p=2.229e-02
      wall_vx=7.086e-01   wall_vy=2.900e-02   wall_vz=1.932e-03   wall_T=6.204e-03   wall_dp_dn=7.207e-04  | total=3.682e+00
      w: inlet_vx=1.012e+00  inlet_vy=9.833e-01  inlet_vz=9.985e-01  inlet_T=9.651e-01  outlet_p=9.652e-01
      w: wall_vx=1.010e+00   wall_vy=9.652e-01   wall_vz=9.653e-01   wall_T=9.651e-01   wall_dp_dn=9.652e-01
SUP   vx=0.000e+00  vy=0.000e+00  vz=0.000e+00  p=0.000e+00  T=0.000e+00  | total=0.000e+00
      w: vx=9.653e-01  vy=9.653e-01  vz=9.653e-01  p=9.653e-01  T=9.653e-01
MSE   vx=7.330e+02  vy=9.282e-03  vz=5.001e-03  p=3.313e-06  T=5.742e-03  | total=7.330e+02




[  348/10000]
PDE   div=4.848e-01  mom_x=9.493e-02  mom_y=8.113e-04  mom_z=5.336e-03  heat=2.969e-08  | total=5.859e-01
      w: div=9.684e-01  mom_x=9.654e-01  mom_y=9.652e-01  mom_z=9.655e-01  heat=9.652e-01
BC    inlet_vx=1.101e+00  inlet_vy=8.611e-01  inlet_vz=9.443e-01  inlet_T=7.659e-03  outlet_p=2.219e-02
      wall_vx=7.571e-01   wall_vy=2.825e-02   wall_vz=2.121e-03   wall_T=6.188e-03   wall_dp_dn=7.237e-04  | total=3.731e+00
      w: inlet_vx=1.012e+00  inlet_vy=9.832e-01  inlet_vz=9.984e-01  inlet_T=9.650e-01  outlet_p=9.651e-01
      w: wall_vx=1.010e+00   wall_vy=9.651e-01   wall_vz=9.652e-01   wall_T=9.650e-01   wall_dp_dn=9.651e-01
SUP   vx=0.000e+00  vy=0.000e+00  vz=0.000e+00  p=0.000e+00  T=0.000e+00  | total=0.000e+00
      w: vx=9.652e-01  vy=9.652e-01  vz=9.652e-01  p=9.652e-01  T=9.652e-01
MSE   vx=7.355e+02  vy=9.296e-03  vz=4.996e-03  p=3.323e-06  T=5.734e-03  | total=7.355e+02




[  349/10000]
PDE   div=4.842e-01  mom_x=9.370e-02  mom_y=8.444e-04  mom_z=5.270e-03  heat=2.958e-08  | total=5.840e-01
      w: div=9.683e-01  mom_x=9.653e-01  mom_y=9.651e-01  mom_z=9.654e-01  heat=9.651e-01
BC    inlet_vx=1.102e+00  inlet_vy=8.612e-01  inlet_vz=9.443e-01  inlet_T=7.536e-03  outlet_p=2.216e-02
      wall_vx=7.265e-01   wall_vy=2.908e-02   wall_vz=1.957e-03   wall_T=6.222e-03   wall_dp_dn=7.041e-04  | total=3.701e+00
      w: inlet_vx=1.012e+00  inlet_vy=9.831e-01  inlet_vz=9.983e-01  inlet_T=9.649e-01  outlet_p=9.650e-01
      w: wall_vx=1.010e+00   wall_vy=9.650e-01   wall_vz=9.651e-01   wall_T=9.649e-01   wall_dp_dn=9.650e-01
SUP   vx=0.000e+00  vy=0.000e+00  vz=0.000e+00  p=0.000e+00  T=0.000e+00  | total=0.000e+00
      w: vx=9.651e-01  vy=9.651e-01  vz=9.651e-01  p=9.651e-01  T=9.651e-01
MSE   vx=7.380e+02  vy=9.311e-03  vz=4.990e-03  p=3.332e-06  T=5.727e-03  | total=7.380e+02




[  350/10000]
PDE   div=4.810e-01  mom_x=9.241e-02  mom_y=8.591e-04  mom_z=5.111e-03  heat=3.014e-08  | total=5.794e-01
      w: div=9.682e-01  mom_x=9.652e-01  mom_y=9.650e-01  mom_z=9.653e-01  heat=9.650e-01
BC    inlet_vx=1.102e+00  inlet_vy=8.613e-01  inlet_vz=9.443e-01  inlet_T=7.412e-03  outlet_p=2.208e-02
      wall_vx=7.233e-01   wall_vy=2.953e-02   wall_vz=1.996e-03   wall_T=6.401e-03   wall_dp_dn=6.899e-04  | total=3.699e+00
      w: inlet_vx=1.012e+00  inlet_vy=9.830e-01  inlet_vz=9.982e-01  inlet_T=9.648e-01  outlet_p=9.649e-01
      w: wall_vx=1.010e+00   wall_vy=9.649e-01   wall_vz=9.650e-01   wall_T=9.648e-01   wall_dp_dn=9.649e-01
SUP   vx=0.000e+00  vy=0.000e+00  vz=0.000e+00  p=0.000e+00  T=0.000e+00  | total=0.000e+00
      w: vx=9.650e-01  vy=9.650e-01  vz=9.650e-01  p=9.650e-01  T=9.650e-01
MSE   vx=7.405e+02  vy=9.325e-03  vz=4.984e-03  p=3.342e-06  T=5.720e-03  | total=7.405e+02




[  351/10000]
PDE   div=5.021e-01  mom_x=9.788e-02  mom_y=8.935e-04  mom_z=5.182e-03  heat=2.953e-08  | total=6.060e-01
      w: div=9.681e-01  mom_x=9.651e-01  mom_y=9.649e-01  mom_z=9.652e-01  heat=9.649e-01
BC    inlet_vx=1.103e+00  inlet_vy=8.614e-01  inlet_vz=9.443e-01  inlet_T=7.289e-03  outlet_p=2.196e-02
      wall_vx=7.481e-01   wall_vy=2.994e-02   wall_vz=2.088e-03   wall_T=6.432e-03   wall_dp_dn=6.621e-04  | total=3.725e+00
      w: inlet_vx=1.012e+00  inlet_vy=9.829e-01  inlet_vz=9.981e-01  inlet_T=9.647e-01  outlet_p=9.648e-01
      w: wall_vx=1.010e+00   wall_vy=9.648e-01   wall_vz=9.649e-01   wall_T=9.647e-01   wall_dp_dn=9.648e-01
SUP   vx=0.000e+00  vy=0.000e+00  vz=0.000e+00  p=0.000e+00  T=0.000e+00  | total=0.000e+00
      w: vx=9.649e-01  vy=9.649e-01  vz=9.649e-01  p=9.649e-01  T=9.649e-01
MSE   vx=7.430e+02  vy=9.339e-03  vz=4.979e-03  p=3.352e-06  T=5.713e-03  | total=7.430e+02




[  352/10000]
PDE   div=4.966e-01  mom_x=9.607e-02  mom_y=9.203e-04  mom_z=4.868e-03  heat=3.035e-08  | total=5.985e-01
      w: div=9.680e-01  mom_x=9.650e-01  mom_y=9.648e-01  mom_z=9.651e-01  heat=9.648e-01
BC    inlet_vx=1.103e+00  inlet_vy=8.615e-01  inlet_vz=9.442e-01  inlet_T=7.166e-03  outlet_p=2.200e-02
      wall_vx=7.395e-01   wall_vy=2.884e-02   wall_vz=1.947e-03   wall_T=5.972e-03   wall_dp_dn=6.486e-04  | total=3.715e+00
      w: inlet_vx=1.012e+00  inlet_vy=9.828e-01  inlet_vz=9.980e-01  inlet_T=9.646e-01  outlet_p=9.647e-01
      w: wall_vx=1.010e+00   wall_vy=9.647e-01   wall_vz=9.648e-01   wall_T=9.646e-01   wall_dp_dn=9.647e-01
SUP   vx=0.000e+00  vy=0.000e+00  vz=0.000e+00  p=0.000e+00  T=0.000e+00  | total=0.000e+00
      w: vx=9.648e-01  vy=9.648e-01  vz=9.648e-01  p=9.648e-01  T=9.648e-01
MSE   vx=7.454e+02  vy=9.353e-03  vz=4.973e-03  p=3.361e-06  T=5.707e-03  | total=7.454e+02




[  353/10000]
PDE   div=4.940e-01  mom_x=9.577e-02  mom_y=9.255e-04  mom_z=4.723e-03  heat=2.984e-08  | total=5.954e-01
      w: div=9.679e-01  mom_x=9.649e-01  mom_y=9.647e-01  mom_z=9.650e-01  heat=9.647e-01
BC    inlet_vx=1.104e+00  inlet_vy=8.616e-01  inlet_vz=9.442e-01  inlet_T=7.044e-03  outlet_p=2.171e-02
      wall_vx=6.824e-01   wall_vy=2.914e-02   wall_vz=1.873e-03   wall_T=6.285e-03   wall_dp_dn=6.299e-04  | total=3.658e+00
      w: inlet_vx=1.012e+00  inlet_vy=9.827e-01  inlet_vz=9.979e-01  inlet_T=9.645e-01  outlet_p=9.646e-01
      w: wall_vx=1.010e+00   wall_vy=9.646e-01   wall_vz=9.647e-01   wall_T=9.645e-01   wall_dp_dn=9.646e-01
SUP   vx=0.000e+00  vy=0.000e+00  vz=0.000e+00  p=0.000e+00  T=0.000e+00  | total=0.000e+00
      w: vx=9.647e-01  vy=9.647e-01  vz=9.647e-01  p=9.647e-01  T=9.647e-01
MSE   vx=7.478e+02  vy=9.366e-03  vz=4.968e-03  p=3.371e-06  T=5.702e-03  | total=7.478e+02




[  354/10000]
PDE   div=4.934e-01  mom_x=9.251e-02  mom_y=9.766e-04  mom_z=4.415e-03  heat=2.780e-08  | total=5.913e-01
      w: div=9.678e-01  mom_x=9.648e-01  mom_y=9.646e-01  mom_z=9.649e-01  heat=9.646e-01
BC    inlet_vx=1.104e+00  inlet_vy=8.617e-01  inlet_vz=9.442e-01  inlet_T=6.924e-03  outlet_p=2.193e-02
      wall_vx=7.170e-01   wall_vy=2.796e-02   wall_vz=1.907e-03   wall_T=6.218e-03   wall_dp_dn=6.115e-04  | total=3.692e+00
      w: inlet_vx=1.012e+00  inlet_vy=9.826e-01  inlet_vz=9.977e-01  inlet_T=9.644e-01  outlet_p=9.645e-01
      w: wall_vx=1.010e+00   wall_vy=9.645e-01   wall_vz=9.646e-01   wall_T=9.644e-01   wall_dp_dn=9.645e-01
SUP   vx=0.000e+00  vy=0.000e+00  vz=0.000e+00  p=0.000e+00  T=0.000e+00  | total=0.000e+00
      w: vx=9.646e-01  vy=9.646e-01  vz=9.646e-01  p=9.646e-01  T=9.646e-01
MSE   vx=7.502e+02  vy=9.379e-03  vz=4.963e-03  p=3.381e-06  T=5.697e-03  | total=7.502e+02




[  355/10000]
PDE   div=4.992e-01  mom_x=9.409e-02  mom_y=9.633e-04  mom_z=4.436e-03  heat=2.852e-08  | total=5.987e-01
      w: div=9.678e-01  mom_x=9.647e-01  mom_y=9.645e-01  mom_z=9.648e-01  heat=9.645e-01
BC    inlet_vx=1.104e+00  inlet_vy=8.619e-01  inlet_vz=9.441e-01  inlet_T=6.807e-03  outlet_p=2.199e-02
      wall_vx=7.282e-01   wall_vy=2.879e-02   wall_vz=2.004e-03   wall_T=6.072e-03   wall_dp_dn=5.622e-04  | total=3.705e+00
      w: inlet_vx=1.012e+00  inlet_vy=9.825e-01  inlet_vz=9.976e-01  inlet_T=9.643e-01  outlet_p=9.644e-01
      w: wall_vx=1.010e+00   wall_vy=9.644e-01   wall_vz=9.645e-01   wall_T=9.643e-01   wall_dp_dn=9.644e-01
SUP   vx=0.000e+00  vy=0.000e+00  vz=0.000e+00  p=0.000e+00  T=0.000e+00  | total=0.000e+00
      w: vx=9.645e-01  vy=9.645e-01  vz=9.645e-01  p=9.645e-01  T=9.645e-01
MSE   vx=7.525e+02  vy=9.392e-03  vz=4.957e-03  p=3.390e-06  T=5.692e-03  | total=7.526e+02




[  356/10000]
PDE   div=4.974e-01  mom_x=9.303e-02  mom_y=1.013e-03  mom_z=4.126e-03  heat=2.813e-08  | total=5.956e-01
      w: div=9.677e-01  mom_x=9.646e-01  mom_y=9.644e-01  mom_z=9.647e-01  heat=9.644e-01
BC    inlet_vx=1.105e+00  inlet_vy=8.620e-01  inlet_vz=9.441e-01  inlet_T=6.692e-03  outlet_p=2.159e-02
      wall_vx=7.001e-01   wall_vy=2.772e-02   wall_vz=1.997e-03   wall_T=6.049e-03   wall_dp_dn=5.403e-04  | total=3.675e+00
      w: inlet_vx=1.012e+00  inlet_vy=9.824e-01  inlet_vz=9.975e-01  inlet_T=9.642e-01  outlet_p=9.643e-01
      w: wall_vx=1.010e+00   wall_vy=9.643e-01   wall_vz=9.644e-01   wall_T=9.642e-01   wall_dp_dn=9.643e-01
SUP   vx=0.000e+00  vy=0.000e+00  vz=0.000e+00  p=0.000e+00  T=0.000e+00  | total=0.000e+00
      w: vx=9.644e-01  vy=9.644e-01  vz=9.644e-01  p=9.644e-01  T=9.644e-01
MSE   vx=7.549e+02  vy=9.404e-03  vz=4.952e-03  p=3.400e-06  T=5.688e-03  | total=7.549e+02




[  357/10000]
PDE   div=4.963e-01  mom_x=9.193e-02  mom_y=1.022e-03  mom_z=3.937e-03  heat=2.567e-08  | total=5.932e-01
      w: div=9.676e-01  mom_x=9.645e-01  mom_y=9.643e-01  mom_z=9.646e-01  heat=9.643e-01
BC    inlet_vx=1.105e+00  inlet_vy=8.622e-01  inlet_vz=9.441e-01  inlet_T=6.579e-03  outlet_p=2.175e-02
      wall_vx=7.076e-01   wall_vy=3.010e-02   wall_vz=1.990e-03   wall_T=6.231e-03   wall_dp_dn=5.175e-04  | total=3.686e+00
      w: inlet_vx=1.012e+00  inlet_vy=9.823e-01  inlet_vz=9.974e-01  inlet_T=9.641e-01  outlet_p=9.642e-01
      w: wall_vx=1.010e+00   wall_vy=9.642e-01   wall_vz=9.643e-01   wall_T=9.641e-01   wall_dp_dn=9.642e-01
SUP   vx=0.000e+00  vy=0.000e+00  vz=0.000e+00  p=0.000e+00  T=0.000e+00  | total=0.000e+00
      w: vx=9.643e-01  vy=9.643e-01  vz=9.643e-01  p=9.643e-01  T=9.643e-01
MSE   vx=7.571e+02  vy=9.416e-03  vz=4.947e-03  p=3.410e-06  T=5.685e-03  | total=7.572e+02




[  358/10000]
PDE   div=5.187e-01  mom_x=1.004e-01  mom_y=1.070e-03  mom_z=3.698e-03  heat=3.086e-08  | total=6.239e-01
      w: div=9.675e-01  mom_x=9.644e-01  mom_y=9.642e-01  mom_z=9.645e-01  heat=9.642e-01
BC    inlet_vx=1.105e+00  inlet_vy=8.623e-01  inlet_vz=9.441e-01  inlet_T=6.469e-03  outlet_p=2.175e-02
      wall_vx=7.426e-01   wall_vy=2.842e-02   wall_vz=1.921e-03   wall_T=6.128e-03   wall_dp_dn=5.243e-04  | total=3.719e+00
      w: inlet_vx=1.012e+00  inlet_vy=9.822e-01  inlet_vz=9.973e-01  inlet_T=9.640e-01  outlet_p=9.641e-01
      w: wall_vx=1.010e+00   wall_vy=9.641e-01   wall_vz=9.642e-01   wall_T=9.640e-01   wall_dp_dn=9.641e-01
SUP   vx=0.000e+00  vy=0.000e+00  vz=0.000e+00  p=0.000e+00  T=0.000e+00  | total=0.000e+00
      w: vx=9.642e-01  vy=9.642e-01  vz=9.642e-01  p=9.642e-01  T=9.642e-01
MSE   vx=7.594e+02  vy=9.427e-03  vz=4.941e-03  p=3.420e-06  T=5.682e-03  | total=7.594e+02




[  359/10000]
PDE   div=5.102e-01  mom_x=9.742e-02  mom_y=1.077e-03  mom_z=3.678e-03  heat=3.025e-08  | total=6.124e-01
      w: div=9.674e-01  mom_x=9.643e-01  mom_y=9.641e-01  mom_z=9.644e-01  heat=9.641e-01
BC    inlet_vx=1.105e+00  inlet_vy=8.625e-01  inlet_vz=9.440e-01  inlet_T=6.363e-03  outlet_p=2.160e-02
      wall_vx=6.922e-01   wall_vy=2.965e-02   wall_vz=1.939e-03   wall_T=6.073e-03   wall_dp_dn=4.958e-04  | total=3.670e+00
      w: inlet_vx=1.012e+00  inlet_vy=9.821e-01  inlet_vz=9.972e-01  inlet_T=9.639e-01  outlet_p=9.640e-01
      w: wall_vx=1.010e+00   wall_vy=9.640e-01   wall_vz=9.641e-01   wall_T=9.639e-01   wall_dp_dn=9.640e-01
SUP   vx=0.000e+00  vy=0.000e+00  vz=0.000e+00  p=0.000e+00  T=0.000e+00  | total=0.000e+00
      w: vx=9.641e-01  vy=9.641e-01  vz=9.641e-01  p=9.641e-01  T=9.641e-01
MSE   vx=7.616e+02  vy=9.438e-03  vz=4.936e-03  p=3.430e-06  T=5.680e-03  | total=7.616e+02




[  360/10000]
PDE   div=5.225e-01  mom_x=9.960e-02  mom_y=1.110e-03  mom_z=3.526e-03  heat=2.840e-08  | total=6.268e-01
      w: div=9.673e-01  mom_x=9.642e-01  mom_y=9.640e-01  mom_z=9.643e-01  heat=9.640e-01
BC    inlet_vx=1.106e+00  inlet_vy=8.627e-01  inlet_vz=9.440e-01  inlet_T=6.259e-03  outlet_p=2.160e-02
      wall_vx=7.023e-01   wall_vy=2.830e-02   wall_vz=1.960e-03   wall_T=6.183e-03   wall_dp_dn=4.430e-04  | total=3.679e+00
      w: inlet_vx=1.012e+00  inlet_vy=9.820e-01  inlet_vz=9.971e-01  inlet_T=9.638e-01  outlet_p=9.639e-01
      w: wall_vx=1.010e+00   wall_vy=9.639e-01   wall_vz=9.640e-01   wall_T=9.638e-01   wall_dp_dn=9.639e-01
SUP   vx=0.000e+00  vy=0.000e+00  vz=0.000e+00  p=0.000e+00  T=0.000e+00  | total=0.000e+00
      w: vx=9.640e-01  vy=9.640e-01  vz=9.640e-01  p=9.640e-01  T=9.640e-01
MSE   vx=7.637e+02  vy=9.448e-03  vz=4.931e-03  p=3.439e-06  T=5.678e-03  | total=7.637e+02




[  361/10000]
PDE   div=5.164e-01  mom_x=9.739e-02  mom_y=1.120e-03  mom_z=3.158e-03  heat=2.969e-08  | total=6.180e-01
      w: div=9.672e-01  mom_x=9.641e-01  mom_y=9.639e-01  mom_z=9.642e-01  heat=9.639e-01
BC    inlet_vx=1.106e+00  inlet_vy=8.628e-01  inlet_vz=9.440e-01  inlet_T=6.158e-03  outlet_p=2.152e-02
      wall_vx=6.832e-01   wall_vy=2.840e-02   wall_vz=1.773e-03   wall_T=6.082e-03   wall_dp_dn=4.530e-04  | total=3.660e+00
      w: inlet_vx=1.012e+00  inlet_vy=9.819e-01  inlet_vz=9.970e-01  inlet_T=9.637e-01  outlet_p=9.638e-01
      w: wall_vx=1.009e+00   wall_vy=9.638e-01   wall_vz=9.639e-01   wall_T=9.637e-01   wall_dp_dn=9.638e-01
SUP   vx=0.000e+00  vy=0.000e+00  vz=0.000e+00  p=0.000e+00  T=0.000e+00  | total=0.000e+00
      w: vx=9.639e-01  vy=9.639e-01  vz=9.639e-01  p=9.639e-01  T=9.639e-01
MSE   vx=7.658e+02  vy=9.458e-03  vz=4.926e-03  p=3.449e-06  T=5.677e-03  | total=7.658e+02




[  362/10000]
PDE   div=5.152e-01  mom_x=9.416e-02  mom_y=1.122e-03  mom_z=3.145e-03  heat=2.806e-08  | total=6.136e-01
      w: div=9.671e-01  mom_x=9.640e-01  mom_y=9.638e-01  mom_z=9.641e-01  heat=9.638e-01
BC    inlet_vx=1.106e+00  inlet_vy=8.630e-01  inlet_vz=9.439e-01  inlet_T=6.061e-03  outlet_p=2.148e-02
      wall_vx=7.166e-01   wall_vy=2.901e-02   wall_vz=1.866e-03   wall_T=6.113e-03   wall_dp_dn=4.310e-04  | total=3.695e+00
      w: inlet_vx=1.012e+00  inlet_vy=9.818e-01  inlet_vz=9.969e-01  inlet_T=9.636e-01  outlet_p=9.637e-01
      w: wall_vx=1.009e+00   wall_vy=9.637e-01   wall_vz=9.638e-01   wall_T=9.636e-01   wall_dp_dn=9.637e-01
SUP   vx=0.000e+00  vy=0.000e+00  vz=0.000e+00  p=0.000e+00  T=0.000e+00  | total=0.000e+00
      w: vx=9.638e-01  vy=9.638e-01  vz=9.638e-01  p=9.638e-01  T=9.638e-01
MSE   vx=7.679e+02  vy=9.467e-03  vz=4.921e-03  p=3.459e-06  T=5.676e-03  | total=7.679e+02




[  363/10000]
PDE   div=5.092e-01  mom_x=9.485e-02  mom_y=1.164e-03  mom_z=2.832e-03  heat=2.833e-08  | total=6.081e-01
      w: div=9.670e-01  mom_x=9.639e-01  mom_y=9.637e-01  mom_z=9.640e-01  heat=9.637e-01
BC    inlet_vx=1.107e+00  inlet_vy=8.632e-01  inlet_vz=9.439e-01  inlet_T=5.967e-03  outlet_p=2.160e-02
      wall_vx=6.705e-01   wall_vy=2.783e-02   wall_vz=1.725e-03   wall_T=6.021e-03   wall_dp_dn=3.901e-04  | total=3.648e+00
      w: inlet_vx=1.012e+00  inlet_vy=9.817e-01  inlet_vz=9.968e-01  inlet_T=9.635e-01  outlet_p=9.636e-01
      w: wall_vx=1.009e+00   wall_vy=9.636e-01   wall_vz=9.637e-01   wall_T=9.635e-01   wall_dp_dn=9.636e-01
SUP   vx=0.000e+00  vy=0.000e+00  vz=0.000e+00  p=0.000e+00  T=0.000e+00  | total=0.000e+00
      w: vx=9.637e-01  vy=9.637e-01  vz=9.637e-01  p=9.637e-01  T=9.637e-01
MSE   vx=7.699e+02  vy=9.475e-03  vz=4.916e-03  p=3.469e-06  T=5.676e-03  | total=7.699e+02




[  364/10000]
PDE   div=5.102e-01  mom_x=9.395e-02  mom_y=1.189e-03  mom_z=2.705e-03  heat=2.706e-08  | total=6.080e-01
      w: div=9.669e-01  mom_x=9.638e-01  mom_y=9.636e-01  mom_z=9.639e-01  heat=9.636e-01
BC    inlet_vx=1.107e+00  inlet_vy=8.634e-01  inlet_vz=9.439e-01  inlet_T=5.878e-03  outlet_p=2.157e-02
      wall_vx=6.798e-01   wall_vy=2.740e-02   wall_vz=1.806e-03   wall_T=5.853e-03   wall_dp_dn=3.855e-04  | total=3.657e+00
      w: inlet_vx=1.012e+00  inlet_vy=9.816e-01  inlet_vz=9.967e-01  inlet_T=9.634e-01  outlet_p=9.635e-01
      w: wall_vx=1.009e+00   wall_vy=9.635e-01   wall_vz=9.636e-01   wall_T=9.634e-01   wall_dp_dn=9.635e-01
SUP   vx=0.000e+00  vy=0.000e+00  vz=0.000e+00  p=0.000e+00  T=0.000e+00  | total=0.000e+00
      w: vx=9.636e-01  vy=9.636e-01  vz=9.636e-01  p=9.636e-01  T=9.636e-01
MSE   vx=7.718e+02  vy=9.483e-03  vz=4.911e-03  p=3.479e-06  T=5.676e-03  | total=7.718e+02




[  365/10000]
PDE   div=5.146e-01  mom_x=9.427e-02  mom_y=1.213e-03  mom_z=2.679e-03  heat=2.758e-08  | total=6.127e-01
      w: div=9.668e-01  mom_x=9.637e-01  mom_y=9.635e-01  mom_z=9.638e-01  heat=9.635e-01
BC    inlet_vx=1.107e+00  inlet_vy=8.636e-01  inlet_vz=9.438e-01  inlet_T=5.792e-03  outlet_p=2.124e-02
      wall_vx=6.799e-01   wall_vy=2.949e-02   wall_vz=2.027e-03   wall_T=6.255e-03   wall_dp_dn=3.487e-04  | total=3.659e+00
      w: inlet_vx=1.012e+00  inlet_vy=9.815e-01  inlet_vz=9.966e-01  inlet_T=9.633e-01  outlet_p=9.634e-01
      w: wall_vx=1.009e+00   wall_vy=9.634e-01   wall_vz=9.635e-01   wall_T=9.633e-01   wall_dp_dn=9.634e-01
SUP   vx=0.000e+00  vy=0.000e+00  vz=0.000e+00  p=0.000e+00  T=0.000e+00  | total=0.000e+00
      w: vx=9.635e-01  vy=9.635e-01  vz=9.635e-01  p=9.635e-01  T=9.635e-01
MSE   vx=7.737e+02  vy=9.490e-03  vz=4.907e-03  p=3.489e-06  T=5.677e-03  | total=7.738e+02




[  366/10000]
PDE   div=5.270e-01  mom_x=9.623e-02  mom_y=1.202e-03  mom_z=2.449e-03  heat=2.596e-08  | total=6.269e-01
      w: div=9.667e-01  mom_x=9.636e-01  mom_y=9.634e-01  mom_z=9.637e-01  heat=9.634e-01
BC    inlet_vx=1.107e+00  inlet_vy=8.637e-01  inlet_vz=9.438e-01  inlet_T=5.710e-03  outlet_p=2.152e-02
      wall_vx=6.726e-01   wall_vy=2.926e-02   wall_vz=1.853e-03   wall_T=6.317e-03   wall_dp_dn=3.341e-04  | total=3.652e+00
      w: inlet_vx=1.012e+00  inlet_vy=9.815e-01  inlet_vz=9.965e-01  inlet_T=9.632e-01  outlet_p=9.633e-01
      w: wall_vx=1.009e+00   wall_vy=9.633e-01   wall_vz=9.634e-01   wall_T=9.632e-01   wall_dp_dn=9.633e-01
SUP   vx=0.000e+00  vy=0.000e+00  vz=0.000e+00  p=0.000e+00  T=0.000e+00  | total=0.000e+00
      w: vx=9.634e-01  vy=9.634e-01  vz=9.634e-01  p=9.634e-01  T=9.634e-01
MSE   vx=7.756e+02  vy=9.496e-03  vz=4.902e-03  p=3.499e-06  T=5.679e-03  | total=7.756e+02




[  367/10000]
PDE   div=5.247e-01  mom_x=9.832e-02  mom_y=1.266e-03  mom_z=2.424e-03  heat=2.980e-08  | total=6.267e-01
      w: div=9.667e-01  mom_x=9.635e-01  mom_y=9.633e-01  mom_z=9.635e-01  heat=9.633e-01
BC    inlet_vx=1.107e+00  inlet_vy=8.639e-01  inlet_vz=9.438e-01  inlet_T=5.631e-03  outlet_p=2.132e-02
      wall_vx=6.922e-01   wall_vy=2.801e-02   wall_vz=1.870e-03   wall_T=6.259e-03   wall_dp_dn=3.113e-04  | total=3.671e+00
      w: inlet_vx=1.012e+00  inlet_vy=9.814e-01  inlet_vz=9.964e-01  inlet_T=9.631e-01  outlet_p=9.632e-01
      w: wall_vx=1.009e+00   wall_vy=9.632e-01   wall_vz=9.633e-01   wall_T=9.631e-01   wall_dp_dn=9.632e-01
SUP   vx=0.000e+00  vy=0.000e+00  vz=0.000e+00  p=0.000e+00  T=0.000e+00  | total=0.000e+00
      w: vx=9.633e-01  vy=9.633e-01  vz=9.633e-01  p=9.633e-01  T=9.633e-01
MSE   vx=7.774e+02  vy=9.502e-03  vz=4.898e-03  p=3.509e-06  T=5.681e-03  | total=7.774e+02




[  368/10000]
PDE   div=5.433e-01  mom_x=1.035e-01  mom_y=1.300e-03  mom_z=2.272e-03  heat=2.905e-08  | total=6.503e-01
      w: div=9.666e-01  mom_x=9.634e-01  mom_y=9.632e-01  mom_z=9.634e-01  heat=9.632e-01
BC    inlet_vx=1.107e+00  inlet_vy=8.641e-01  inlet_vz=9.437e-01  inlet_T=5.556e-03  outlet_p=2.130e-02
      wall_vx=7.127e-01   wall_vy=2.886e-02   wall_vz=1.948e-03   wall_T=6.061e-03   wall_dp_dn=2.936e-04  | total=3.692e+00
      w: inlet_vx=1.012e+00  inlet_vy=9.813e-01  inlet_vz=9.963e-01  inlet_T=9.630e-01  outlet_p=9.631e-01
      w: wall_vx=1.009e+00   wall_vy=9.631e-01   wall_vz=9.632e-01   wall_T=9.630e-01   wall_dp_dn=9.631e-01
SUP   vx=0.000e+00  vy=0.000e+00  vz=0.000e+00  p=0.000e+00  T=0.000e+00  | total=0.000e+00
      w: vx=9.632e-01  vy=9.632e-01  vz=9.632e-01  p=9.632e-01  T=9.632e-01
MSE   vx=7.791e+02  vy=9.507e-03  vz=4.893e-03  p=3.519e-06  T=5.683e-03  | total=7.791e+02




[  369/10000]
PDE   div=5.239e-01  mom_x=9.368e-02  mom_y=1.286e-03  mom_z=2.193e-03  heat=2.863e-08  | total=6.211e-01
      w: div=9.665e-01  mom_x=9.633e-01  mom_y=9.631e-01  mom_z=9.633e-01  heat=9.631e-01
BC    inlet_vx=1.108e+00  inlet_vy=8.642e-01  inlet_vz=9.437e-01  inlet_T=5.484e-03  outlet_p=2.134e-02
      wall_vx=7.106e-01   wall_vy=2.841e-02   wall_vz=1.852e-03   wall_T=6.087e-03   wall_dp_dn=2.845e-04  | total=3.690e+00
      w: inlet_vx=1.013e+00  inlet_vy=9.812e-01  inlet_vz=9.962e-01  inlet_T=9.629e-01  outlet_p=9.630e-01
      w: wall_vx=1.009e+00   wall_vy=9.630e-01   wall_vz=9.631e-01   wall_T=9.629e-01   wall_dp_dn=9.630e-01
SUP   vx=0.000e+00  vy=0.000e+00  vz=0.000e+00  p=0.000e+00  T=0.000e+00  | total=0.000e+00
      w: vx=9.631e-01  vy=9.631e-01  vz=9.631e-01  p=9.631e-01  T=9.631e-01
MSE   vx=7.807e+02  vy=9.511e-03  vz=4.889e-03  p=3.528e-06  T=5.685e-03  | total=7.807e+02




[  370/10000]
PDE   div=5.230e-01  mom_x=9.659e-02  mom_y=1.313e-03  mom_z=2.077e-03  heat=2.834e-08  | total=6.229e-01
      w: div=9.664e-01  mom_x=9.632e-01  mom_y=9.629e-01  mom_z=9.632e-01  heat=9.630e-01
BC    inlet_vx=1.108e+00  inlet_vy=8.644e-01  inlet_vz=9.437e-01  inlet_T=5.416e-03  outlet_p=2.119e-02
      wall_vx=6.484e-01   wall_vy=2.823e-02   wall_vz=1.668e-03   wall_T=6.427e-03   wall_dp_dn=2.706e-04  | total=3.628e+00
      w: inlet_vx=1.013e+00  inlet_vy=9.811e-01  inlet_vz=9.961e-01  inlet_T=9.628e-01  outlet_p=9.629e-01
      w: wall_vx=1.009e+00   wall_vy=9.629e-01   wall_vz=9.630e-01   wall_T=9.628e-01   wall_dp_dn=9.629e-01
SUP   vx=0.000e+00  vy=0.000e+00  vz=0.000e+00  p=0.000e+00  T=0.000e+00  | total=0.000e+00
      w: vx=9.630e-01  vy=9.630e-01  vz=9.630e-01  p=9.630e-01  T=9.630e-01
MSE   vx=7.823e+02  vy=9.514e-03  vz=4.884e-03  p=3.538e-06  T=5.688e-03  | total=7.823e+02




[  371/10000]
PDE   div=5.334e-01  mom_x=9.865e-02  mom_y=1.336e-03  mom_z=2.118e-03  heat=2.931e-08  | total=6.355e-01
      w: div=9.663e-01  mom_x=9.631e-01  mom_y=9.628e-01  mom_z=9.631e-01  heat=9.629e-01
BC    inlet_vx=1.108e+00  inlet_vy=8.646e-01  inlet_vz=9.436e-01  inlet_T=5.351e-03  outlet_p=2.107e-02
      wall_vx=6.552e-01   wall_vy=2.702e-02   wall_vz=1.747e-03   wall_T=5.940e-03   wall_dp_dn=2.522e-04  | total=3.633e+00
      w: inlet_vx=1.013e+00  inlet_vy=9.810e-01  inlet_vz=9.960e-01  inlet_T=9.627e-01  outlet_p=9.628e-01
      w: wall_vx=1.009e+00   wall_vy=9.628e-01   wall_vz=9.629e-01   wall_T=9.627e-01   wall_dp_dn=9.628e-01
SUP   vx=0.000e+00  vy=0.000e+00  vz=0.000e+00  p=0.000e+00  T=0.000e+00  | total=0.000e+00
      w: vx=9.629e-01  vy=9.629e-01  vz=9.629e-01  p=9.629e-01  T=9.629e-01
MSE   vx=7.839e+02  vy=9.517e-03  vz=4.880e-03  p=3.548e-06  T=5.691e-03  | total=7.839e+02




[  372/10000]
PDE   div=5.386e-01  mom_x=1.004e-01  mom_y=1.349e-03  mom_z=2.039e-03  heat=2.784e-08  | total=6.423e-01
      w: div=9.662e-01  mom_x=9.630e-01  mom_y=9.627e-01  mom_z=9.630e-01  heat=9.628e-01
BC    inlet_vx=1.108e+00  inlet_vy=8.647e-01  inlet_vz=9.436e-01  inlet_T=5.289e-03  outlet_p=2.122e-02
      wall_vx=6.862e-01   wall_vy=2.817e-02   wall_vz=1.875e-03   wall_T=6.326e-03   wall_dp_dn=2.489e-04  | total=3.666e+00
      w: inlet_vx=1.013e+00  inlet_vy=9.809e-01  inlet_vz=9.958e-01  inlet_T=9.626e-01  outlet_p=9.627e-01
      w: wall_vx=1.009e+00   wall_vy=9.627e-01   wall_vz=9.628e-01   wall_T=9.626e-01   wall_dp_dn=9.627e-01
SUP   vx=0.000e+00  vy=0.000e+00  vz=0.000e+00  p=0.000e+00  T=0.000e+00  | total=0.000e+00
      w: vx=9.628e-01  vy=9.628e-01  vz=9.628e-01  p=9.628e-01  T=9.628e-01
MSE   vx=7.853e+02  vy=9.519e-03  vz=4.876e-03  p=3.558e-06  T=5.695e-03  | total=7.854e+02




[  373/10000]
PDE   div=5.436e-01  mom_x=1.009e-01  mom_y=1.373e-03  mom_z=1.971e-03  heat=2.833e-08  | total=6.478e-01
      w: div=9.661e-01  mom_x=9.629e-01  mom_y=9.626e-01  mom_z=9.629e-01  heat=9.627e-01
BC    inlet_vx=1.109e+00  inlet_vy=8.648e-01  inlet_vz=9.435e-01  inlet_T=5.230e-03  outlet_p=2.107e-02
      wall_vx=6.814e-01   wall_vy=2.894e-02   wall_vz=1.786e-03   wall_T=6.130e-03   wall_dp_dn=2.215e-04  | total=3.662e+00
      w: inlet_vx=1.013e+00  inlet_vy=9.808e-01  inlet_vz=9.957e-01  inlet_T=9.625e-01  outlet_p=9.626e-01
      w: wall_vx=1.009e+00   wall_vy=9.626e-01   wall_vz=9.627e-01   wall_T=9.625e-01   wall_dp_dn=9.626e-01
SUP   vx=0.000e+00  vy=0.000e+00  vz=0.000e+00  p=0.000e+00  T=0.000e+00  | total=0.000e+00
      w: vx=9.627e-01  vy=9.627e-01  vz=9.627e-01  p=9.627e-01  T=9.627e-01
MSE   vx=7.867e+02  vy=9.521e-03  vz=4.872e-03  p=3.568e-06  T=5.699e-03  | total=7.868e+02




[  374/10000]
PDE   div=5.334e-01  mom_x=9.367e-02  mom_y=1.378e-03  mom_z=1.927e-03  heat=2.756e-08  | total=6.303e-01
      w: div=9.660e-01  mom_x=9.628e-01  mom_y=9.625e-01  mom_z=9.628e-01  heat=9.626e-01
BC    inlet_vx=1.109e+00  inlet_vy=8.650e-01  inlet_vz=9.435e-01  inlet_T=5.174e-03  outlet_p=2.097e-02
      wall_vx=6.596e-01   wall_vy=2.772e-02   wall_vz=1.744e-03   wall_T=6.125e-03   wall_dp_dn=2.295e-04  | total=3.639e+00
      w: inlet_vx=1.013e+00  inlet_vy=9.807e-01  inlet_vz=9.956e-01  inlet_T=9.624e-01  outlet_p=9.625e-01
      w: wall_vx=1.009e+00   wall_vy=9.625e-01   wall_vz=9.626e-01   wall_T=9.624e-01   wall_dp_dn=9.625e-01
SUP   vx=0.000e+00  vy=0.000e+00  vz=0.000e+00  p=0.000e+00  T=0.000e+00  | total=0.000e+00
      w: vx=9.626e-01  vy=9.626e-01  vz=9.626e-01  p=9.626e-01  T=9.626e-01
MSE   vx=7.881e+02  vy=9.521e-03  vz=4.868e-03  p=3.578e-06  T=5.704e-03  | total=7.881e+02




[  375/10000]
PDE   div=5.452e-01  mom_x=1.034e-01  mom_y=1.427e-03  mom_z=1.988e-03  heat=3.141e-08  | total=6.520e-01
      w: div=9.659e-01  mom_x=9.627e-01  mom_y=9.624e-01  mom_z=9.627e-01  heat=9.625e-01
BC    inlet_vx=1.109e+00  inlet_vy=8.651e-01  inlet_vz=9.435e-01  inlet_T=5.120e-03  outlet_p=2.107e-02
      wall_vx=6.699e-01   wall_vy=2.934e-02   wall_vz=1.654e-03   wall_T=5.994e-03   wall_dp_dn=2.242e-04  | total=3.651e+00
      w: inlet_vx=1.013e+00  inlet_vy=9.806e-01  inlet_vz=9.955e-01  inlet_T=9.623e-01  outlet_p=9.624e-01
      w: wall_vx=1.009e+00   wall_vy=9.624e-01   wall_vz=9.625e-01   wall_T=9.623e-01   wall_dp_dn=9.624e-01
SUP   vx=0.000e+00  vy=0.000e+00  vz=0.000e+00  p=0.000e+00  T=0.000e+00  | total=0.000e+00
      w: vx=9.625e-01  vy=9.625e-01  vz=9.625e-01  p=9.625e-01  T=9.625e-01
MSE   vx=7.894e+02  vy=9.521e-03  vz=4.864e-03  p=3.587e-06  T=5.709e-03  | total=7.894e+02




[  376/10000]
PDE   div=5.397e-01  mom_x=9.671e-02  mom_y=1.451e-03  mom_z=1.924e-03  heat=2.909e-08  | total=6.398e-01
      w: div=9.658e-01  mom_x=9.626e-01  mom_y=9.623e-01  mom_z=9.626e-01  heat=9.624e-01
BC    inlet_vx=1.110e+00  inlet_vy=8.652e-01  inlet_vz=9.434e-01  inlet_T=5.069e-03  outlet_p=2.103e-02
      wall_vx=6.874e-01   wall_vy=2.742e-02   wall_vz=1.771e-03   wall_T=5.994e-03   wall_dp_dn=2.184e-04  | total=3.667e+00
      w: inlet_vx=1.013e+00  inlet_vy=9.805e-01  inlet_vz=9.954e-01  inlet_T=9.622e-01  outlet_p=9.623e-01
      w: wall_vx=1.009e+00   wall_vy=9.623e-01   wall_vz=9.624e-01   wall_T=9.622e-01   wall_dp_dn=9.623e-01
SUP   vx=0.000e+00  vy=0.000e+00  vz=0.000e+00  p=0.000e+00  T=0.000e+00  | total=0.000e+00
      w: vx=9.624e-01  vy=9.624e-01  vz=9.624e-01  p=9.624e-01  T=9.624e-01
MSE   vx=7.906e+02  vy=9.521e-03  vz=4.860e-03  p=3.597e-06  T=5.714e-03  | total=7.906e+02




[  377/10000]
PDE   div=5.418e-01  mom_x=9.798e-02  mom_y=1.442e-03  mom_z=1.963e-03  heat=2.954e-08  | total=6.432e-01
      w: div=9.658e-01  mom_x=9.625e-01  mom_y=9.622e-01  mom_z=9.625e-01  heat=9.623e-01
BC    inlet_vx=1.110e+00  inlet_vy=8.654e-01  inlet_vz=9.434e-01  inlet_T=5.021e-03  outlet_p=2.097e-02
      wall_vx=6.441e-01   wall_vy=2.870e-02   wall_vz=1.612e-03   wall_T=6.351e-03   wall_dp_dn=2.075e-04  | total=3.626e+00
      w: inlet_vx=1.013e+00  inlet_vy=9.804e-01  inlet_vz=9.953e-01  inlet_T=9.621e-01  outlet_p=9.622e-01
      w: wall_vx=1.009e+00   wall_vy=9.622e-01   wall_vz=9.623e-01   wall_T=9.621e-01   wall_dp_dn=9.622e-01
SUP   vx=0.000e+00  vy=0.000e+00  vz=0.000e+00  p=0.000e+00  T=0.000e+00  | total=0.000e+00
      w: vx=9.623e-01  vy=9.623e-01  vz=9.623e-01  p=9.623e-01  T=9.623e-01
MSE   vx=7.917e+02  vy=9.519e-03  vz=4.856e-03  p=3.607e-06  T=5.720e-03  | total=7.917e+02




[  378/10000]
PDE   div=5.463e-01  mom_x=1.004e-01  mom_y=1.498e-03  mom_z=2.092e-03  heat=2.832e-08  | total=6.502e-01
      w: div=9.657e-01  mom_x=9.624e-01  mom_y=9.621e-01  mom_z=9.624e-01  heat=9.622e-01
BC    inlet_vx=1.110e+00  inlet_vy=8.655e-01  inlet_vz=9.433e-01  inlet_T=4.975e-03  outlet_p=2.104e-02
      wall_vx=6.303e-01   wall_vy=2.812e-02   wall_vz=1.608e-03   wall_T=5.850e-03   wall_dp_dn=2.194e-04  | total=3.611e+00
      w: inlet_vx=1.013e+00  inlet_vy=9.803e-01  inlet_vz=9.952e-01  inlet_T=9.620e-01  outlet_p=9.621e-01
      w: wall_vx=1.009e+00   wall_vy=9.621e-01   wall_vz=9.622e-01   wall_T=9.620e-01   wall_dp_dn=9.621e-01
SUP   vx=0.000e+00  vy=0.000e+00  vz=0.000e+00  p=0.000e+00  T=0.000e+00  | total=0.000e+00
      w: vx=9.622e-01  vy=9.622e-01  vz=9.622e-01  p=9.622e-01  T=9.622e-01
MSE   vx=7.928e+02  vy=9.517e-03  vz=4.852e-03  p=3.617e-06  T=5.727e-03  | total=7.928e+02




[  379/10000]
PDE   div=5.371e-01  mom_x=9.829e-02  mom_y=1.450e-03  mom_z=2.104e-03  heat=2.883e-08  | total=6.389e-01
      w: div=9.656e-01  mom_x=9.623e-01  mom_y=9.620e-01  mom_z=9.623e-01  heat=9.621e-01
BC    inlet_vx=1.111e+00  inlet_vy=8.656e-01  inlet_vz=9.433e-01  inlet_T=4.931e-03  outlet_p=2.108e-02
      wall_vx=6.189e-01   wall_vy=2.684e-02   wall_vz=1.642e-03   wall_T=6.016e-03   wall_dp_dn=2.208e-04  | total=3.599e+00
      w: inlet_vx=1.013e+00  inlet_vy=9.802e-01  inlet_vz=9.951e-01  inlet_T=9.619e-01  outlet_p=9.620e-01
      w: wall_vx=1.009e+00   wall_vy=9.620e-01   wall_vz=9.621e-01   wall_T=9.619e-01   wall_dp_dn=9.620e-01
SUP   vx=0.000e+00  vy=0.000e+00  vz=0.000e+00  p=0.000e+00  T=0.000e+00  | total=0.000e+00
      w: vx=9.621e-01  vy=9.621e-01  vz=9.621e-01  p=9.621e-01  T=9.621e-01
MSE   vx=7.938e+02  vy=9.514e-03  vz=4.849e-03  p=3.626e-06  T=5.734e-03  | total=7.938e+02




[  380/10000]
PDE   div=5.465e-01  mom_x=9.784e-02  mom_y=1.501e-03  mom_z=2.094e-03  heat=2.889e-08  | total=6.479e-01
      w: div=9.655e-01  mom_x=9.622e-01  mom_y=9.619e-01  mom_z=9.622e-01  heat=9.620e-01
BC    inlet_vx=1.111e+00  inlet_vy=8.656e-01  inlet_vz=9.432e-01  inlet_T=4.890e-03  outlet_p=2.101e-02
      wall_vx=6.405e-01   wall_vy=2.734e-02   wall_vz=1.481e-03   wall_T=6.104e-03   wall_dp_dn=2.257e-04  | total=3.621e+00
      w: inlet_vx=1.013e+00  inlet_vy=9.801e-01  inlet_vz=9.950e-01  inlet_T=9.618e-01  outlet_p=9.619e-01
      w: wall_vx=1.009e+00   wall_vy=9.619e-01   wall_vz=9.620e-01   wall_T=9.618e-01   wall_dp_dn=9.619e-01
SUP   vx=0.000e+00  vy=0.000e+00  vz=0.000e+00  p=0.000e+00  T=0.000e+00  | total=0.000e+00
      w: vx=9.620e-01  vy=9.620e-01  vz=9.620e-01  p=9.620e-01  T=9.620e-01
MSE   vx=7.947e+02  vy=9.510e-03  vz=4.845e-03  p=3.636e-06  T=5.743e-03  | total=7.947e+02




[  381/10000]
PDE   div=5.476e-01  mom_x=9.880e-02  mom_y=1.510e-03  mom_z=2.264e-03  heat=2.885e-08  | total=6.502e-01
      w: div=9.654e-01  mom_x=9.621e-01  mom_y=9.618e-01  mom_z=9.621e-01  heat=9.619e-01
BC    inlet_vx=1.111e+00  inlet_vy=8.657e-01  inlet_vz=9.431e-01  inlet_T=4.851e-03  outlet_p=2.101e-02
      wall_vx=6.673e-01   wall_vy=2.616e-02   wall_vz=1.739e-03   wall_T=5.951e-03   wall_dp_dn=2.224e-04  | total=3.647e+00
      w: inlet_vx=1.013e+00  inlet_vy=9.800e-01  inlet_vz=9.949e-01  inlet_T=9.617e-01  outlet_p=9.618e-01
      w: wall_vx=1.009e+00   wall_vy=9.618e-01   wall_vz=9.619e-01   wall_T=9.617e-01   wall_dp_dn=9.618e-01
SUP   vx=0.000e+00  vy=0.000e+00  vz=0.000e+00  p=0.000e+00  T=0.000e+00  | total=0.000e+00
      w: vx=9.619e-01  vy=9.619e-01  vz=9.619e-01  p=9.619e-01  T=9.619e-01
MSE   vx=7.956e+02  vy=9.506e-03  vz=4.842e-03  p=3.645e-06  T=5.751e-03  | total=7.956e+02




[  382/10000]
PDE   div=5.490e-01  mom_x=1.004e-01  mom_y=1.547e-03  mom_z=2.395e-03  heat=2.968e-08  | total=6.534e-01
      w: div=9.653e-01  mom_x=9.620e-01  mom_y=9.617e-01  mom_z=9.620e-01  heat=9.618e-01
BC    inlet_vx=1.111e+00  inlet_vy=8.658e-01  inlet_vz=9.431e-01  inlet_T=4.814e-03  outlet_p=2.099e-02
      wall_vx=6.432e-01   wall_vy=2.736e-02   wall_vz=1.654e-03   wall_T=6.338e-03   wall_dp_dn=2.290e-04  | total=3.625e+00
      w: inlet_vx=1.013e+00  inlet_vy=9.799e-01  inlet_vz=9.948e-01  inlet_T=9.616e-01  outlet_p=9.617e-01
      w: wall_vx=1.009e+00   wall_vy=9.617e-01   wall_vz=9.618e-01   wall_T=9.616e-01   wall_dp_dn=9.617e-01
SUP   vx=0.000e+00  vy=0.000e+00  vz=0.000e+00  p=0.000e+00  T=0.000e+00  | total=0.000e+00
      w: vx=9.618e-01  vy=9.618e-01  vz=9.618e-01  p=9.618e-01  T=9.618e-01
MSE   vx=7.964e+02  vy=9.501e-03  vz=4.839e-03  p=3.655e-06  T=5.761e-03  | total=7.964e+02




[  383/10000]
PDE   div=5.530e-01  mom_x=1.016e-01  mom_y=1.568e-03  mom_z=2.633e-03  heat=2.942e-08  | total=6.588e-01
      w: div=9.652e-01  mom_x=9.619e-01  mom_y=9.616e-01  mom_z=9.619e-01  heat=9.617e-01
BC    inlet_vx=1.112e+00  inlet_vy=8.658e-01  inlet_vz=9.430e-01  inlet_T=4.779e-03  outlet_p=2.095e-02
      wall_vx=6.588e-01   wall_vy=2.751e-02   wall_vz=1.752e-03   wall_T=6.261e-03   wall_dp_dn=2.153e-04  | total=3.641e+00
      w: inlet_vx=1.013e+00  inlet_vy=9.798e-01  inlet_vz=9.947e-01  inlet_T=9.615e-01  outlet_p=9.616e-01
      w: wall_vx=1.009e+00   wall_vy=9.616e-01   wall_vz=9.617e-01   wall_T=9.615e-01   wall_dp_dn=9.616e-01
SUP   vx=0.000e+00  vy=0.000e+00  vz=0.000e+00  p=0.000e+00  T=0.000e+00  | total=0.000e+00
      w: vx=9.617e-01  vy=9.617e-01  vz=9.617e-01  p=9.617e-01  T=9.617e-01
MSE   vx=7.971e+02  vy=9.495e-03  vz=4.836e-03  p=3.664e-06  T=5.771e-03  | total=7.971e+02




[  384/10000]
PDE   div=5.606e-01  mom_x=9.692e-02  mom_y=1.537e-03  mom_z=2.514e-03  heat=2.846e-08  | total=6.616e-01
      w: div=9.651e-01  mom_x=9.618e-01  mom_y=9.615e-01  mom_z=9.618e-01  heat=9.616e-01
BC    inlet_vx=1.112e+00  inlet_vy=8.659e-01  inlet_vz=9.430e-01  inlet_T=4.746e-03  outlet_p=2.092e-02
      wall_vx=6.712e-01   wall_vy=2.560e-02   wall_vz=1.645e-03   wall_T=6.244e-03   wall_dp_dn=2.472e-04  | total=3.651e+00
      w: inlet_vx=1.013e+00  inlet_vy=9.797e-01  inlet_vz=9.946e-01  inlet_T=9.614e-01  outlet_p=9.615e-01
      w: wall_vx=1.009e+00   wall_vy=9.615e-01   wall_vz=9.616e-01   wall_T=9.614e-01   wall_dp_dn=9.615e-01
SUP   vx=0.000e+00  vy=0.000e+00  vz=0.000e+00  p=0.000e+00  T=0.000e+00  | total=0.000e+00
      w: vx=9.616e-01  vy=9.616e-01  vz=9.616e-01  p=9.616e-01  T=9.616e-01
MSE   vx=7.977e+02  vy=9.489e-03  vz=4.832e-03  p=3.674e-06  T=5.781e-03  | total=7.977e+02




[  385/10000]
PDE   div=5.536e-01  mom_x=9.907e-02  mom_y=1.573e-03  mom_z=2.776e-03  heat=3.033e-08  | total=6.570e-01
      w: div=9.650e-01  mom_x=9.617e-01  mom_y=9.614e-01  mom_z=9.617e-01  heat=9.615e-01
BC    inlet_vx=1.112e+00  inlet_vy=8.659e-01  inlet_vz=9.429e-01  inlet_T=4.714e-03  outlet_p=2.080e-02
      wall_vx=6.786e-01   wall_vy=2.762e-02   wall_vz=1.640e-03   wall_T=5.977e-03   wall_dp_dn=2.646e-04  | total=3.661e+00
      w: inlet_vx=1.013e+00  inlet_vy=9.796e-01  inlet_vz=9.944e-01  inlet_T=9.613e-01  outlet_p=9.614e-01
      w: wall_vx=1.009e+00   wall_vy=9.614e-01   wall_vz=9.615e-01   wall_T=9.613e-01   wall_dp_dn=9.614e-01
SUP   vx=0.000e+00  vy=0.000e+00  vz=0.000e+00  p=0.000e+00  T=0.000e+00  | total=0.000e+00
      w: vx=9.615e-01  vy=9.615e-01  vz=9.615e-01  p=9.615e-01  T=9.615e-01
MSE   vx=7.983e+02  vy=9.481e-03  vz=4.829e-03  p=3.683e-06  T=5.792e-03  | total=7.983e+02




[  386/10000]
PDE   div=5.509e-01  mom_x=1.021e-01  mom_y=1.570e-03  mom_z=2.875e-03  heat=3.215e-08  | total=6.574e-01
      w: div=9.649e-01  mom_x=9.616e-01  mom_y=9.613e-01  mom_z=9.616e-01  heat=9.614e-01
BC    inlet_vx=1.113e+00  inlet_vy=8.659e-01  inlet_vz=9.428e-01  inlet_T=4.684e-03  outlet_p=2.075e-02
      wall_vx=6.310e-01   wall_vy=2.690e-02   wall_vz=1.599e-03   wall_T=5.820e-03   wall_dp_dn=2.544e-04  | total=3.613e+00
      w: inlet_vx=1.013e+00  inlet_vy=9.795e-01  inlet_vz=9.943e-01  inlet_T=9.612e-01  outlet_p=9.613e-01
      w: wall_vx=1.009e+00   wall_vy=9.613e-01   wall_vz=9.614e-01   wall_T=9.612e-01   wall_dp_dn=9.613e-01
SUP   vx=0.000e+00  vy=0.000e+00  vz=0.000e+00  p=0.000e+00  T=0.000e+00  | total=0.000e+00
      w: vx=9.614e-01  vy=9.614e-01  vz=9.614e-01  p=9.614e-01  T=9.614e-01
MSE   vx=7.988e+02  vy=9.474e-03  vz=4.826e-03  p=3.692e-06  T=5.804e-03  | total=7.988e+02




[  387/10000]
PDE   div=5.582e-01  mom_x=1.007e-01  mom_y=1.600e-03  mom_z=3.056e-03  heat=2.853e-08  | total=6.636e-01
      w: div=9.649e-01  mom_x=9.615e-01  mom_y=9.612e-01  mom_z=9.615e-01  heat=9.613e-01
BC    inlet_vx=1.113e+00  inlet_vy=8.659e-01  inlet_vz=9.428e-01  inlet_T=4.656e-03  outlet_p=2.084e-02
      wall_vx=6.446e-01   wall_vy=2.664e-02   wall_vz=1.649e-03   wall_T=6.377e-03   wall_dp_dn=2.724e-04  | total=3.627e+00
      w: inlet_vx=1.013e+00  inlet_vy=9.794e-01  inlet_vz=9.942e-01  inlet_T=9.611e-01  outlet_p=9.611e-01
      w: wall_vx=1.009e+00   wall_vy=9.612e-01   wall_vz=9.613e-01   wall_T=9.611e-01   wall_dp_dn=9.612e-01
SUP   vx=0.000e+00  vy=0.000e+00  vz=0.000e+00  p=0.000e+00  T=0.000e+00  | total=0.000e+00
      w: vx=9.613e-01  vy=9.613e-01  vz=9.613e-01  p=9.613e-01  T=9.613e-01
MSE   vx=7.992e+02  vy=9.465e-03  vz=4.824e-03  p=3.701e-06  T=5.817e-03  | total=7.992e+02




[  388/10000]
PDE   div=5.596e-01  mom_x=1.010e-01  mom_y=1.608e-03  mom_z=3.129e-03  heat=3.123e-08  | total=6.654e-01
      w: div=9.648e-01  mom_x=9.614e-01  mom_y=9.611e-01  mom_z=9.614e-01  heat=9.612e-01
BC    inlet_vx=1.114e+00  inlet_vy=8.659e-01  inlet_vz=9.427e-01  inlet_T=4.630e-03  outlet_p=2.086e-02
      wall_vx=6.533e-01   wall_vy=2.740e-02   wall_vz=1.599e-03   wall_T=6.287e-03   wall_dp_dn=2.824e-04  | total=3.637e+00
      w: inlet_vx=1.013e+00  inlet_vy=9.793e-01  inlet_vz=9.941e-01  inlet_T=9.610e-01  outlet_p=9.610e-01
      w: wall_vx=1.009e+00   wall_vy=9.611e-01   wall_vz=9.612e-01   wall_T=9.610e-01   wall_dp_dn=9.611e-01
SUP   vx=0.000e+00  vy=0.000e+00  vz=0.000e+00  p=0.000e+00  T=0.000e+00  | total=0.000e+00
      w: vx=9.612e-01  vy=9.612e-01  vz=9.612e-01  p=9.612e-01  T=9.612e-01
MSE   vx=7.995e+02  vy=9.456e-03  vz=4.821e-03  p=3.711e-06  T=5.830e-03  | total=7.995e+02




[  389/10000]
PDE   div=5.494e-01  mom_x=9.400e-02  mom_y=1.583e-03  mom_z=3.160e-03  heat=2.628e-08  | total=6.482e-01
      w: div=9.647e-01  mom_x=9.613e-01  mom_y=9.610e-01  mom_z=9.613e-01  heat=9.611e-01
BC    inlet_vx=1.114e+00  inlet_vy=8.659e-01  inlet_vz=9.426e-01  inlet_T=4.605e-03  outlet_p=2.055e-02
      wall_vx=6.777e-01   wall_vy=2.664e-02   wall_vz=1.788e-03   wall_T=6.177e-03   wall_dp_dn=2.852e-04  | total=3.660e+00
      w: inlet_vx=1.013e+00  inlet_vy=9.792e-01  inlet_vz=9.940e-01  inlet_T=9.609e-01  outlet_p=9.609e-01
      w: wall_vx=1.009e+00   wall_vy=9.610e-01   wall_vz=9.611e-01   wall_T=9.609e-01   wall_dp_dn=9.610e-01
SUP   vx=0.000e+00  vy=0.000e+00  vz=0.000e+00  p=0.000e+00  T=0.000e+00  | total=0.000e+00
      w: vx=9.611e-01  vy=9.611e-01  vz=9.611e-01  p=9.611e-01  T=9.611e-01
MSE   vx=7.998e+02  vy=9.447e-03  vz=4.818e-03  p=3.720e-06  T=5.844e-03  | total=7.998e+02




[  390/10000]
PDE   div=5.587e-01  mom_x=1.012e-01  mom_y=1.648e-03  mom_z=3.291e-03  heat=3.305e-08  | total=6.648e-01
      w: div=9.646e-01  mom_x=9.612e-01  mom_y=9.609e-01  mom_z=9.612e-01  heat=9.610e-01
BC    inlet_vx=1.115e+00  inlet_vy=8.659e-01  inlet_vz=9.426e-01  inlet_T=4.582e-03  outlet_p=2.062e-02
      wall_vx=6.341e-01   wall_vy=2.698e-02   wall_vz=1.677e-03   wall_T=6.176e-03   wall_dp_dn=2.887e-04  | total=3.617e+00
      w: inlet_vx=1.013e+00  inlet_vy=9.791e-01  inlet_vz=9.939e-01  inlet_T=9.608e-01  outlet_p=9.608e-01
      w: wall_vx=1.009e+00   wall_vy=9.609e-01   wall_vz=9.610e-01   wall_T=9.608e-01   wall_dp_dn=9.609e-01
SUP   vx=0.000e+00  vy=0.000e+00  vz=0.000e+00  p=0.000e+00  T=0.000e+00  | total=0.000e+00
      w: vx=9.610e-01  vy=9.610e-01  vz=9.610e-01  p=9.610e-01  T=9.610e-01
MSE   vx=8.000e+02  vy=9.437e-03  vz=4.815e-03  p=3.729e-06  T=5.859e-03  | total=8.000e+02




[  391/10000]
PDE   div=5.632e-01  mom_x=1.010e-01  mom_y=1.651e-03  mom_z=3.550e-03  heat=3.083e-08  | total=6.694e-01
      w: div=9.645e-01  mom_x=9.611e-01  mom_y=9.608e-01  mom_z=9.611e-01  heat=9.609e-01
BC    inlet_vx=1.115e+00  inlet_vy=8.659e-01  inlet_vz=9.425e-01  inlet_T=4.560e-03  outlet_p=2.049e-02
      wall_vx=6.745e-01   wall_vy=2.599e-02   wall_vz=1.753e-03   wall_T=6.273e-03   wall_dp_dn=3.193e-04  | total=3.657e+00
      w: inlet_vx=1.013e+00  inlet_vy=9.790e-01  inlet_vz=9.938e-01  inlet_T=9.607e-01  outlet_p=9.607e-01
      w: wall_vx=1.009e+00   wall_vy=9.608e-01   wall_vz=9.609e-01   wall_T=9.607e-01   wall_dp_dn=9.608e-01
SUP   vx=0.000e+00  vy=0.000e+00  vz=0.000e+00  p=0.000e+00  T=0.000e+00  | total=0.000e+00
      w: vx=9.609e-01  vy=9.609e-01  vz=9.609e-01  p=9.609e-01  T=9.609e-01
MSE   vx=8.001e+02  vy=9.426e-03  vz=4.813e-03  p=3.738e-06  T=5.875e-03  | total=8.001e+02




[  392/10000]
PDE   div=5.706e-01  mom_x=1.028e-01  mom_y=1.653e-03  mom_z=3.782e-03  heat=3.133e-08  | total=6.788e-01
      w: div=9.644e-01  mom_x=9.610e-01  mom_y=9.607e-01  mom_z=9.610e-01  heat=9.608e-01
BC    inlet_vx=1.116e+00  inlet_vy=8.658e-01  inlet_vz=9.424e-01  inlet_T=4.540e-03  outlet_p=2.063e-02
      wall_vx=6.762e-01   wall_vy=2.653e-02   wall_vz=1.716e-03   wall_T=6.289e-03   wall_dp_dn=3.478e-04  | total=3.660e+00
      w: inlet_vx=1.013e+00  inlet_vy=9.790e-01  inlet_vz=9.937e-01  inlet_T=9.606e-01  outlet_p=9.606e-01
      w: wall_vx=1.009e+00   wall_vy=9.607e-01   wall_vz=9.608e-01   wall_T=9.606e-01   wall_dp_dn=9.607e-01
SUP   vx=0.000e+00  vy=0.000e+00  vz=0.000e+00  p=0.000e+00  T=0.000e+00  | total=0.000e+00
      w: vx=9.608e-01  vy=9.608e-01  vz=9.608e-01  p=9.608e-01  T=9.608e-01
MSE   vx=8.002e+02  vy=9.415e-03  vz=4.810e-03  p=3.747e-06  T=5.891e-03  | total=8.002e+02




[  393/10000]
PDE   div=5.509e-01  mom_x=9.775e-02  mom_y=1.658e-03  mom_z=3.808e-03  heat=2.813e-08  | total=6.542e-01
      w: div=9.643e-01  mom_x=9.609e-01  mom_y=9.606e-01  mom_z=9.609e-01  heat=9.607e-01
BC    inlet_vx=1.116e+00  inlet_vy=8.658e-01  inlet_vz=9.423e-01  inlet_T=4.521e-03  outlet_p=2.051e-02
      wall_vx=6.220e-01   wall_vy=2.587e-02   wall_vz=1.538e-03   wall_T=5.897e-03   wall_dp_dn=3.617e-04  | total=3.605e+00
      w: inlet_vx=1.014e+00  inlet_vy=9.789e-01  inlet_vz=9.936e-01  inlet_T=9.605e-01  outlet_p=9.605e-01
      w: wall_vx=1.009e+00   wall_vy=9.606e-01   wall_vz=9.607e-01   wall_T=9.605e-01   wall_dp_dn=9.606e-01
SUP   vx=0.000e+00  vy=0.000e+00  vz=0.000e+00  p=0.000e+00  T=0.000e+00  | total=0.000e+00
      w: vx=9.607e-01  vy=9.607e-01  vz=9.607e-01  p=9.607e-01  T=9.607e-01
MSE   vx=8.002e+02  vy=9.404e-03  vz=4.807e-03  p=3.756e-06  T=5.909e-03  | total=8.002e+02




[  394/10000]
PDE   div=5.620e-01  mom_x=1.036e-01  mom_y=1.649e-03  mom_z=4.058e-03  heat=3.375e-08  | total=6.713e-01
      w: div=9.642e-01  mom_x=9.608e-01  mom_y=9.605e-01  mom_z=9.608e-01  heat=9.606e-01
BC    inlet_vx=1.117e+00  inlet_vy=8.657e-01  inlet_vz=9.423e-01  inlet_T=4.505e-03  outlet_p=2.038e-02
      wall_vx=6.436e-01   wall_vy=2.570e-02   wall_vz=1.562e-03   wall_T=6.025e-03   wall_dp_dn=3.434e-04  | total=3.627e+00
      w: inlet_vx=1.014e+00  inlet_vy=9.788e-01  inlet_vz=9.935e-01  inlet_T=9.604e-01  outlet_p=9.604e-01
      w: wall_vx=1.009e+00   wall_vy=9.605e-01   wall_vz=9.606e-01   wall_T=9.604e-01   wall_dp_dn=9.605e-01
SUP   vx=0.000e+00  vy=0.000e+00  vz=0.000e+00  p=0.000e+00  T=0.000e+00  | total=0.000e+00
      w: vx=9.606e-01  vy=9.606e-01  vz=9.606e-01  p=9.606e-01  T=9.606e-01
MSE   vx=8.001e+02  vy=9.392e-03  vz=4.805e-03  p=3.765e-06  T=5.928e-03  | total=8.001e+02




[  395/10000]
PDE   div=5.573e-01  mom_x=9.803e-02  mom_y=1.658e-03  mom_z=4.026e-03  heat=3.041e-08  | total=6.610e-01
      w: div=9.641e-01  mom_x=9.607e-01  mom_y=9.604e-01  mom_z=9.607e-01  heat=9.605e-01
BC    inlet_vx=1.117e+00  inlet_vy=8.657e-01  inlet_vz=9.422e-01  inlet_T=4.490e-03  outlet_p=2.044e-02
      wall_vx=6.557e-01   wall_vy=2.702e-02   wall_vz=1.647e-03   wall_T=6.328e-03   wall_dp_dn=3.503e-04  | total=3.641e+00
      w: inlet_vx=1.014e+00  inlet_vy=9.787e-01  inlet_vz=9.934e-01  inlet_T=9.603e-01  outlet_p=9.603e-01
      w: wall_vx=1.009e+00   wall_vy=9.604e-01   wall_vz=9.605e-01   wall_T=9.603e-01   wall_dp_dn=9.604e-01
SUP   vx=0.000e+00  vy=0.000e+00  vz=0.000e+00  p=0.000e+00  T=0.000e+00  | total=0.000e+00
      w: vx=9.605e-01  vy=9.605e-01  vz=9.605e-01  p=9.605e-01  T=9.605e-01
MSE   vx=7.999e+02  vy=9.380e-03  vz=4.803e-03  p=3.773e-06  T=5.947e-03  | total=7.999e+02




[  396/10000]
PDE   div=5.698e-01  mom_x=1.028e-01  mom_y=1.715e-03  mom_z=4.210e-03  heat=3.325e-08  | total=6.785e-01
      w: div=9.641e-01  mom_x=9.606e-01  mom_y=9.603e-01  mom_z=9.606e-01  heat=9.604e-01
BC    inlet_vx=1.118e+00  inlet_vy=8.656e-01  inlet_vz=9.421e-01  inlet_T=4.477e-03  outlet_p=2.037e-02
      wall_vx=6.829e-01   wall_vy=2.611e-02   wall_vz=1.699e-03   wall_T=6.203e-03   wall_dp_dn=3.940e-04  | total=3.668e+00
      w: inlet_vx=1.014e+00  inlet_vy=9.786e-01  inlet_vz=9.932e-01  inlet_T=9.602e-01  outlet_p=9.602e-01
      w: wall_vx=1.009e+00   wall_vy=9.603e-01   wall_vz=9.604e-01   wall_T=9.602e-01   wall_dp_dn=9.603e-01
SUP   vx=0.000e+00  vy=0.000e+00  vz=0.000e+00  p=0.000e+00  T=0.000e+00  | total=0.000e+00
      w: vx=9.604e-01  vy=9.604e-01  vz=9.604e-01  p=9.604e-01  T=9.604e-01
MSE   vx=7.997e+02  vy=9.367e-03  vz=4.800e-03  p=3.782e-06  T=5.968e-03  | total=7.997e+02




[  397/10000]
PDE   div=5.534e-01  mom_x=9.921e-02  mom_y=1.714e-03  mom_z=4.241e-03  heat=3.131e-08  | total=6.586e-01
      w: div=9.640e-01  mom_x=9.605e-01  mom_y=9.602e-01  mom_z=9.605e-01  heat=9.603e-01
BC    inlet_vx=1.119e+00  inlet_vy=8.655e-01  inlet_vz=9.420e-01  inlet_T=4.466e-03  outlet_p=2.035e-02
      wall_vx=6.354e-01   wall_vy=2.550e-02   wall_vz=1.558e-03   wall_T=6.550e-03   wall_dp_dn=3.771e-04  | total=3.621e+00
      w: inlet_vx=1.014e+00  inlet_vy=9.785e-01  inlet_vz=9.931e-01  inlet_T=9.601e-01  outlet_p=9.601e-01
      w: wall_vx=1.009e+00   wall_vy=9.602e-01   wall_vz=9.603e-01   wall_T=9.601e-01   wall_dp_dn=9.602e-01
SUP   vx=0.000e+00  vy=0.000e+00  vz=0.000e+00  p=0.000e+00  T=0.000e+00  | total=0.000e+00
      w: vx=9.603e-01  vy=9.603e-01  vz=9.603e-01  p=9.603e-01  T=9.603e-01
MSE   vx=7.994e+02  vy=9.354e-03  vz=4.798e-03  p=3.791e-06  T=5.989e-03  | total=7.994e+02




[  398/10000]
PDE   div=5.424e-01  mom_x=9.566e-02  mom_y=1.663e-03  mom_z=4.227e-03  heat=3.012e-08  | total=6.440e-01
      w: div=9.639e-01  mom_x=9.604e-01  mom_y=9.601e-01  mom_z=9.604e-01  heat=9.602e-01
BC    inlet_vx=1.119e+00  inlet_vy=8.655e-01  inlet_vz=9.420e-01  inlet_T=4.457e-03  outlet_p=2.022e-02
      wall_vx=6.412e-01   wall_vy=2.578e-02   wall_vz=1.590e-03   wall_T=6.119e-03   wall_dp_dn=3.940e-04  | total=3.627e+00
      w: inlet_vx=1.014e+00  inlet_vy=9.784e-01  inlet_vz=9.930e-01  inlet_T=9.599e-01  outlet_p=9.600e-01
      w: wall_vx=1.009e+00   wall_vy=9.601e-01   wall_vz=9.602e-01   wall_T=9.600e-01   wall_dp_dn=9.601e-01
SUP   vx=0.000e+00  vy=0.000e+00  vz=0.000e+00  p=0.000e+00  T=0.000e+00  | total=0.000e+00
      w: vx=9.602e-01  vy=9.602e-01  vz=9.602e-01  p=9.602e-01  T=9.602e-01
MSE   vx=7.990e+02  vy=9.341e-03  vz=4.796e-03  p=3.799e-06  T=6.011e-03  | total=7.991e+02




[  399/10000]
PDE   div=5.656e-01  mom_x=1.001e-01  mom_y=1.688e-03  mom_z=4.421e-03  heat=3.286e-08  | total=6.718e-01
      w: div=9.638e-01  mom_x=9.603e-01  mom_y=9.600e-01  mom_z=9.603e-01  heat=9.601e-01
BC    inlet_vx=1.120e+00  inlet_vy=8.654e-01  inlet_vz=9.419e-01  inlet_T=4.449e-03  outlet_p=2.030e-02
      wall_vx=6.776e-01   wall_vy=2.657e-02   wall_vz=1.654e-03   wall_T=6.516e-03   wall_dp_dn=4.034e-04  | total=3.665e+00
      w: inlet_vx=1.014e+00  inlet_vy=9.783e-01  inlet_vz=9.929e-01  inlet_T=9.598e-01  outlet_p=9.599e-01
      w: wall_vx=1.009e+00   wall_vy=9.600e-01   wall_vz=9.601e-01   wall_T=9.599e-01   wall_dp_dn=9.600e-01
SUP   vx=0.000e+00  vy=0.000e+00  vz=0.000e+00  p=0.000e+00  T=0.000e+00  | total=0.000e+00
      w: vx=9.601e-01  vy=9.601e-01  vz=9.601e-01  p=9.601e-01  T=9.601e-01
MSE   vx=7.986e+02  vy=9.327e-03  vz=4.794e-03  p=3.808e-06  T=6.034e-03  | total=7.986e+02




[  400/10000]
PDE   div=5.593e-01  mom_x=1.017e-01  mom_y=1.721e-03  mom_z=4.500e-03  heat=3.490e-08  | total=6.673e-01
      w: div=9.637e-01  mom_x=9.602e-01  mom_y=9.599e-01  mom_z=9.602e-01  heat=9.600e-01
BC    inlet_vx=1.121e+00  inlet_vy=8.653e-01  inlet_vz=9.418e-01  inlet_T=4.444e-03  outlet_p=2.016e-02
      wall_vx=6.580e-01   wall_vy=2.559e-02   wall_vz=1.520e-03   wall_T=6.923e-03   wall_dp_dn=3.942e-04  | total=3.645e+00
      w: inlet_vx=1.014e+00  inlet_vy=9.782e-01  inlet_vz=9.928e-01  inlet_T=9.597e-01  outlet_p=9.598e-01
      w: wall_vx=1.009e+00   wall_vy=9.599e-01   wall_vz=9.600e-01   wall_T=9.598e-01   wall_dp_dn=9.599e-01
SUP   vx=0.000e+00  vy=0.000e+00  vz=0.000e+00  p=0.000e+00  T=0.000e+00  | total=0.000e+00
      w: vx=9.600e-01  vy=9.600e-01  vz=9.600e-01  p=9.600e-01  T=9.600e-01
MSE   vx=7.981e+02  vy=9.314e-03  vz=4.792e-03  p=3.816e-06  T=6.057e-03  | total=7.982e+02




[  401/10000]
PDE   div=5.644e-01  mom_x=1.027e-01  mom_y=1.745e-03  mom_z=4.786e-03  heat=3.260e-08  | total=6.736e-01
      w: div=9.636e-01  mom_x=9.601e-01  mom_y=9.598e-01  mom_z=9.601e-01  heat=9.599e-01
BC    inlet_vx=1.121e+00  inlet_vy=8.652e-01  inlet_vz=9.417e-01  inlet_T=4.441e-03  outlet_p=2.028e-02
      wall_vx=6.449e-01   wall_vy=2.607e-02   wall_vz=1.462e-03   wall_T=6.394e-03   wall_dp_dn=4.085e-04  | total=3.632e+00
      w: inlet_vx=1.014e+00  inlet_vy=9.781e-01  inlet_vz=9.927e-01  inlet_T=9.596e-01  outlet_p=9.597e-01
      w: wall_vx=1.009e+00   wall_vy=9.598e-01   wall_vz=9.599e-01   wall_T=9.597e-01   wall_dp_dn=9.598e-01
SUP   vx=0.000e+00  vy=0.000e+00  vz=0.000e+00  p=0.000e+00  T=0.000e+00  | total=0.000e+00
      w: vx=9.599e-01  vy=9.599e-01  vz=9.599e-01  p=9.599e-01  T=9.599e-01
MSE   vx=7.976e+02  vy=9.300e-03  vz=4.790e-03  p=3.824e-06  T=6.081e-03  | total=7.976e+02




[  402/10000]
PDE   div=5.484e-01  mom_x=9.658e-02  mom_y=1.704e-03  mom_z=4.453e-03  heat=3.104e-08  | total=6.511e-01
      w: div=9.635e-01  mom_x=9.600e-01  mom_y=9.597e-01  mom_z=9.600e-01  heat=9.598e-01
BC    inlet_vx=1.122e+00  inlet_vy=8.651e-01  inlet_vz=9.416e-01  inlet_T=4.440e-03  outlet_p=2.027e-02
      wall_vx=6.202e-01   wall_vy=2.525e-02   wall_vz=1.493e-03   wall_T=6.441e-03   wall_dp_dn=4.261e-04  | total=3.607e+00
      w: inlet_vx=1.014e+00  inlet_vy=9.780e-01  inlet_vz=9.926e-01  inlet_T=9.595e-01  outlet_p=9.596e-01
      w: wall_vx=1.008e+00   wall_vy=9.596e-01   wall_vz=9.598e-01   wall_T=9.596e-01   wall_dp_dn=9.597e-01
SUP   vx=0.000e+00  vy=0.000e+00  vz=0.000e+00  p=0.000e+00  T=0.000e+00  | total=0.000e+00
      w: vx=9.598e-01  vy=9.598e-01  vz=9.598e-01  p=9.598e-01  T=9.598e-01
MSE   vx=7.970e+02  vy=9.286e-03  vz=4.788e-03  p=3.833e-06  T=6.106e-03  | total=7.971e+02




[  403/10000]
PDE   div=5.513e-01  mom_x=9.873e-02  mom_y=1.733e-03  mom_z=4.638e-03  heat=3.286e-08  | total=6.564e-01
      w: div=9.634e-01  mom_x=9.599e-01  mom_y=9.596e-01  mom_z=9.599e-01  heat=9.597e-01
BC    inlet_vx=1.123e+00  inlet_vy=8.650e-01  inlet_vz=9.415e-01  inlet_T=4.441e-03  outlet_p=2.035e-02
      wall_vx=6.216e-01   wall_vy=2.468e-02   wall_vz=1.515e-03   wall_T=6.200e-03   wall_dp_dn=4.026e-04  | total=3.608e+00
      w: inlet_vx=1.014e+00  inlet_vy=9.779e-01  inlet_vz=9.925e-01  inlet_T=9.594e-01  outlet_p=9.595e-01
      w: wall_vx=1.008e+00   wall_vy=9.595e-01   wall_vz=9.597e-01   wall_T=9.595e-01   wall_dp_dn=9.596e-01
SUP   vx=0.000e+00  vy=0.000e+00  vz=0.000e+00  p=0.000e+00  T=0.000e+00  | total=0.000e+00
      w: vx=9.597e-01  vy=9.597e-01  vz=9.597e-01  p=9.597e-01  T=9.597e-01
MSE   vx=7.964e+02  vy=9.272e-03  vz=4.786e-03  p=3.841e-06  T=6.132e-03  | total=7.964e+02




[  404/10000]
PDE   div=5.502e-01  mom_x=9.540e-02  mom_y=1.716e-03  mom_z=4.382e-03  heat=3.205e-08  | total=6.516e-01
      w: div=9.634e-01  mom_x=9.598e-01  mom_y=9.595e-01  mom_z=9.598e-01  heat=9.596e-01
BC    inlet_vx=1.123e+00  inlet_vy=8.649e-01  inlet_vz=9.415e-01  inlet_T=4.444e-03  outlet_p=2.014e-02
      wall_vx=6.334e-01   wall_vy=2.590e-02   wall_vz=1.322e-03   wall_T=6.558e-03   wall_dp_dn=4.594e-04  | total=3.622e+00
      w: inlet_vx=1.014e+00  inlet_vy=9.778e-01  inlet_vz=9.924e-01  inlet_T=9.593e-01  outlet_p=9.594e-01
      w: wall_vx=1.008e+00   wall_vy=9.594e-01   wall_vz=9.596e-01   wall_T=9.594e-01   wall_dp_dn=9.595e-01
SUP   vx=0.000e+00  vy=0.000e+00  vz=0.000e+00  p=0.000e+00  T=0.000e+00  | total=0.000e+00
      w: vx=9.596e-01  vy=9.596e-01  vz=9.596e-01  p=9.596e-01  T=9.596e-01
MSE   vx=7.957e+02  vy=9.257e-03  vz=4.784e-03  p=3.849e-06  T=6.159e-03  | total=7.958e+02




[  405/10000]
PDE   div=5.387e-01  mom_x=9.473e-02  mom_y=1.694e-03  mom_z=4.464e-03  heat=3.226e-08  | total=6.396e-01
      w: div=9.633e-01  mom_x=9.597e-01  mom_y=9.594e-01  mom_z=9.597e-01  heat=9.595e-01
BC    inlet_vx=1.123e+00  inlet_vy=8.648e-01  inlet_vz=9.414e-01  inlet_T=4.451e-03  outlet_p=2.003e-02
      wall_vx=6.200e-01   wall_vy=2.501e-02   wall_vz=1.508e-03   wall_T=6.145e-03   wall_dp_dn=3.995e-04  | total=3.607e+00
      w: inlet_vx=1.014e+00  inlet_vy=9.777e-01  inlet_vz=9.923e-01  inlet_T=9.592e-01  outlet_p=9.593e-01
      w: wall_vx=1.008e+00   wall_vy=9.593e-01   wall_vz=9.595e-01   wall_T=9.593e-01   wall_dp_dn=9.594e-01
SUP   vx=0.000e+00  vy=0.000e+00  vz=0.000e+00  p=0.000e+00  T=0.000e+00  | total=0.000e+00
      w: vx=9.595e-01  vy=9.595e-01  vz=9.595e-01  p=9.595e-01  T=9.595e-01
MSE   vx=7.950e+02  vy=9.243e-03  vz=4.782e-03  p=3.857e-06  T=6.187e-03  | total=7.950e+02




[  406/10000]
PDE   div=5.576e-01  mom_x=9.778e-02  mom_y=1.732e-03  mom_z=4.680e-03  heat=3.325e-08  | total=6.618e-01
      w: div=9.632e-01  mom_x=9.596e-01  mom_y=9.593e-01  mom_z=9.596e-01  heat=9.594e-01
BC    inlet_vx=1.124e+00  inlet_vy=8.647e-01  inlet_vz=9.413e-01  inlet_T=4.460e-03  outlet_p=2.017e-02
      wall_vx=6.669e-01   wall_vy=2.468e-02   wall_vz=1.530e-03   wall_T=6.400e-03   wall_dp_dn=4.373e-04  | total=3.654e+00
      w: inlet_vx=1.014e+00  inlet_vy=9.776e-01  inlet_vz=9.921e-01  inlet_T=9.591e-01  outlet_p=9.592e-01
      w: wall_vx=1.008e+00   wall_vy=9.592e-01   wall_vz=9.594e-01   wall_T=9.592e-01   wall_dp_dn=9.593e-01
SUP   vx=0.000e+00  vy=0.000e+00  vz=0.000e+00  p=0.000e+00  T=0.000e+00  | total=0.000e+00
      w: vx=9.594e-01  vy=9.594e-01  vz=9.594e-01  p=9.594e-01  T=9.594e-01
MSE   vx=7.943e+02  vy=9.228e-03  vz=4.780e-03  p=3.865e-06  T=6.215e-03  | total=7.943e+02




[  407/10000]
PDE   div=5.474e-01  mom_x=1.011e-01  mom_y=1.750e-03  mom_z=4.693e-03  heat=3.657e-08  | total=6.549e-01
      w: div=9.631e-01  mom_x=9.595e-01  mom_y=9.592e-01  mom_z=9.595e-01  heat=9.593e-01
BC    inlet_vx=1.124e+00  inlet_vy=8.646e-01  inlet_vz=9.412e-01  inlet_T=4.471e-03  outlet_p=2.011e-02
      wall_vx=6.049e-01   wall_vy=2.493e-02   wall_vz=1.481e-03   wall_T=6.359e-03   wall_dp_dn=4.047e-04  | total=3.592e+00
      w: inlet_vx=1.014e+00  inlet_vy=9.775e-01  inlet_vz=9.920e-01  inlet_T=9.590e-01  outlet_p=9.591e-01
      w: wall_vx=1.008e+00   wall_vy=9.591e-01   wall_vz=9.593e-01   wall_T=9.591e-01   wall_dp_dn=9.592e-01
SUP   vx=0.000e+00  vy=0.000e+00  vz=0.000e+00  p=0.000e+00  T=0.000e+00  | total=0.000e+00
      w: vx=9.593e-01  vy=9.593e-01  vz=9.593e-01  p=9.593e-01  T=9.593e-01
MSE   vx=7.935e+02  vy=9.214e-03  vz=4.779e-03  p=3.873e-06  T=6.244e-03  | total=7.935e+02




[  408/10000]
PDE   div=5.484e-01  mom_x=9.622e-02  mom_y=1.725e-03  mom_z=4.651e-03  heat=3.206e-08  | total=6.510e-01
      w: div=9.630e-01  mom_x=9.594e-01  mom_y=9.591e-01  mom_z=9.594e-01  heat=9.592e-01
BC    inlet_vx=1.124e+00  inlet_vy=8.645e-01  inlet_vz=9.411e-01  inlet_T=4.484e-03  outlet_p=1.996e-02
      wall_vx=6.553e-01   wall_vy=2.444e-02   wall_vz=1.612e-03   wall_T=6.673e-03   wall_dp_dn=4.253e-04  | total=3.642e+00
      w: inlet_vx=1.014e+00  inlet_vy=9.774e-01  inlet_vz=9.919e-01  inlet_T=9.589e-01  outlet_p=9.590e-01
      w: wall_vx=1.008e+00   wall_vy=9.590e-01   wall_vz=9.592e-01   wall_T=9.590e-01   wall_dp_dn=9.591e-01
SUP   vx=0.000e+00  vy=0.000e+00  vz=0.000e+00  p=0.000e+00  T=0.000e+00  | total=0.000e+00
      w: vx=9.592e-01  vy=9.592e-01  vz=9.592e-01  p=9.592e-01  T=9.592e-01
MSE   vx=7.926e+02  vy=9.199e-03  vz=4.777e-03  p=3.880e-06  T=6.273e-03  | total=7.926e+02




[  409/10000]
PDE   div=5.392e-01  mom_x=9.581e-02  mom_y=1.730e-03  mom_z=4.500e-03  heat=3.329e-08  | total=6.413e-01
      w: div=9.629e-01  mom_x=9.593e-01  mom_y=9.590e-01  mom_z=9.592e-01  heat=9.591e-01
BC    inlet_vx=1.124e+00  inlet_vy=8.644e-01  inlet_vz=9.410e-01  inlet_T=4.498e-03  outlet_p=2.006e-02
      wall_vx=6.212e-01   wall_vy=2.342e-02   wall_vz=1.519e-03   wall_T=6.453e-03   wall_dp_dn=4.093e-04  | total=3.607e+00
      w: inlet_vx=1.014e+00  inlet_vy=9.773e-01  inlet_vz=9.918e-01  inlet_T=9.588e-01  outlet_p=9.589e-01
      w: wall_vx=1.008e+00   wall_vy=9.589e-01   wall_vz=9.591e-01   wall_T=9.589e-01   wall_dp_dn=9.590e-01
SUP   vx=0.000e+00  vy=0.000e+00  vz=0.000e+00  p=0.000e+00  T=0.000e+00  | total=0.000e+00
      w: vx=9.591e-01  vy=9.591e-01  vz=9.591e-01  p=9.591e-01  T=9.591e-01
MSE   vx=7.917e+02  vy=9.184e-03  vz=4.775e-03  p=3.888e-06  T=6.303e-03  | total=7.918e+02




[  410/10000]
PDE   div=5.579e-01  mom_x=9.981e-02  mom_y=1.709e-03  mom_z=4.738e-03  heat=3.447e-08  | total=6.641e-01
      w: div=9.628e-01  mom_x=9.592e-01  mom_y=9.589e-01  mom_z=9.591e-01  heat=9.590e-01
BC    inlet_vx=1.123e+00  inlet_vy=8.643e-01  inlet_vz=9.409e-01  inlet_T=4.515e-03  outlet_p=1.978e-02
      wall_vx=6.632e-01   wall_vy=2.493e-02   wall_vz=1.697e-03   wall_T=6.556e-03   wall_dp_dn=4.243e-04  | total=3.650e+00
      w: inlet_vx=1.014e+00  inlet_vy=9.772e-01  inlet_vz=9.917e-01  inlet_T=9.587e-01  outlet_p=9.588e-01
      w: wall_vx=1.008e+00   wall_vy=9.588e-01   wall_vz=9.590e-01   wall_T=9.588e-01   wall_dp_dn=9.589e-01
SUP   vx=0.000e+00  vy=0.000e+00  vz=0.000e+00  p=0.000e+00  T=0.000e+00  | total=0.000e+00
      w: vx=9.590e-01  vy=9.590e-01  vz=9.590e-01  p=9.590e-01  T=9.590e-01
MSE   vx=7.908e+02  vy=9.169e-03  vz=4.774e-03  p=3.896e-06  T=6.332e-03  | total=7.908e+02




[  411/10000]
PDE   div=5.464e-01  mom_x=9.174e-02  mom_y=1.670e-03  mom_z=4.177e-03  heat=3.318e-08  | total=6.439e-01
      w: div=9.627e-01  mom_x=9.591e-01  mom_y=9.588e-01  mom_z=9.590e-01  heat=9.589e-01
BC    inlet_vx=1.123e+00  inlet_vy=8.642e-01  inlet_vz=9.408e-01  inlet_T=4.533e-03  outlet_p=1.984e-02
      wall_vx=6.664e-01   wall_vy=2.422e-02   wall_vz=1.594e-03   wall_T=6.916e-03   wall_dp_dn=4.160e-04  | total=3.652e+00
      w: inlet_vx=1.014e+00  inlet_vy=9.771e-01  inlet_vz=9.916e-01  inlet_T=9.586e-01  outlet_p=9.587e-01
      w: wall_vx=1.008e+00   wall_vy=9.587e-01   wall_vz=9.589e-01   wall_T=9.587e-01   wall_dp_dn=9.588e-01
SUP   vx=0.000e+00  vy=0.000e+00  vz=0.000e+00  p=0.000e+00  T=0.000e+00  | total=0.000e+00
      w: vx=9.589e-01  vy=9.589e-01  vz=9.589e-01  p=9.589e-01  T=9.589e-01
MSE   vx=7.899e+02  vy=9.155e-03  vz=4.772e-03  p=3.903e-06  T=6.361e-03  | total=7.899e+02




[  412/10000]
PDE   div=5.539e-01  mom_x=1.009e-01  mom_y=1.733e-03  mom_z=4.530e-03  heat=3.772e-08  | total=6.610e-01
      w: div=9.627e-01  mom_x=9.590e-01  mom_y=9.587e-01  mom_z=9.589e-01  heat=9.588e-01
BC    inlet_vx=1.123e+00  inlet_vy=8.641e-01  inlet_vz=9.407e-01  inlet_T=4.552e-03  outlet_p=1.968e-02
      wall_vx=6.384e-01   wall_vy=2.354e-02   wall_vz=1.458e-03   wall_T=6.585e-03   wall_dp_dn=4.341e-04  | total=3.622e+00
      w: inlet_vx=1.014e+00  inlet_vy=9.770e-01  inlet_vz=9.915e-01  inlet_T=9.585e-01  outlet_p=9.586e-01
      w: wall_vx=1.008e+00   wall_vy=9.586e-01   wall_vz=9.588e-01   wall_T=9.586e-01   wall_dp_dn=9.587e-01
SUP   vx=0.000e+00  vy=0.000e+00  vz=0.000e+00  p=0.000e+00  T=0.000e+00  | total=0.000e+00
      w: vx=9.588e-01  vy=9.588e-01  vz=9.588e-01  p=9.588e-01  T=9.588e-01
MSE   vx=7.889e+02  vy=9.140e-03  vz=4.771e-03  p=3.911e-06  T=6.391e-03  | total=7.889e+02




[  413/10000]
PDE   div=5.663e-01  mom_x=1.007e-01  mom_y=1.756e-03  mom_z=4.541e-03  heat=3.480e-08  | total=6.734e-01
      w: div=9.626e-01  mom_x=9.589e-01  mom_y=9.586e-01  mom_z=9.588e-01  heat=9.587e-01
BC    inlet_vx=1.123e+00  inlet_vy=8.640e-01  inlet_vz=9.406e-01  inlet_T=4.573e-03  outlet_p=1.983e-02
      wall_vx=6.648e-01   wall_vy=2.351e-02   wall_vz=1.605e-03   wall_T=6.877e-03   wall_dp_dn=4.091e-04  | total=3.649e+00
      w: inlet_vx=1.014e+00  inlet_vy=9.769e-01  inlet_vz=9.914e-01  inlet_T=9.584e-01  outlet_p=9.585e-01
      w: wall_vx=1.008e+00   wall_vy=9.585e-01   wall_vz=9.587e-01   wall_T=9.585e-01   wall_dp_dn=9.586e-01
SUP   vx=0.000e+00  vy=0.000e+00  vz=0.000e+00  p=0.000e+00  T=0.000e+00  | total=0.000e+00
      w: vx=9.587e-01  vy=9.587e-01  vz=9.587e-01  p=9.587e-01  T=9.587e-01
MSE   vx=7.878e+02  vy=9.125e-03  vz=4.769e-03  p=3.918e-06  T=6.420e-03  | total=7.879e+02




[  414/10000]
PDE   div=5.401e-01  mom_x=9.708e-02  mom_y=1.731e-03  mom_z=4.223e-03  heat=3.363e-08  | total=6.431e-01
      w: div=9.625e-01  mom_x=9.589e-01  mom_y=9.585e-01  mom_z=9.587e-01  heat=9.586e-01
BC    inlet_vx=1.122e+00  inlet_vy=8.639e-01  inlet_vz=9.406e-01  inlet_T=4.594e-03  outlet_p=1.962e-02
      wall_vx=6.247e-01   wall_vy=2.456e-02   wall_vz=1.557e-03   wall_T=6.463e-03   wall_dp_dn=3.676e-04  | total=3.609e+00
      w: inlet_vx=1.015e+00  inlet_vy=9.768e-01  inlet_vz=9.913e-01  inlet_T=9.583e-01  outlet_p=9.584e-01
      w: wall_vx=1.008e+00   wall_vy=9.584e-01   wall_vz=9.586e-01   wall_T=9.584e-01   wall_dp_dn=9.585e-01
SUP   vx=0.000e+00  vy=0.000e+00  vz=0.000e+00  p=0.000e+00  T=0.000e+00  | total=0.000e+00
      w: vx=9.586e-01  vy=9.586e-01  vz=9.586e-01  p=9.586e-01  T=9.586e-01
MSE   vx=7.868e+02  vy=9.111e-03  vz=4.768e-03  p=3.925e-06  T=6.449e-03  | total=7.868e+02




[  415/10000]
PDE   div=5.495e-01  mom_x=9.607e-02  mom_y=1.766e-03  mom_z=4.089e-03  heat=3.322e-08  | total=6.514e-01
      w: div=9.624e-01  mom_x=9.588e-01  mom_y=9.584e-01  mom_z=9.586e-01  heat=9.585e-01
BC    inlet_vx=1.122e+00  inlet_vy=8.637e-01  inlet_vz=9.405e-01  inlet_T=4.616e-03  outlet_p=1.977e-02
      wall_vx=6.533e-01   wall_vy=2.524e-02   wall_vz=1.612e-03   wall_T=6.808e-03   wall_dp_dn=3.880e-04  | total=3.638e+00
      w: inlet_vx=1.015e+00  inlet_vy=9.767e-01  inlet_vz=9.911e-01  inlet_T=9.582e-01  outlet_p=9.583e-01
      w: wall_vx=1.008e+00   wall_vy=9.583e-01   wall_vz=9.585e-01   wall_T=9.583e-01   wall_dp_dn=9.584e-01
SUP   vx=0.000e+00  vy=0.000e+00  vz=0.000e+00  p=0.000e+00  T=0.000e+00  | total=0.000e+00
      w: vx=9.585e-01  vy=9.585e-01  vz=9.585e-01  p=9.585e-01  T=9.585e-01
MSE   vx=7.857e+02  vy=9.096e-03  vz=4.766e-03  p=3.932e-06  T=6.477e-03  | total=7.857e+02




[  416/10000]
PDE   div=5.478e-01  mom_x=9.921e-02  mom_y=1.735e-03  mom_z=4.166e-03  heat=3.467e-08  | total=6.529e-01
      w: div=9.623e-01  mom_x=9.587e-01  mom_y=9.583e-01  mom_z=9.585e-01  heat=9.584e-01
BC    inlet_vx=1.121e+00  inlet_vy=8.636e-01  inlet_vz=9.404e-01  inlet_T=4.639e-03  outlet_p=1.961e-02
      wall_vx=6.304e-01   wall_vy=2.479e-02   wall_vz=1.494e-03   wall_T=6.667e-03   wall_dp_dn=3.896e-04  | total=3.613e+00
      w: inlet_vx=1.015e+00  inlet_vy=9.766e-01  inlet_vz=9.910e-01  inlet_T=9.581e-01  outlet_p=9.582e-01
      w: wall_vx=1.008e+00   wall_vy=9.582e-01   wall_vz=9.584e-01   wall_T=9.582e-01   wall_dp_dn=9.583e-01
SUP   vx=0.000e+00  vy=0.000e+00  vz=0.000e+00  p=0.000e+00  T=0.000e+00  | total=0.000e+00
      w: vx=9.584e-01  vy=9.584e-01  vz=9.584e-01  p=9.584e-01  T=9.584e-01
MSE   vx=7.845e+02  vy=9.082e-03  vz=4.765e-03  p=3.940e-06  T=6.505e-03  | total=7.846e+02




[  417/10000]
PDE   div=5.562e-01  mom_x=1.028e-01  mom_y=1.776e-03  mom_z=4.087e-03  heat=3.687e-08  | total=6.648e-01
      w: div=9.622e-01  mom_x=9.586e-01  mom_y=9.582e-01  mom_z=9.584e-01  heat=9.583e-01
BC    inlet_vx=1.121e+00  inlet_vy=8.635e-01  inlet_vz=9.403e-01  inlet_T=4.663e-03  outlet_p=1.955e-02
      wall_vx=6.311e-01   wall_vy=2.421e-02   wall_vz=1.564e-03   wall_T=6.680e-03   wall_dp_dn=3.549e-04  | total=3.613e+00
      w: inlet_vx=1.015e+00  inlet_vy=9.765e-01  inlet_vz=9.909e-01  inlet_T=9.580e-01  outlet_p=9.581e-01
      w: wall_vx=1.008e+00   wall_vy=9.581e-01   wall_vz=9.583e-01   wall_T=9.581e-01   wall_dp_dn=9.582e-01
SUP   vx=0.000e+00  vy=0.000e+00  vz=0.000e+00  p=0.000e+00  T=0.000e+00  | total=0.000e+00
      w: vx=9.583e-01  vy=9.583e-01  vz=9.583e-01  p=9.583e-01  T=9.583e-01
MSE   vx=7.834e+02  vy=9.068e-03  vz=4.763e-03  p=3.947e-06  T=6.533e-03  | total=7.834e+02




[  418/10000]
PDE   div=5.375e-01  mom_x=9.665e-02  mom_y=1.691e-03  mom_z=3.861e-03  heat=3.667e-08  | total=6.397e-01
      w: div=9.621e-01  mom_x=9.585e-01  mom_y=9.581e-01  mom_z=9.583e-01  heat=9.582e-01
BC    inlet_vx=1.120e+00  inlet_vy=8.634e-01  inlet_vz=9.402e-01  inlet_T=4.687e-03  outlet_p=1.937e-02
      wall_vx=6.320e-01   wall_vy=2.477e-02   wall_vz=1.523e-03   wall_T=6.734e-03   wall_dp_dn=3.595e-04  | total=3.613e+00
      w: inlet_vx=1.015e+00  inlet_vy=9.764e-01  inlet_vz=9.908e-01  inlet_T=9.579e-01  outlet_p=9.580e-01
      w: wall_vx=1.008e+00   wall_vy=9.580e-01   wall_vz=9.582e-01   wall_T=9.580e-01   wall_dp_dn=9.581e-01
SUP   vx=0.000e+00  vy=0.000e+00  vz=0.000e+00  p=0.000e+00  T=0.000e+00  | total=0.000e+00
      w: vx=9.582e-01  vy=9.582e-01  vz=9.582e-01  p=9.582e-01  T=9.582e-01
MSE   vx=7.822e+02  vy=9.053e-03  vz=4.762e-03  p=3.954e-06  T=6.560e-03  | total=7.822e+02




[  419/10000]
PDE   div=5.590e-01  mom_x=1.022e-01  mom_y=1.776e-03  mom_z=3.861e-03  heat=3.768e-08  | total=6.669e-01
      w: div=9.620e-01  mom_x=9.584e-01  mom_y=9.580e-01  mom_z=9.582e-01  heat=9.581e-01
BC    inlet_vx=1.119e+00  inlet_vy=8.633e-01  inlet_vz=9.401e-01  inlet_T=4.711e-03  outlet_p=1.955e-02
      wall_vx=6.420e-01   wall_vy=2.518e-02   wall_vz=1.546e-03   wall_T=7.021e-03   wall_dp_dn=3.579e-04  | total=3.623e+00
      w: inlet_vx=1.015e+00  inlet_vy=9.763e-01  inlet_vz=9.907e-01  inlet_T=9.578e-01  outlet_p=9.579e-01
      w: wall_vx=1.008e+00   wall_vy=9.579e-01   wall_vz=9.581e-01   wall_T=9.579e-01   wall_dp_dn=9.580e-01
SUP   vx=0.000e+00  vy=0.000e+00  vz=0.000e+00  p=0.000e+00  T=0.000e+00  | total=0.000e+00
      w: vx=9.581e-01  vy=9.581e-01  vz=9.581e-01  p=9.581e-01  T=9.581e-01
MSE   vx=7.810e+02  vy=9.039e-03  vz=4.760e-03  p=3.961e-06  T=6.586e-03  | total=7.810e+02




[  420/10000]
PDE   div=5.442e-01  mom_x=1.010e-01  mom_y=1.725e-03  mom_z=3.798e-03  heat=3.600e-08  | total=6.507e-01
      w: div=9.620e-01  mom_x=9.583e-01  mom_y=9.579e-01  mom_z=9.581e-01  heat=9.580e-01
BC    inlet_vx=1.118e+00  inlet_vy=8.632e-01  inlet_vz=9.400e-01  inlet_T=4.734e-03  outlet_p=1.949e-02
      wall_vx=6.282e-01   wall_vy=2.607e-02   wall_vz=1.453e-03   wall_T=6.828e-03   wall_dp_dn=3.606e-04  | total=3.609e+00
      w: inlet_vx=1.015e+00  inlet_vy=9.763e-01  inlet_vz=9.906e-01  inlet_T=9.577e-01  outlet_p=9.578e-01
      w: wall_vx=1.008e+00   wall_vy=9.578e-01   wall_vz=9.580e-01   wall_T=9.578e-01   wall_dp_dn=9.579e-01
SUP   vx=0.000e+00  vy=0.000e+00  vz=0.000e+00  p=0.000e+00  T=0.000e+00  | total=0.000e+00
      w: vx=9.580e-01  vy=9.580e-01  vz=9.580e-01  p=9.580e-01  T=9.580e-01
MSE   vx=7.798e+02  vy=9.025e-03  vz=4.759e-03  p=3.967e-06  T=6.611e-03  | total=7.798e+02




[  421/10000]
PDE   div=5.559e-01  mom_x=1.023e-01  mom_y=1.765e-03  mom_z=3.683e-03  heat=3.786e-08  | total=6.636e-01
      w: div=9.619e-01  mom_x=9.582e-01  mom_y=9.578e-01  mom_z=9.580e-01  heat=9.579e-01
BC    inlet_vx=1.117e+00  inlet_vy=8.631e-01  inlet_vz=9.399e-01  inlet_T=4.757e-03  outlet_p=1.934e-02
      wall_vx=6.509e-01   wall_vy=2.558e-02   wall_vz=1.506e-03   wall_T=7.001e-03   wall_dp_dn=3.370e-04  | total=3.630e+00
      w: inlet_vx=1.015e+00  inlet_vy=9.762e-01  inlet_vz=9.905e-01  inlet_T=9.576e-01  outlet_p=9.577e-01
      w: wall_vx=1.008e+00   wall_vy=9.577e-01   wall_vz=9.579e-01   wall_T=9.577e-01   wall_dp_dn=9.578e-01
SUP   vx=0.000e+00  vy=0.000e+00  vz=0.000e+00  p=0.000e+00  T=0.000e+00  | total=0.000e+00
      w: vx=9.579e-01  vy=9.579e-01  vz=9.579e-01  p=9.579e-01  T=9.579e-01
MSE   vx=7.785e+02  vy=9.012e-03  vz=4.758e-03  p=3.974e-06  T=6.635e-03  | total=7.785e+02




[  422/10000]
PDE   div=5.501e-01  mom_x=1.018e-01  mom_y=1.721e-03  mom_z=3.547e-03  heat=3.836e-08  | total=6.571e-01
      w: div=9.618e-01  mom_x=9.581e-01  mom_y=9.577e-01  mom_z=9.579e-01  heat=9.578e-01
BC    inlet_vx=1.116e+00  inlet_vy=8.630e-01  inlet_vz=9.399e-01  inlet_T=4.780e-03  outlet_p=1.935e-02
      wall_vx=6.468e-01   wall_vy=2.383e-02   wall_vz=1.602e-03   wall_T=6.711e-03   wall_dp_dn=3.457e-04  | total=3.622e+00
      w: inlet_vx=1.015e+00  inlet_vy=9.761e-01  inlet_vz=9.904e-01  inlet_T=9.575e-01  outlet_p=9.576e-01
      w: wall_vx=1.008e+00   wall_vy=9.576e-01   wall_vz=9.578e-01   wall_T=9.576e-01   wall_dp_dn=9.577e-01
SUP   vx=0.000e+00  vy=0.000e+00  vz=0.000e+00  p=0.000e+00  T=0.000e+00  | total=0.000e+00
      w: vx=9.578e-01  vy=9.578e-01  vz=9.578e-01  p=9.578e-01  T=9.578e-01
MSE   vx=7.772e+02  vy=8.998e-03  vz=4.756e-03  p=3.981e-06  T=6.658e-03  | total=7.772e+02




[  423/10000]
PDE   div=5.505e-01  mom_x=1.005e-01  mom_y=1.710e-03  mom_z=3.426e-03  heat=3.785e-08  | total=6.561e-01
      w: div=9.617e-01  mom_x=9.580e-01  mom_y=9.576e-01  mom_z=9.578e-01  heat=9.577e-01
BC    inlet_vx=1.115e+00  inlet_vy=8.629e-01  inlet_vz=9.398e-01  inlet_T=4.801e-03  outlet_p=1.936e-02
      wall_vx=6.494e-01   wall_vy=2.513e-02   wall_vz=1.538e-03   wall_T=6.724e-03   wall_dp_dn=3.166e-04  | total=3.625e+00
      w: inlet_vx=1.015e+00  inlet_vy=9.760e-01  inlet_vz=9.903e-01  inlet_T=9.574e-01  outlet_p=9.575e-01
      w: wall_vx=1.008e+00   wall_vy=9.575e-01   wall_vz=9.577e-01   wall_T=9.575e-01   wall_dp_dn=9.576e-01
SUP   vx=0.000e+00  vy=0.000e+00  vz=0.000e+00  p=0.000e+00  T=0.000e+00  | total=0.000e+00
      w: vx=9.577e-01  vy=9.577e-01  vz=9.577e-01  p=9.577e-01  T=9.577e-01
MSE   vx=7.759e+02  vy=8.985e-03  vz=4.755e-03  p=3.988e-06  T=6.680e-03  | total=7.759e+02




[  424/10000]
PDE   div=5.388e-01  mom_x=9.676e-02  mom_y=1.730e-03  mom_z=3.095e-03  heat=3.613e-08  | total=6.404e-01
      w: div=9.616e-01  mom_x=9.579e-01  mom_y=9.575e-01  mom_z=9.577e-01  heat=9.576e-01
BC    inlet_vx=1.114e+00  inlet_vy=8.627e-01  inlet_vz=9.397e-01  inlet_T=4.821e-03  outlet_p=1.935e-02
      wall_vx=6.701e-01   wall_vy=2.654e-02   wall_vz=1.469e-03   wall_T=6.999e-03   wall_dp_dn=3.375e-04  | total=3.646e+00
      w: inlet_vx=1.015e+00  inlet_vy=9.759e-01  inlet_vz=9.901e-01  inlet_T=9.573e-01  outlet_p=9.574e-01
      w: wall_vx=1.008e+00   wall_vy=9.574e-01   wall_vz=9.576e-01   wall_T=9.574e-01   wall_dp_dn=9.575e-01
SUP   vx=0.000e+00  vy=0.000e+00  vz=0.000e+00  p=0.000e+00  T=0.000e+00  | total=0.000e+00
      w: vx=9.576e-01  vy=9.576e-01  vz=9.576e-01  p=9.576e-01  T=9.576e-01
MSE   vx=7.746e+02  vy=8.971e-03  vz=4.753e-03  p=3.994e-06  T=6.700e-03  | total=7.746e+02




[  425/10000]
PDE   div=5.544e-01  mom_x=1.029e-01  mom_y=1.743e-03  mom_z=3.110e-03  heat=4.070e-08  | total=6.622e-01
      w: div=9.615e-01  mom_x=9.578e-01  mom_y=9.574e-01  mom_z=9.576e-01  heat=9.575e-01
BC    inlet_vx=1.112e+00  inlet_vy=8.626e-01  inlet_vz=9.396e-01  inlet_T=4.840e-03  outlet_p=1.926e-02
      wall_vx=6.551e-01   wall_vy=2.429e-02   wall_vz=1.468e-03   wall_T=6.715e-03   wall_dp_dn=3.160e-04  | total=3.626e+00
      w: inlet_vx=1.015e+00  inlet_vy=9.758e-01  inlet_vz=9.900e-01  inlet_T=9.572e-01  outlet_p=9.573e-01
      w: wall_vx=1.008e+00   wall_vy=9.573e-01   wall_vz=9.575e-01   wall_T=9.573e-01   wall_dp_dn=9.574e-01
SUP   vx=0.000e+00  vy=0.000e+00  vz=0.000e+00  p=0.000e+00  T=0.000e+00  | total=0.000e+00
      w: vx=9.575e-01  vy=9.575e-01  vz=9.575e-01  p=9.575e-01  T=9.575e-01
MSE   vx=7.732e+02  vy=8.958e-03  vz=4.752e-03  p=4.001e-06  T=6.719e-03  | total=7.733e+02




[  426/10000]
PDE   div=5.394e-01  mom_x=9.764e-02  mom_y=1.701e-03  mom_z=2.944e-03  heat=3.642e-08  | total=6.417e-01
      w: div=9.614e-01  mom_x=9.577e-01  mom_y=9.573e-01  mom_z=9.575e-01  heat=9.574e-01
BC    inlet_vx=1.111e+00  inlet_vy=8.625e-01  inlet_vz=9.396e-01  inlet_T=4.857e-03  outlet_p=1.928e-02
      wall_vx=6.303e-01   wall_vy=2.532e-02   wall_vz=1.435e-03   wall_T=6.865e-03   wall_dp_dn=3.061e-04  | total=3.601e+00
      w: inlet_vx=1.015e+00  inlet_vy=9.757e-01  inlet_vz=9.899e-01  inlet_T=9.571e-01  outlet_p=9.572e-01
      w: wall_vx=1.008e+00   wall_vy=9.572e-01   wall_vz=9.574e-01   wall_T=9.572e-01   wall_dp_dn=9.573e-01
SUP   vx=0.000e+00  vy=0.000e+00  vz=0.000e+00  p=0.000e+00  T=0.000e+00  | total=0.000e+00
      w: vx=9.574e-01  vy=9.574e-01  vz=9.574e-01  p=9.574e-01  T=9.574e-01
MSE   vx=7.719e+02  vy=8.946e-03  vz=4.750e-03  p=4.007e-06  T=6.736e-03  | total=7.719e+02




[  427/10000]
PDE   div=5.498e-01  mom_x=1.025e-01  mom_y=1.744e-03  mom_z=2.943e-03  heat=4.057e-08  | total=6.570e-01
      w: div=9.613e-01  mom_x=9.576e-01  mom_y=9.572e-01  mom_z=9.574e-01  heat=9.573e-01
BC    inlet_vx=1.109e+00  inlet_vy=8.624e-01  inlet_vz=9.395e-01  inlet_T=4.874e-03  outlet_p=1.924e-02
      wall_vx=6.732e-01   wall_vy=2.646e-02   wall_vz=1.518e-03   wall_T=7.260e-03   wall_dp_dn=2.774e-04  | total=3.644e+00
      w: inlet_vx=1.015e+00  inlet_vy=9.756e-01  inlet_vz=9.898e-01  inlet_T=9.570e-01  outlet_p=9.571e-01
      w: wall_vx=1.008e+00   wall_vy=9.571e-01   wall_vz=9.573e-01   wall_T=9.571e-01   wall_dp_dn=9.572e-01
SUP   vx=0.000e+00  vy=0.000e+00  vz=0.000e+00  p=0.000e+00  T=0.000e+00  | total=0.000e+00
      w: vx=9.573e-01  vy=9.573e-01  vz=9.573e-01  p=9.573e-01  T=9.573e-01
MSE   vx=7.705e+02  vy=8.933e-03  vz=4.749e-03  p=4.014e-06  T=6.753e-03  | total=7.706e+02




[  428/10000]
PDE   div=5.534e-01  mom_x=1.019e-01  mom_y=1.729e-03  mom_z=2.761e-03  heat=3.946e-08  | total=6.597e-01
      w: div=9.613e-01  mom_x=9.575e-01  mom_y=9.571e-01  mom_z=9.573e-01  heat=9.572e-01
BC    inlet_vx=1.108e+00  inlet_vy=8.622e-01  inlet_vz=9.394e-01  inlet_T=4.888e-03  outlet_p=1.926e-02
      wall_vx=6.812e-01   wall_vy=2.521e-02   wall_vz=1.494e-03   wall_T=6.795e-03   wall_dp_dn=2.855e-04  | total=3.649e+00
      w: inlet_vx=1.015e+00  inlet_vy=9.755e-01  inlet_vz=9.897e-01  inlet_T=9.569e-01  outlet_p=9.570e-01
      w: wall_vx=1.008e+00   wall_vy=9.570e-01   wall_vz=9.572e-01   wall_T=9.570e-01   wall_dp_dn=9.571e-01
SUP   vx=0.000e+00  vy=0.000e+00  vz=0.000e+00  p=0.000e+00  T=0.000e+00  | total=0.000e+00
      w: vx=9.572e-01  vy=9.572e-01  vz=9.572e-01  p=9.572e-01  T=9.572e-01
MSE   vx=7.691e+02  vy=8.921e-03  vz=4.747e-03  p=4.020e-06  T=6.767e-03  | total=7.692e+02




[  429/10000]
PDE   div=5.309e-01  mom_x=9.604e-02  mom_y=1.683e-03  mom_z=2.548e-03  heat=3.668e-08  | total=6.311e-01
      w: div=9.612e-01  mom_x=9.574e-01  mom_y=9.570e-01  mom_z=9.572e-01  heat=9.571e-01
BC    inlet_vx=1.106e+00  inlet_vy=8.621e-01  inlet_vz=9.393e-01  inlet_T=4.901e-03  outlet_p=1.892e-02
      wall_vx=6.308e-01   wall_vy=2.517e-02   wall_vz=1.431e-03   wall_T=7.096e-03   wall_dp_dn=2.709e-04  | total=3.596e+00
      w: inlet_vx=1.015e+00  inlet_vy=9.754e-01  inlet_vz=9.896e-01  inlet_T=9.568e-01  outlet_p=9.569e-01
      w: wall_vx=1.008e+00   wall_vy=9.569e-01   wall_vz=9.571e-01   wall_T=9.569e-01   wall_dp_dn=9.570e-01
SUP   vx=0.000e+00  vy=0.000e+00  vz=0.000e+00  p=0.000e+00  T=0.000e+00  | total=0.000e+00
      w: vx=9.571e-01  vy=9.571e-01  vz=9.571e-01  p=9.571e-01  T=9.571e-01
MSE   vx=7.678e+02  vy=8.909e-03  vz=4.746e-03  p=4.027e-06  T=6.781e-03  | total=7.678e+02




[  430/10000]
PDE   div=5.406e-01  mom_x=9.948e-02  mom_y=1.699e-03  mom_z=2.567e-03  heat=3.827e-08  | total=6.443e-01
      w: div=9.611e-01  mom_x=9.573e-01  mom_y=9.569e-01  mom_z=9.571e-01  heat=9.570e-01
BC    inlet_vx=1.104e+00  inlet_vy=8.620e-01  inlet_vz=9.393e-01  inlet_T=4.911e-03  outlet_p=1.884e-02
      wall_vx=6.203e-01   wall_vy=2.735e-02   wall_vz=1.370e-03   wall_T=7.443e-03   wall_dp_dn=2.557e-04  | total=3.586e+00
      w: inlet_vx=1.015e+00  inlet_vy=9.753e-01  inlet_vz=9.895e-01  inlet_T=9.567e-01  outlet_p=9.568e-01
      w: wall_vx=1.007e+00   wall_vy=9.568e-01   wall_vz=9.570e-01   wall_T=9.568e-01   wall_dp_dn=9.569e-01
SUP   vx=0.000e+00  vy=0.000e+00  vz=0.000e+00  p=0.000e+00  T=0.000e+00  | total=0.000e+00
      w: vx=9.570e-01  vy=9.570e-01  vz=9.570e-01  p=9.570e-01  T=9.570e-01
MSE   vx=7.664e+02  vy=8.897e-03  vz=4.744e-03  p=4.033e-06  T=6.792e-03  | total=7.664e+02




[  431/10000]
PDE   div=5.341e-01  mom_x=9.779e-02  mom_y=1.743e-03  mom_z=2.352e-03  heat=3.961e-08  | total=6.360e-01
      w: div=9.610e-01  mom_x=9.572e-01  mom_y=9.568e-01  mom_z=9.570e-01  heat=9.569e-01
BC    inlet_vx=1.103e+00  inlet_vy=8.618e-01  inlet_vz=9.392e-01  inlet_T=4.920e-03  outlet_p=1.908e-02
      wall_vx=6.611e-01   wall_vy=2.594e-02   wall_vz=1.447e-03   wall_T=7.236e-03   wall_dp_dn=2.672e-04  | total=3.624e+00
      w: inlet_vx=1.015e+00  inlet_vy=9.752e-01  inlet_vz=9.894e-01  inlet_T=9.566e-01  outlet_p=9.567e-01
      w: wall_vx=1.007e+00   wall_vy=9.567e-01   wall_vz=9.569e-01   wall_T=9.567e-01   wall_dp_dn=9.568e-01
SUP   vx=0.000e+00  vy=0.000e+00  vz=0.000e+00  p=0.000e+00  T=0.000e+00  | total=0.000e+00
      w: vx=9.569e-01  vy=9.569e-01  vz=9.569e-01  p=9.569e-01  T=9.569e-01
MSE   vx=7.650e+02  vy=8.886e-03  vz=4.743e-03  p=4.039e-06  T=6.803e-03  | total=7.650e+02




[  432/10000]
PDE   div=5.566e-01  mom_x=1.029e-01  mom_y=1.714e-03  mom_z=2.386e-03  heat=4.025e-08  | total=6.636e-01
      w: div=9.609e-01  mom_x=9.571e-01  mom_y=9.567e-01  mom_z=9.569e-01  heat=9.568e-01
BC    inlet_vx=1.101e+00  inlet_vy=8.617e-01  inlet_vz=9.391e-01  inlet_T=4.927e-03  outlet_p=1.881e-02
      wall_vx=6.907e-01   wall_vy=2.528e-02   wall_vz=1.667e-03   wall_T=7.363e-03   wall_dp_dn=2.552e-04  | total=3.650e+00
      w: inlet_vx=1.015e+00  inlet_vy=9.751e-01  inlet_vz=9.892e-01  inlet_T=9.565e-01  outlet_p=9.566e-01
      w: wall_vx=1.007e+00   wall_vy=9.566e-01   wall_vz=9.568e-01   wall_T=9.566e-01   wall_dp_dn=9.567e-01
SUP   vx=0.000e+00  vy=0.000e+00  vz=0.000e+00  p=0.000e+00  T=0.000e+00  | total=0.000e+00
      w: vx=9.568e-01  vy=9.568e-01  vz=9.568e-01  p=9.568e-01  T=9.568e-01
MSE   vx=7.636e+02  vy=8.875e-03  vz=4.741e-03  p=4.046e-06  T=6.811e-03  | total=7.636e+02




[  433/10000]
PDE   div=5.281e-01  mom_x=9.577e-02  mom_y=1.659e-03  mom_z=2.252e-03  heat=3.581e-08  | total=6.278e-01
      w: div=9.608e-01  mom_x=9.570e-01  mom_y=9.566e-01  mom_z=9.568e-01  heat=9.567e-01
BC    inlet_vx=1.099e+00  inlet_vy=8.615e-01  inlet_vz=9.391e-01  inlet_T=4.931e-03  outlet_p=1.892e-02
      wall_vx=6.422e-01   wall_vy=2.771e-02   wall_vz=1.482e-03   wall_T=7.070e-03   wall_dp_dn=2.459e-04  | total=3.602e+00
      w: inlet_vx=1.015e+00  inlet_vy=9.750e-01  inlet_vz=9.891e-01  inlet_T=9.564e-01  outlet_p=9.565e-01
      w: wall_vx=1.007e+00   wall_vy=9.565e-01   wall_vz=9.567e-01   wall_T=9.565e-01   wall_dp_dn=9.566e-01
SUP   vx=0.000e+00  vy=0.000e+00  vz=0.000e+00  p=0.000e+00  T=0.000e+00  | total=0.000e+00
      w: vx=9.567e-01  vy=9.567e-01  vz=9.567e-01  p=9.567e-01  T=9.567e-01
MSE   vx=7.622e+02  vy=8.864e-03  vz=4.740e-03  p=4.052e-06  T=6.818e-03  | total=7.623e+02




[  434/10000]
PDE   div=5.320e-01  mom_x=9.567e-02  mom_y=1.655e-03  mom_z=2.159e-03  heat=3.728e-08  | total=6.314e-01
      w: div=9.607e-01  mom_x=9.569e-01  mom_y=9.565e-01  mom_z=9.567e-01  heat=9.566e-01
BC    inlet_vx=1.096e+00  inlet_vy=8.614e-01  inlet_vz=9.390e-01  inlet_T=4.933e-03  outlet_p=1.865e-02
      wall_vx=6.655e-01   wall_vy=2.662e-02   wall_vz=1.472e-03   wall_T=7.173e-03   wall_dp_dn=2.581e-04  | total=3.621e+00
      w: inlet_vx=1.015e+00  inlet_vy=9.749e-01  inlet_vz=9.890e-01  inlet_T=9.563e-01  outlet_p=9.564e-01
      w: wall_vx=1.007e+00   wall_vy=9.564e-01   wall_vz=9.566e-01   wall_T=9.564e-01   wall_dp_dn=9.565e-01
SUP   vx=0.000e+00  vy=0.000e+00  vz=0.000e+00  p=0.000e+00  T=0.000e+00  | total=0.000e+00
      w: vx=9.566e-01  vy=9.566e-01  vz=9.566e-01  p=9.566e-01  T=9.566e-01
MSE   vx=7.609e+02  vy=8.853e-03  vz=4.738e-03  p=4.058e-06  T=6.824e-03  | total=7.609e+02




[  435/10000]
PDE   div=5.421e-01  mom_x=1.002e-01  mom_y=1.693e-03  mom_z=2.171e-03  heat=3.794e-08  | total=6.462e-01
      w: div=9.607e-01  mom_x=9.568e-01  mom_y=9.564e-01  mom_z=9.566e-01  heat=9.565e-01
BC    inlet_vx=1.094e+00  inlet_vy=8.612e-01  inlet_vz=9.389e-01  inlet_T=4.933e-03  outlet_p=1.884e-02
      wall_vx=6.321e-01   wall_vy=2.514e-02   wall_vz=1.360e-03   wall_T=7.112e-03   wall_dp_dn=2.537e-04  | total=3.584e+00
      w: inlet_vx=1.016e+00  inlet_vy=9.748e-01  inlet_vz=9.889e-01  inlet_T=9.562e-01  outlet_p=9.563e-01
      w: wall_vx=1.007e+00   wall_vy=9.563e-01   wall_vz=9.565e-01   wall_T=9.563e-01   wall_dp_dn=9.564e-01
SUP   vx=0.000e+00  vy=0.000e+00  vz=0.000e+00  p=0.000e+00  T=0.000e+00  | total=0.000e+00
      w: vx=9.565e-01  vy=9.565e-01  vz=9.565e-01  p=9.565e-01  T=9.565e-01
MSE   vx=7.595e+02  vy=8.843e-03  vz=4.736e-03  p=4.064e-06  T=6.829e-03  | total=7.595e+02




[  436/10000]
PDE   div=5.379e-01  mom_x=1.009e-01  mom_y=1.709e-03  mom_z=2.075e-03  heat=4.001e-08  | total=6.425e-01
      w: div=9.606e-01  mom_x=9.567e-01  mom_y=9.563e-01  mom_z=9.565e-01  heat=9.564e-01
BC    inlet_vx=1.092e+00  inlet_vy=8.611e-01  inlet_vz=9.389e-01  inlet_T=4.930e-03  outlet_p=1.877e-02
      wall_vx=6.407e-01   wall_vy=2.538e-02   wall_vz=1.443e-03   wall_T=7.092e-03   wall_dp_dn=2.388e-04  | total=3.590e+00
      w: inlet_vx=1.016e+00  inlet_vy=9.747e-01  inlet_vz=9.888e-01  inlet_T=9.561e-01  outlet_p=9.562e-01
      w: wall_vx=1.007e+00   wall_vy=9.562e-01   wall_vz=9.564e-01   wall_T=9.562e-01   wall_dp_dn=9.563e-01
SUP   vx=0.000e+00  vy=0.000e+00  vz=0.000e+00  p=0.000e+00  T=0.000e+00  | total=0.000e+00
      w: vx=9.564e-01  vy=9.564e-01  vz=9.564e-01  p=9.564e-01  T=9.564e-01
MSE   vx=7.581e+02  vy=8.833e-03  vz=4.735e-03  p=4.070e-06  T=6.832e-03  | total=7.581e+02




[  437/10000]
PDE   div=5.468e-01  mom_x=9.969e-02  mom_y=1.706e-03  mom_z=2.062e-03  heat=3.868e-08  | total=6.503e-01
      w: div=9.605e-01  mom_x=9.566e-01  mom_y=9.562e-01  mom_z=9.564e-01  heat=9.563e-01
BC    inlet_vx=1.089e+00  inlet_vy=8.609e-01  inlet_vz=9.388e-01  inlet_T=4.925e-03  outlet_p=1.879e-02
      wall_vx=7.181e-01   wall_vy=2.599e-02   wall_vz=1.693e-03   wall_T=7.210e-03   wall_dp_dn=2.561e-04  | total=3.666e+00
      w: inlet_vx=1.016e+00  inlet_vy=9.746e-01  inlet_vz=9.887e-01  inlet_T=9.560e-01  outlet_p=9.561e-01
      w: wall_vx=1.007e+00   wall_vy=9.561e-01   wall_vz=9.563e-01   wall_T=9.561e-01   wall_dp_dn=9.562e-01
SUP   vx=0.000e+00  vy=0.000e+00  vz=0.000e+00  p=0.000e+00  T=0.000e+00  | total=0.000e+00
      w: vx=9.563e-01  vy=9.563e-01  vz=9.563e-01  p=9.563e-01  T=9.563e-01
MSE   vx=7.567e+02  vy=8.823e-03  vz=4.733e-03  p=4.077e-06  T=6.834e-03  | total=7.568e+02




[  438/10000]
PDE   div=5.463e-01  mom_x=1.005e-01  mom_y=1.695e-03  mom_z=1.957e-03  heat=3.956e-08  | total=6.505e-01
      w: div=9.604e-01  mom_x=9.565e-01  mom_y=9.561e-01  mom_z=9.563e-01  heat=9.562e-01
BC    inlet_vx=1.087e+00  inlet_vy=8.607e-01  inlet_vz=9.388e-01  inlet_T=4.916e-03  outlet_p=1.871e-02
      wall_vx=6.912e-01   wall_vy=2.791e-02   wall_vz=1.420e-03   wall_T=6.677e-03   wall_dp_dn=2.614e-04  | total=3.638e+00
      w: inlet_vx=1.016e+00  inlet_vy=9.745e-01  inlet_vz=9.886e-01  inlet_T=9.559e-01  outlet_p=9.560e-01
      w: wall_vx=1.007e+00   wall_vy=9.560e-01   wall_vz=9.562e-01   wall_T=9.560e-01   wall_dp_dn=9.561e-01
SUP   vx=0.000e+00  vy=0.000e+00  vz=0.000e+00  p=0.000e+00  T=0.000e+00  | total=0.000e+00
      w: vx=9.562e-01  vy=9.562e-01  vz=9.562e-01  p=9.562e-01  T=9.562e-01
MSE   vx=7.554e+02  vy=8.814e-03  vz=4.731e-03  p=4.083e-06  T=6.834e-03  | total=7.554e+02




[  439/10000]
PDE   div=5.427e-01  mom_x=9.947e-02  mom_y=1.647e-03  mom_z=1.965e-03  heat=3.809e-08  | total=6.458e-01
      w: div=9.603e-01  mom_x=9.564e-01  mom_y=9.560e-01  mom_z=9.562e-01  heat=9.561e-01
BC    inlet_vx=1.085e+00  inlet_vy=8.605e-01  inlet_vz=9.387e-01  inlet_T=4.905e-03  outlet_p=1.871e-02
      wall_vx=6.480e-01   wall_vy=2.631e-02   wall_vz=1.365e-03   wall_T=7.279e-03   wall_dp_dn=2.662e-04  | total=3.591e+00
      w: inlet_vx=1.016e+00  inlet_vy=9.744e-01  inlet_vz=9.885e-01  inlet_T=9.558e-01  outlet_p=9.559e-01
      w: wall_vx=1.007e+00   wall_vy=9.559e-01   wall_vz=9.561e-01   wall_T=9.559e-01   wall_dp_dn=9.560e-01
SUP   vx=0.000e+00  vy=0.000e+00  vz=0.000e+00  p=0.000e+00  T=0.000e+00  | total=0.000e+00
      w: vx=9.561e-01  vy=9.561e-01  vz=9.561e-01  p=9.561e-01  T=9.561e-01
MSE   vx=7.540e+02  vy=8.805e-03  vz=4.730e-03  p=4.089e-06  T=6.834e-03  | total=7.540e+02




[  440/10000]
PDE   div=5.441e-01  mom_x=1.028e-01  mom_y=1.632e-03  mom_z=2.002e-03  heat=3.956e-08  | total=6.505e-01
      w: div=9.602e-01  mom_x=9.563e-01  mom_y=9.559e-01  mom_z=9.561e-01  heat=9.560e-01
BC    inlet_vx=1.082e+00  inlet_vy=8.603e-01  inlet_vz=9.387e-01  inlet_T=4.892e-03  outlet_p=1.853e-02
      wall_vx=6.381e-01   wall_vy=2.504e-02   wall_vz=1.233e-03   wall_T=7.446e-03   wall_dp_dn=2.754e-04  | total=3.577e+00
      w: inlet_vx=1.016e+00  inlet_vy=9.743e-01  inlet_vz=9.883e-01  inlet_T=9.557e-01  outlet_p=9.558e-01
      w: wall_vx=1.007e+00   wall_vy=9.558e-01   wall_vz=9.560e-01   wall_T=9.558e-01   wall_dp_dn=9.559e-01
SUP   vx=0.000e+00  vy=0.000e+00  vz=0.000e+00  p=0.000e+00  T=0.000e+00  | total=0.000e+00
      w: vx=9.560e-01  vy=9.560e-01  vz=9.560e-01  p=9.560e-01  T=9.560e-01
MSE   vx=7.526e+02  vy=8.796e-03  vz=4.728e-03  p=4.095e-06  T=6.832e-03  | total=7.526e+02




[  441/10000]
PDE   div=5.495e-01  mom_x=1.041e-01  mom_y=1.663e-03  mom_z=2.003e-03  heat=3.985e-08  | total=6.572e-01
      w: div=9.601e-01  mom_x=9.562e-01  mom_y=9.558e-01  mom_z=9.560e-01  heat=9.559e-01
BC    inlet_vx=1.080e+00  inlet_vy=8.601e-01  inlet_vz=9.386e-01  inlet_T=4.878e-03  outlet_p=1.832e-02
      wall_vx=6.941e-01   wall_vy=2.769e-02   wall_vz=1.507e-03   wall_T=7.194e-03   wall_dp_dn=2.707e-04  | total=3.633e+00
      w: inlet_vx=1.016e+00  inlet_vy=9.742e-01  inlet_vz=9.882e-01  inlet_T=9.556e-01  outlet_p=9.557e-01
      w: wall_vx=1.007e+00   wall_vy=9.557e-01   wall_vz=9.559e-01   wall_T=9.557e-01   wall_dp_dn=9.558e-01
SUP   vx=0.000e+00  vy=0.000e+00  vz=0.000e+00  p=0.000e+00  T=0.000e+00  | total=0.000e+00
      w: vx=9.559e-01  vy=9.559e-01  vz=9.559e-01  p=9.559e-01  T=9.559e-01
MSE   vx=7.512e+02  vy=8.787e-03  vz=4.726e-03  p=4.101e-06  T=6.829e-03  | total=7.512e+02




[  442/10000]
PDE   div=5.429e-01  mom_x=1.018e-01  mom_y=1.592e-03  mom_z=1.993e-03  heat=4.119e-08  | total=6.482e-01
      w: div=9.601e-01  mom_x=9.561e-01  mom_y=9.557e-01  mom_z=9.559e-01  heat=9.558e-01
BC    inlet_vx=1.077e+00  inlet_vy=8.599e-01  inlet_vz=9.386e-01  inlet_T=4.860e-03  outlet_p=1.839e-02
      wall_vx=6.833e-01   wall_vy=2.673e-02   wall_vz=1.373e-03   wall_T=7.094e-03   wall_dp_dn=2.781e-04  | total=3.618e+00
      w: inlet_vx=1.016e+00  inlet_vy=9.741e-01  inlet_vz=9.881e-01  inlet_T=9.555e-01  outlet_p=9.556e-01
      w: wall_vx=1.007e+00   wall_vy=9.556e-01   wall_vz=9.558e-01   wall_T=9.556e-01   wall_dp_dn=9.557e-01
SUP   vx=0.000e+00  vy=0.000e+00  vz=0.000e+00  p=0.000e+00  T=0.000e+00  | total=0.000e+00
      w: vx=9.558e-01  vy=9.558e-01  vz=9.558e-01  p=9.558e-01  T=9.558e-01
MSE   vx=7.499e+02  vy=8.778e-03  vz=4.724e-03  p=4.107e-06  T=6.825e-03  | total=7.499e+02




[  443/10000]
PDE   div=5.399e-01  mom_x=9.840e-02  mom_y=1.562e-03  mom_z=2.029e-03  heat=3.749e-08  | total=6.419e-01
      w: div=9.600e-01  mom_x=9.560e-01  mom_y=9.556e-01  mom_z=9.558e-01  heat=9.557e-01
BC    inlet_vx=1.075e+00  inlet_vy=8.597e-01  inlet_vz=9.385e-01  inlet_T=4.841e-03  outlet_p=1.843e-02
      wall_vx=6.818e-01   wall_vy=2.799e-02   wall_vz=1.406e-03   wall_T=6.989e-03   wall_dp_dn=2.712e-04  | total=3.615e+00
      w: inlet_vx=1.016e+00  inlet_vy=9.740e-01  inlet_vz=9.880e-01  inlet_T=9.554e-01  outlet_p=9.555e-01
      w: wall_vx=1.007e+00   wall_vy=9.555e-01   wall_vz=9.557e-01   wall_T=9.555e-01   wall_dp_dn=9.556e-01
SUP   vx=0.000e+00  vy=0.000e+00  vz=0.000e+00  p=0.000e+00  T=0.000e+00  | total=0.000e+00
      w: vx=9.557e-01  vy=9.557e-01  vz=9.557e-01  p=9.557e-01  T=9.557e-01
MSE   vx=7.485e+02  vy=8.770e-03  vz=4.723e-03  p=4.114e-06  T=6.820e-03  | total=7.485e+02




[  444/10000]
PDE   div=5.516e-01  mom_x=1.032e-01  mom_y=1.597e-03  mom_z=2.077e-03  heat=3.778e-08  | total=6.584e-01
      w: div=9.599e-01  mom_x=9.559e-01  mom_y=9.555e-01  mom_z=9.557e-01  heat=9.556e-01
BC    inlet_vx=1.073e+00  inlet_vy=8.595e-01  inlet_vz=9.385e-01  inlet_T=4.820e-03  outlet_p=1.839e-02
      wall_vx=6.877e-01   wall_vy=2.704e-02   wall_vz=1.525e-03   wall_T=7.347e-03   wall_dp_dn=2.729e-04  | total=3.618e+00
      w: inlet_vx=1.016e+00  inlet_vy=9.739e-01  inlet_vz=9.879e-01  inlet_T=9.553e-01  outlet_p=9.554e-01
      w: wall_vx=1.007e+00   wall_vy=9.554e-01   wall_vz=9.556e-01   wall_T=9.554e-01   wall_dp_dn=9.555e-01
SUP   vx=0.000e+00  vy=0.000e+00  vz=0.000e+00  p=0.000e+00  T=0.000e+00  | total=0.000e+00
      w: vx=9.556e-01  vy=9.556e-01  vz=9.556e-01  p=9.556e-01  T=9.556e-01
MSE   vx=7.471e+02  vy=8.762e-03  vz=4.721e-03  p=4.120e-06  T=6.815e-03  | total=7.471e+02




[  445/10000]
PDE   div=5.472e-01  mom_x=1.050e-01  mom_y=1.642e-03  mom_z=2.067e-03  heat=3.871e-08  | total=6.560e-01
      w: div=9.598e-01  mom_x=9.558e-01  mom_y=9.554e-01  mom_z=9.556e-01  heat=9.555e-01
BC    inlet_vx=1.070e+00  inlet_vy=8.593e-01  inlet_vz=9.384e-01  inlet_T=4.796e-03  outlet_p=1.851e-02
      wall_vx=6.909e-01   wall_vy=2.693e-02   wall_vz=1.409e-03   wall_T=6.625e-03   wall_dp_dn=2.905e-04  | total=3.617e+00
      w: inlet_vx=1.016e+00  inlet_vy=9.738e-01  inlet_vz=9.878e-01  inlet_T=9.552e-01  outlet_p=9.553e-01
      w: wall_vx=1.007e+00   wall_vy=9.553e-01   wall_vz=9.555e-01   wall_T=9.553e-01   wall_dp_dn=9.554e-01
SUP   vx=0.000e+00  vy=0.000e+00  vz=0.000e+00  p=0.000e+00  T=0.000e+00  | total=0.000e+00
      w: vx=9.555e-01  vy=9.555e-01  vz=9.555e-01  p=9.555e-01  T=9.555e-01
MSE   vx=7.458e+02  vy=8.755e-03  vz=4.719e-03  p=4.126e-06  T=6.809e-03  | total=7.458e+02




[  446/10000]
PDE   div=5.434e-01  mom_x=1.027e-01  mom_y=1.640e-03  mom_z=2.054e-03  heat=3.960e-08  | total=6.499e-01
      w: div=9.597e-01  mom_x=9.557e-01  mom_y=9.553e-01  mom_z=9.555e-01  heat=9.554e-01
BC    inlet_vx=1.068e+00  inlet_vy=8.590e-01  inlet_vz=9.384e-01  inlet_T=4.770e-03  outlet_p=1.823e-02
      wall_vx=7.099e-01   wall_vy=2.769e-02   wall_vz=1.464e-03   wall_T=7.341e-03   wall_dp_dn=2.915e-04  | total=3.635e+00
      w: inlet_vx=1.016e+00  inlet_vy=9.737e-01  inlet_vz=9.877e-01  inlet_T=9.551e-01  outlet_p=9.552e-01
      w: wall_vx=1.007e+00   wall_vy=9.552e-01   wall_vz=9.554e-01   wall_T=9.552e-01   wall_dp_dn=9.553e-01
SUP   vx=0.000e+00  vy=0.000e+00  vz=0.000e+00  p=0.000e+00  T=0.000e+00  | total=0.000e+00
      w: vx=9.554e-01  vy=9.554e-01  vz=9.554e-01  p=9.554e-01  T=9.554e-01
MSE   vx=7.444e+02  vy=8.747e-03  vz=4.717e-03  p=4.132e-06  T=6.802e-03  | total=7.444e+02




[  447/10000]
PDE   div=5.519e-01  mom_x=1.072e-01  mom_y=1.600e-03  mom_z=2.174e-03  heat=4.163e-08  | total=6.628e-01
      w: div=9.596e-01  mom_x=9.556e-01  mom_y=9.552e-01  mom_z=9.554e-01  heat=9.553e-01
BC    inlet_vx=1.065e+00  inlet_vy=8.588e-01  inlet_vz=9.383e-01  inlet_T=4.743e-03  outlet_p=1.827e-02
      wall_vx=7.219e-01   wall_vy=2.821e-02   wall_vz=1.457e-03   wall_T=7.163e-03   wall_dp_dn=3.095e-04  | total=3.645e+00
      w: inlet_vx=1.016e+00  inlet_vy=9.736e-01  inlet_vz=9.875e-01  inlet_T=9.550e-01  outlet_p=9.551e-01
      w: wall_vx=1.007e+00   wall_vy=9.551e-01   wall_vz=9.553e-01   wall_T=9.551e-01   wall_dp_dn=9.552e-01
SUP   vx=0.000e+00  vy=0.000e+00  vz=0.000e+00  p=0.000e+00  T=0.000e+00  | total=0.000e+00
      w: vx=9.553e-01  vy=9.553e-01  vz=9.553e-01  p=9.553e-01  T=9.553e-01
MSE   vx=7.430e+02  vy=8.740e-03  vz=4.715e-03  p=4.139e-06  T=6.795e-03  | total=7.430e+02




[  448/10000]
PDE   div=5.516e-01  mom_x=1.088e-01  mom_y=1.610e-03  mom_z=2.183e-03  heat=4.105e-08  | total=6.642e-01
      w: div=9.595e-01  mom_x=9.555e-01  mom_y=9.551e-01  mom_z=9.553e-01  heat=9.552e-01
BC    inlet_vx=1.063e+00  inlet_vy=8.585e-01  inlet_vz=9.383e-01  inlet_T=4.714e-03  outlet_p=1.831e-02
      wall_vx=7.046e-01   wall_vy=2.851e-02   wall_vz=1.440e-03   wall_T=7.382e-03   wall_dp_dn=3.176e-04  | total=3.625e+00
      w: inlet_vx=1.016e+00  inlet_vy=9.735e-01  inlet_vz=9.874e-01  inlet_T=9.549e-01  outlet_p=9.550e-01
      w: wall_vx=1.007e+00   wall_vy=9.550e-01   wall_vz=9.552e-01   wall_T=9.550e-01   wall_dp_dn=9.551e-01
SUP   vx=0.000e+00  vy=0.000e+00  vz=0.000e+00  p=0.000e+00  T=0.000e+00  | total=0.000e+00
      w: vx=9.552e-01  vy=9.552e-01  vz=9.552e-01  p=9.552e-01  T=9.552e-01
MSE   vx=7.417e+02  vy=8.733e-03  vz=4.713e-03  p=4.145e-06  T=6.788e-03  | total=7.417e+02




[  449/10000]
PDE   div=5.525e-01  mom_x=1.035e-01  mom_y=1.606e-03  mom_z=2.191e-03  heat=4.170e-08  | total=6.598e-01
      w: div=9.595e-01  mom_x=9.554e-01  mom_y=9.550e-01  mom_z=9.552e-01  heat=9.551e-01
BC    inlet_vx=1.061e+00  inlet_vy=8.583e-01  inlet_vz=9.383e-01  inlet_T=4.684e-03  outlet_p=1.831e-02
      wall_vx=7.285e-01   wall_vy=2.747e-02   wall_vz=1.412e-03   wall_T=7.627e-03   wall_dp_dn=3.271e-04  | total=3.646e+00
      w: inlet_vx=1.016e+00  inlet_vy=9.734e-01  inlet_vz=9.873e-01  inlet_T=9.548e-01  outlet_p=9.549e-01
      w: wall_vx=1.007e+00   wall_vy=9.549e-01   wall_vz=9.551e-01   wall_T=9.549e-01   wall_dp_dn=9.550e-01
SUP   vx=0.000e+00  vy=0.000e+00  vz=0.000e+00  p=0.000e+00  T=0.000e+00  | total=0.000e+00
      w: vx=9.551e-01  vy=9.551e-01  vz=9.551e-01  p=9.551e-01  T=9.551e-01
MSE   vx=7.403e+02  vy=8.727e-03  vz=4.711e-03  p=4.151e-06  T=6.780e-03  | total=7.403e+02




[  450/10000]
PDE   div=5.471e-01  mom_x=1.074e-01  mom_y=1.606e-03  mom_z=2.204e-03  heat=4.283e-08  | total=6.584e-01
      w: div=9.594e-01  mom_x=9.553e-01  mom_y=9.549e-01  mom_z=9.551e-01  heat=9.550e-01
BC    inlet_vx=1.059e+00  inlet_vy=8.580e-01  inlet_vz=9.382e-01  inlet_T=4.652e-03  outlet_p=1.813e-02
      wall_vx=7.012e-01   wall_vy=2.875e-02   wall_vz=1.451e-03   wall_T=6.696e-03   wall_dp_dn=3.169e-04  | total=3.617e+00
      w: inlet_vx=1.016e+00  inlet_vy=9.733e-01  inlet_vz=9.872e-01  inlet_T=9.547e-01  outlet_p=9.548e-01
      w: wall_vx=1.007e+00   wall_vy=9.548e-01   wall_vz=9.550e-01   wall_T=9.548e-01   wall_dp_dn=9.549e-01
SUP   vx=0.000e+00  vy=0.000e+00  vz=0.000e+00  p=0.000e+00  T=0.000e+00  | total=0.000e+00
      w: vx=9.550e-01  vy=9.550e-01  vz=9.550e-01  p=9.550e-01  T=9.550e-01
MSE   vx=7.389e+02  vy=8.721e-03  vz=4.709e-03  p=4.158e-06  T=6.773e-03  | total=7.389e+02




[  451/10000]
PDE   div=5.446e-01  mom_x=1.039e-01  mom_y=1.583e-03  mom_z=2.273e-03  heat=3.924e-08  | total=6.523e-01
      w: div=9.593e-01  mom_x=9.552e-01  mom_y=9.548e-01  mom_z=9.550e-01  heat=9.549e-01
BC    inlet_vx=1.057e+00  inlet_vy=8.578e-01  inlet_vz=9.382e-01  inlet_T=4.620e-03  outlet_p=1.814e-02
      wall_vx=6.969e-01   wall_vy=2.803e-02   wall_vz=1.262e-03   wall_T=7.368e-03   wall_dp_dn=3.571e-04  | total=3.610e+00
      w: inlet_vx=1.016e+00  inlet_vy=9.732e-01  inlet_vz=9.871e-01  inlet_T=9.546e-01  outlet_p=9.547e-01
      w: wall_vx=1.007e+00   wall_vy=9.547e-01   wall_vz=9.549e-01   wall_T=9.547e-01   wall_dp_dn=9.548e-01
SUP   vx=0.000e+00  vy=0.000e+00  vz=0.000e+00  p=0.000e+00  T=0.000e+00  | total=0.000e+00
      w: vx=9.549e-01  vy=9.549e-01  vz=9.549e-01  p=9.549e-01  T=9.549e-01
MSE   vx=7.376e+02  vy=8.715e-03  vz=4.706e-03  p=4.164e-06  T=6.766e-03  | total=7.376e+02




[  452/10000]
PDE   div=5.520e-01  mom_x=1.056e-01  mom_y=1.560e-03  mom_z=2.341e-03  heat=3.943e-08  | total=6.615e-01
      w: div=9.592e-01  mom_x=9.551e-01  mom_y=9.547e-01  mom_z=9.549e-01  heat=9.548e-01
BC    inlet_vx=1.055e+00  inlet_vy=8.575e-01  inlet_vz=9.382e-01  inlet_T=4.588e-03  outlet_p=1.804e-02
      wall_vx=7.399e-01   wall_vy=2.953e-02   wall_vz=1.479e-03   wall_T=7.077e-03   wall_dp_dn=3.395e-04  | total=3.652e+00
      w: inlet_vx=1.016e+00  inlet_vy=9.731e-01  inlet_vz=9.870e-01  inlet_T=9.545e-01  outlet_p=9.546e-01
      w: wall_vx=1.007e+00   wall_vy=9.546e-01   wall_vz=9.548e-01   wall_T=9.546e-01   wall_dp_dn=9.547e-01
SUP   vx=0.000e+00  vy=0.000e+00  vz=0.000e+00  p=0.000e+00  T=0.000e+00  | total=0.000e+00
      w: vx=9.548e-01  vy=9.548e-01  vz=9.548e-01  p=9.548e-01  T=9.548e-01
MSE   vx=7.362e+02  vy=8.709e-03  vz=4.704e-03  p=4.171e-06  T=6.758e-03  | total=7.362e+02




[  453/10000]
PDE   div=5.380e-01  mom_x=1.031e-01  mom_y=1.525e-03  mom_z=2.391e-03  heat=4.056e-08  | total=6.450e-01
      w: div=9.591e-01  mom_x=9.550e-01  mom_y=9.546e-01  mom_z=9.548e-01  heat=9.547e-01
BC    inlet_vx=1.054e+00  inlet_vy=8.572e-01  inlet_vz=9.382e-01  inlet_T=4.555e-03  outlet_p=1.821e-02
      wall_vx=7.399e-01   wall_vy=2.990e-02   wall_vz=1.511e-03   wall_T=7.095e-03   wall_dp_dn=3.550e-04  | total=3.650e+00
      w: inlet_vx=1.016e+00  inlet_vy=9.731e-01  inlet_vz=9.869e-01  inlet_T=9.544e-01  outlet_p=9.545e-01
      w: wall_vx=1.007e+00   wall_vy=9.545e-01   wall_vz=9.547e-01   wall_T=9.545e-01   wall_dp_dn=9.546e-01
SUP   vx=0.000e+00  vy=0.000e+00  vz=0.000e+00  p=0.000e+00  T=0.000e+00  | total=0.000e+00
      w: vx=9.547e-01  vy=9.547e-01  vz=9.547e-01  p=9.547e-01  T=9.547e-01
MSE   vx=7.349e+02  vy=8.704e-03  vz=4.702e-03  p=4.177e-06  T=6.752e-03  | total=7.349e+02




[  454/10000]
PDE   div=5.530e-01  mom_x=1.085e-01  mom_y=1.540e-03  mom_z=2.387e-03  heat=4.025e-08  | total=6.655e-01
      w: div=9.590e-01  mom_x=9.549e-01  mom_y=9.545e-01  mom_z=9.546e-01  heat=9.546e-01
BC    inlet_vx=1.052e+00  inlet_vy=8.569e-01  inlet_vz=9.381e-01  inlet_T=4.521e-03  outlet_p=1.788e-02
      wall_vx=6.888e-01   wall_vy=2.951e-02   wall_vz=1.329e-03   wall_T=6.883e-03   wall_dp_dn=3.581e-04  | total=3.596e+00
      w: inlet_vx=1.016e+00  inlet_vy=9.730e-01  inlet_vz=9.867e-01  inlet_T=9.543e-01  outlet_p=9.544e-01
      w: wall_vx=1.006e+00   wall_vy=9.544e-01   wall_vz=9.546e-01   wall_T=9.544e-01   wall_dp_dn=9.545e-01
SUP   vx=0.000e+00  vy=0.000e+00  vz=0.000e+00  p=0.000e+00  T=0.000e+00  | total=0.000e+00
      w: vx=9.546e-01  vy=9.546e-01  vz=9.546e-01  p=9.546e-01  T=9.546e-01
MSE   vx=7.335e+02  vy=8.699e-03  vz=4.700e-03  p=4.184e-06  T=6.745e-03  | total=7.335e+02




[  455/10000]
PDE   div=5.466e-01  mom_x=1.055e-01  mom_y=1.538e-03  mom_z=2.444e-03  heat=3.920e-08  | total=6.561e-01
      w: div=9.589e-01  mom_x=9.548e-01  mom_y=9.544e-01  mom_z=9.545e-01  heat=9.545e-01
BC    inlet_vx=1.050e+00  inlet_vy=8.566e-01  inlet_vz=9.381e-01  inlet_T=4.488e-03  outlet_p=1.806e-02
      wall_vx=6.918e-01   wall_vy=2.851e-02   wall_vz=1.360e-03   wall_T=7.124e-03   wall_dp_dn=3.781e-04  | total=3.597e+00
      w: inlet_vx=1.017e+00  inlet_vy=9.729e-01  inlet_vz=9.866e-01  inlet_T=9.542e-01  outlet_p=9.543e-01
      w: wall_vx=1.006e+00   wall_vy=9.543e-01   wall_vz=9.545e-01   wall_T=9.543e-01   wall_dp_dn=9.544e-01
SUP   vx=0.000e+00  vy=0.000e+00  vz=0.000e+00  p=0.000e+00  T=0.000e+00  | total=0.000e+00
      w: vx=9.545e-01  vy=9.545e-01  vz=9.545e-01  p=9.545e-01  T=9.545e-01
MSE   vx=7.322e+02  vy=8.695e-03  vz=4.698e-03  p=4.191e-06  T=6.740e-03  | total=7.322e+02




[  456/10000]
PDE   div=5.381e-01  mom_x=1.018e-01  mom_y=1.507e-03  mom_z=2.554e-03  heat=3.744e-08  | total=6.440e-01
      w: div=9.589e-01  mom_x=9.547e-01  mom_y=9.543e-01  mom_z=9.544e-01  heat=9.544e-01
BC    inlet_vx=1.049e+00  inlet_vy=8.564e-01  inlet_vz=9.381e-01  inlet_T=4.455e-03  outlet_p=1.796e-02
      wall_vx=7.257e-01   wall_vy=2.983e-02   wall_vz=1.484e-03   wall_T=6.853e-03   wall_dp_dn=3.832e-04  | total=3.630e+00
      w: inlet_vx=1.017e+00  inlet_vy=9.728e-01  inlet_vz=9.865e-01  inlet_T=9.541e-01  outlet_p=9.542e-01
      w: wall_vx=1.006e+00   wall_vy=9.542e-01   wall_vz=9.544e-01   wall_T=9.542e-01   wall_dp_dn=9.543e-01
SUP   vx=0.000e+00  vy=0.000e+00  vz=0.000e+00  p=0.000e+00  T=0.000e+00  | total=0.000e+00
      w: vx=9.544e-01  vy=9.544e-01  vz=9.544e-01  p=9.544e-01  T=9.544e-01
MSE   vx=7.309e+02  vy=8.691e-03  vz=4.695e-03  p=4.197e-06  T=6.735e-03  | total=7.309e+02




[  457/10000]
PDE   div=5.426e-01  mom_x=1.101e-01  mom_y=1.560e-03  mom_z=2.569e-03  heat=4.329e-08  | total=6.568e-01
      w: div=9.588e-01  mom_x=9.546e-01  mom_y=9.542e-01  mom_z=9.543e-01  heat=9.543e-01
BC    inlet_vx=1.047e+00  inlet_vy=8.561e-01  inlet_vz=9.381e-01  inlet_T=4.421e-03  outlet_p=1.797e-02
      wall_vx=6.778e-01   wall_vy=2.815e-02   wall_vz=1.425e-03   wall_T=7.025e-03   wall_dp_dn=3.868e-04  | total=3.579e+00
      w: inlet_vx=1.017e+00  inlet_vy=9.727e-01  inlet_vz=9.864e-01  inlet_T=9.540e-01  outlet_p=9.541e-01
      w: wall_vx=1.006e+00   wall_vy=9.541e-01   wall_vz=9.543e-01   wall_T=9.541e-01   wall_dp_dn=9.542e-01
SUP   vx=0.000e+00  vy=0.000e+00  vz=0.000e+00  p=0.000e+00  T=0.000e+00  | total=0.000e+00
      w: vx=9.543e-01  vy=9.543e-01  vz=9.543e-01  p=9.543e-01  T=9.543e-01
MSE   vx=7.296e+02  vy=8.687e-03  vz=4.693e-03  p=4.204e-06  T=6.731e-03  | total=7.296e+02




[  458/10000]
PDE   div=5.402e-01  mom_x=1.076e-01  mom_y=1.508e-03  mom_z=2.633e-03  heat=4.170e-08  | total=6.519e-01
      w: div=9.587e-01  mom_x=9.545e-01  mom_y=9.541e-01  mom_z=9.542e-01  heat=9.542e-01
BC    inlet_vx=1.046e+00  inlet_vy=8.558e-01  inlet_vz=9.381e-01  inlet_T=4.389e-03  outlet_p=1.799e-02
      wall_vx=6.794e-01   wall_vy=2.926e-02   wall_vz=1.307e-03   wall_T=6.846e-03   wall_dp_dn=4.036e-04  | total=3.579e+00
      w: inlet_vx=1.017e+00  inlet_vy=9.726e-01  inlet_vz=9.863e-01  inlet_T=9.539e-01  outlet_p=9.540e-01
      w: wall_vx=1.006e+00   wall_vy=9.540e-01   wall_vz=9.542e-01   wall_T=9.540e-01   wall_dp_dn=9.541e-01
SUP   vx=0.000e+00  vy=0.000e+00  vz=0.000e+00  p=0.000e+00  T=0.000e+00  | total=0.000e+00
      w: vx=9.542e-01  vy=9.542e-01  vz=9.542e-01  p=9.542e-01  T=9.542e-01
MSE   vx=7.283e+02  vy=8.683e-03  vz=4.691e-03  p=4.211e-06  T=6.728e-03  | total=7.284e+02




[  459/10000]
PDE   div=5.289e-01  mom_x=1.048e-01  mom_y=1.478e-03  mom_z=2.693e-03  heat=4.108e-08  | total=6.378e-01
      w: div=9.586e-01  mom_x=9.544e-01  mom_y=9.540e-01  mom_z=9.541e-01  heat=9.541e-01
BC    inlet_vx=1.044e+00  inlet_vy=8.555e-01  inlet_vz=9.380e-01  inlet_T=4.357e-03  outlet_p=1.783e-02
      wall_vx=7.047e-01   wall_vy=2.915e-02   wall_vz=1.305e-03   wall_T=7.103e-03   wall_dp_dn=4.027e-04  | total=3.602e+00
      w: inlet_vx=1.017e+00  inlet_vy=9.725e-01  inlet_vz=9.862e-01  inlet_T=9.538e-01  outlet_p=9.539e-01
      w: wall_vx=1.006e+00   wall_vy=9.539e-01   wall_vz=9.541e-01   wall_T=9.539e-01   wall_dp_dn=9.540e-01
SUP   vx=0.000e+00  vy=0.000e+00  vz=0.000e+00  p=0.000e+00  T=0.000e+00  | total=0.000e+00
      w: vx=9.541e-01  vy=9.541e-01  vz=9.541e-01  p=9.541e-01  T=9.541e-01
MSE   vx=7.271e+02  vy=8.680e-03  vz=4.689e-03  p=4.218e-06  T=6.726e-03  | total=7.271e+02




[  460/10000]
PDE   div=5.344e-01  mom_x=1.093e-01  mom_y=1.472e-03  mom_z=2.685e-03  heat=4.165e-08  | total=6.478e-01
      w: div=9.585e-01  mom_x=9.543e-01  mom_y=9.539e-01  mom_z=9.540e-01  heat=9.540e-01
BC    inlet_vx=1.042e+00  inlet_vy=8.552e-01  inlet_vz=9.380e-01  inlet_T=4.326e-03  outlet_p=1.769e-02
      wall_vx=6.781e-01   wall_vy=2.769e-02   wall_vz=1.372e-03   wall_T=6.797e-03   wall_dp_dn=4.178e-04  | total=3.572e+00
      w: inlet_vx=1.017e+00  inlet_vy=9.724e-01  inlet_vz=9.861e-01  inlet_T=9.537e-01  outlet_p=9.538e-01
      w: wall_vx=1.006e+00   wall_vy=9.538e-01   wall_vz=9.540e-01   wall_T=9.538e-01   wall_dp_dn=9.539e-01
SUP   vx=0.000e+00  vy=0.000e+00  vz=0.000e+00  p=0.000e+00  T=0.000e+00  | total=0.000e+00
      w: vx=9.540e-01  vy=9.540e-01  vz=9.540e-01  p=9.540e-01  T=9.540e-01
MSE   vx=7.259e+02  vy=8.677e-03  vz=4.686e-03  p=4.224e-06  T=6.726e-03  | total=7.259e+02




[  461/10000]
PDE   div=5.514e-01  mom_x=1.062e-01  mom_y=1.426e-03  mom_z=2.685e-03  heat=3.879e-08  | total=6.618e-01
      w: div=9.584e-01  mom_x=9.542e-01  mom_y=9.538e-01  mom_z=9.539e-01  heat=9.539e-01
BC    inlet_vx=1.041e+00  inlet_vy=8.549e-01  inlet_vz=9.380e-01  inlet_T=4.296e-03  outlet_p=1.770e-02
      wall_vx=7.391e-01   wall_vy=2.896e-02   wall_vz=1.425e-03   wall_T=7.176e-03   wall_dp_dn=4.218e-04  | total=3.633e+00
      w: inlet_vx=1.017e+00  inlet_vy=9.723e-01  inlet_vz=9.859e-01  inlet_T=9.536e-01  outlet_p=9.537e-01
      w: wall_vx=1.006e+00   wall_vy=9.537e-01   wall_vz=9.539e-01   wall_T=9.537e-01   wall_dp_dn=9.538e-01
SUP   vx=0.000e+00  vy=0.000e+00  vz=0.000e+00  p=0.000e+00  T=0.000e+00  | total=0.000e+00
      w: vx=9.539e-01  vy=9.539e-01  vz=9.539e-01  p=9.539e-01  T=9.539e-01
MSE   vx=7.247e+02  vy=8.674e-03  vz=4.684e-03  p=4.231e-06  T=6.725e-03  | total=7.247e+02




[  462/10000]
PDE   div=5.312e-01  mom_x=1.055e-01  mom_y=1.422e-03  mom_z=2.819e-03  heat=4.028e-08  | total=6.410e-01
      w: div=9.583e-01  mom_x=9.541e-01  mom_y=9.537e-01  mom_z=9.538e-01  heat=9.538e-01
BC    inlet_vx=1.039e+00  inlet_vy=8.546e-01  inlet_vz=9.380e-01  inlet_T=4.266e-03  outlet_p=1.771e-02
      wall_vx=7.255e-01   wall_vy=2.873e-02   wall_vz=1.322e-03   wall_T=6.557e-03   wall_dp_dn=4.208e-04  | total=3.616e+00
      w: inlet_vx=1.017e+00  inlet_vy=9.722e-01  inlet_vz=9.858e-01  inlet_T=9.535e-01  outlet_p=9.536e-01
      w: wall_vx=1.006e+00   wall_vy=9.536e-01   wall_vz=9.538e-01   wall_T=9.536e-01   wall_dp_dn=9.537e-01
SUP   vx=0.000e+00  vy=0.000e+00  vz=0.000e+00  p=0.000e+00  T=0.000e+00  | total=0.000e+00
      w: vx=9.538e-01  vy=9.538e-01  vz=9.538e-01  p=9.538e-01  T=9.538e-01
MSE   vx=7.235e+02  vy=8.672e-03  vz=4.682e-03  p=4.238e-06  T=6.726e-03  | total=7.235e+02




[  463/10000]
PDE   div=5.257e-01  mom_x=1.022e-01  mom_y=1.416e-03  mom_z=2.892e-03  heat=3.748e-08  | total=6.322e-01
      w: div=9.583e-01  mom_x=9.540e-01  mom_y=9.536e-01  mom_z=9.537e-01  heat=9.537e-01
BC    inlet_vx=1.038e+00  inlet_vy=8.543e-01  inlet_vz=9.380e-01  inlet_T=4.238e-03  outlet_p=1.763e-02
      wall_vx=7.044e-01   wall_vy=2.984e-02   wall_vz=1.372e-03   wall_T=6.953e-03   wall_dp_dn=4.351e-04  | total=3.595e+00
      w: inlet_vx=1.017e+00  inlet_vy=9.721e-01  inlet_vz=9.857e-01  inlet_T=9.534e-01  outlet_p=9.535e-01
      w: wall_vx=1.006e+00   wall_vy=9.535e-01   wall_vz=9.537e-01   wall_T=9.535e-01   wall_dp_dn=9.536e-01
SUP   vx=0.000e+00  vy=0.000e+00  vz=0.000e+00  p=0.000e+00  T=0.000e+00  | total=0.000e+00
      w: vx=9.537e-01  vy=9.537e-01  vz=9.537e-01  p=9.537e-01  T=9.537e-01
MSE   vx=7.223e+02  vy=8.670e-03  vz=4.680e-03  p=4.245e-06  T=6.728e-03  | total=7.223e+02




[  464/10000]
PDE   div=5.324e-01  mom_x=1.036e-01  mom_y=1.399e-03  mom_z=2.875e-03  heat=3.751e-08  | total=6.403e-01
      w: div=9.582e-01  mom_x=9.539e-01  mom_y=9.535e-01  mom_z=9.536e-01  heat=9.536e-01
BC    inlet_vx=1.036e+00  inlet_vy=8.540e-01  inlet_vz=9.380e-01  inlet_T=4.211e-03  outlet_p=1.767e-02
      wall_vx=7.033e-01   wall_vy=2.976e-02   wall_vz=1.261e-03   wall_T=7.042e-03   wall_dp_dn=4.475e-04  | total=3.592e+00
      w: inlet_vx=1.017e+00  inlet_vy=9.720e-01  inlet_vz=9.856e-01  inlet_T=9.533e-01  outlet_p=9.534e-01
      w: wall_vx=1.006e+00   wall_vy=9.534e-01   wall_vz=9.536e-01   wall_T=9.534e-01   wall_dp_dn=9.535e-01
SUP   vx=0.000e+00  vy=0.000e+00  vz=0.000e+00  p=0.000e+00  T=0.000e+00  | total=0.000e+00
      w: vx=9.536e-01  vy=9.536e-01  vz=9.536e-01  p=9.536e-01  T=9.536e-01
MSE   vx=7.212e+02  vy=8.668e-03  vz=4.677e-03  p=4.252e-06  T=6.731e-03  | total=7.212e+02




[  465/10000]
PDE   div=5.263e-01  mom_x=1.006e-01  mom_y=1.371e-03  mom_z=3.017e-03  heat=3.696e-08  | total=6.313e-01
      w: div=9.581e-01  mom_x=9.538e-01  mom_y=9.534e-01  mom_z=9.535e-01  heat=9.535e-01
BC    inlet_vx=1.035e+00  inlet_vy=8.537e-01  inlet_vz=9.380e-01  inlet_T=4.186e-03  outlet_p=1.764e-02
      wall_vx=7.328e-01   wall_vy=3.024e-02   wall_vz=1.338e-03   wall_T=7.176e-03   wall_dp_dn=4.181e-04  | total=3.620e+00
      w: inlet_vx=1.017e+00  inlet_vy=9.719e-01  inlet_vz=9.855e-01  inlet_T=9.532e-01  outlet_p=9.533e-01
      w: wall_vx=1.006e+00   wall_vy=9.533e-01   wall_vz=9.535e-01   wall_T=9.533e-01   wall_dp_dn=9.534e-01
SUP   vx=0.000e+00  vy=0.000e+00  vz=0.000e+00  p=0.000e+00  T=0.000e+00  | total=0.000e+00
      w: vx=9.535e-01  vy=9.535e-01  vz=9.535e-01  p=9.535e-01  T=9.535e-01
MSE   vx=7.200e+02  vy=8.667e-03  vz=4.675e-03  p=4.259e-06  T=6.735e-03  | total=7.201e+02




[  466/10000]
PDE   div=5.211e-01  mom_x=1.021e-01  mom_y=1.378e-03  mom_z=2.888e-03  heat=3.787e-08  | total=6.275e-01
      w: div=9.580e-01  mom_x=9.537e-01  mom_y=9.533e-01  mom_z=9.534e-01  heat=9.534e-01
BC    inlet_vx=1.033e+00  inlet_vy=8.534e-01  inlet_vz=9.380e-01  inlet_T=4.162e-03  outlet_p=1.767e-02
      wall_vx=6.946e-01   wall_vy=2.929e-02   wall_vz=1.239e-03   wall_T=7.108e-03   wall_dp_dn=4.663e-04  | total=3.579e+00
      w: inlet_vx=1.017e+00  inlet_vy=9.718e-01  inlet_vz=9.854e-01  inlet_T=9.531e-01  outlet_p=9.531e-01
      w: wall_vx=1.006e+00   wall_vy=9.532e-01   wall_vz=9.534e-01   wall_T=9.532e-01   wall_dp_dn=9.533e-01
SUP   vx=0.000e+00  vy=0.000e+00  vz=0.000e+00  p=0.000e+00  T=0.000e+00  | total=0.000e+00
      w: vx=9.534e-01  vy=9.534e-01  vz=9.534e-01  p=9.534e-01  T=9.534e-01
MSE   vx=7.190e+02  vy=8.666e-03  vz=4.673e-03  p=4.266e-06  T=6.740e-03  | total=7.190e+02




[  467/10000]
PDE   div=5.292e-01  mom_x=1.043e-01  mom_y=1.393e-03  mom_z=2.937e-03  heat=3.840e-08  | total=6.378e-01
      w: div=9.579e-01  mom_x=9.536e-01  mom_y=9.532e-01  mom_z=9.533e-01  heat=9.533e-01
BC    inlet_vx=1.032e+00  inlet_vy=8.531e-01  inlet_vz=9.380e-01  inlet_T=4.141e-03  outlet_p=1.768e-02
      wall_vx=7.214e-01   wall_vy=2.999e-02   wall_vz=1.336e-03   wall_T=6.790e-03   wall_dp_dn=4.580e-04  | total=3.605e+00
      w: inlet_vx=1.017e+00  inlet_vy=9.717e-01  inlet_vz=9.853e-01  inlet_T=9.530e-01  outlet_p=9.530e-01
      w: wall_vx=1.006e+00   wall_vy=9.531e-01   wall_vz=9.533e-01   wall_T=9.531e-01   wall_dp_dn=9.532e-01
SUP   vx=0.000e+00  vy=0.000e+00  vz=0.000e+00  p=0.000e+00  T=0.000e+00  | total=0.000e+00
      w: vx=9.533e-01  vy=9.533e-01  vz=9.533e-01  p=9.533e-01  T=9.533e-01
MSE   vx=7.179e+02  vy=8.665e-03  vz=4.671e-03  p=4.274e-06  T=6.746e-03  | total=7.179e+02




[  468/10000]
PDE   div=5.466e-01  mom_x=1.084e-01  mom_y=1.367e-03  mom_z=2.954e-03  heat=3.942e-08  | total=6.594e-01
      w: div=9.578e-01  mom_x=9.535e-01  mom_y=9.531e-01  mom_z=9.532e-01  heat=9.532e-01
BC    inlet_vx=1.030e+00  inlet_vy=8.528e-01  inlet_vz=9.379e-01  inlet_T=4.120e-03  outlet_p=1.761e-02
      wall_vx=7.437e-01   wall_vy=2.943e-02   wall_vz=1.268e-03   wall_T=6.941e-03   wall_dp_dn=4.430e-04  | total=3.625e+00
      w: inlet_vx=1.017e+00  inlet_vy=9.716e-01  inlet_vz=9.851e-01  inlet_T=9.529e-01  outlet_p=9.529e-01
      w: wall_vx=1.006e+00   wall_vy=9.530e-01   wall_vz=9.532e-01   wall_T=9.530e-01   wall_dp_dn=9.531e-01
SUP   vx=0.000e+00  vy=0.000e+00  vz=0.000e+00  p=0.000e+00  T=0.000e+00  | total=0.000e+00
      w: vx=9.532e-01  vy=9.532e-01  vz=9.532e-01  p=9.532e-01  T=9.532e-01
MSE   vx=7.168e+02  vy=8.665e-03  vz=4.669e-03  p=4.281e-06  T=6.753e-03  | total=7.169e+02




[  469/10000]
PDE   div=5.214e-01  mom_x=1.034e-01  mom_y=1.310e-03  mom_z=2.958e-03  heat=3.446e-08  | total=6.291e-01
      w: div=9.577e-01  mom_x=9.534e-01  mom_y=9.530e-01  mom_z=9.531e-01  heat=9.531e-01
BC    inlet_vx=1.029e+00  inlet_vy=8.525e-01  inlet_vz=9.379e-01  inlet_T=4.101e-03  outlet_p=1.740e-02
      wall_vx=6.919e-01   wall_vy=3.111e-02   wall_vz=1.253e-03   wall_T=6.683e-03   wall_dp_dn=4.655e-04  | total=3.572e+00
      w: inlet_vx=1.017e+00  inlet_vy=9.715e-01  inlet_vz=9.850e-01  inlet_T=9.528e-01  outlet_p=9.528e-01
      w: wall_vx=1.006e+00   wall_vy=9.529e-01   wall_vz=9.531e-01   wall_T=9.529e-01   wall_dp_dn=9.530e-01
SUP   vx=0.000e+00  vy=0.000e+00  vz=0.000e+00  p=0.000e+00  T=0.000e+00  | total=0.000e+00
      w: vx=9.531e-01  vy=9.531e-01  vz=9.531e-01  p=9.531e-01  T=9.531e-01
MSE   vx=7.158e+02  vy=8.665e-03  vz=4.666e-03  p=4.288e-06  T=6.761e-03  | total=7.159e+02




[  470/10000]
PDE   div=5.325e-01  mom_x=1.061e-01  mom_y=1.341e-03  mom_z=2.964e-03  heat=3.927e-08  | total=6.430e-01
      w: div=9.577e-01  mom_x=9.533e-01  mom_y=9.529e-01  mom_z=9.530e-01  heat=9.530e-01
BC    inlet_vx=1.028e+00  inlet_vy=8.522e-01  inlet_vz=9.379e-01  inlet_T=4.083e-03  outlet_p=1.758e-02
      wall_vx=7.431e-01   wall_vy=3.212e-02   wall_vz=1.208e-03   wall_T=6.768e-03   wall_dp_dn=4.454e-04  | total=3.623e+00
      w: inlet_vx=1.017e+00  inlet_vy=9.714e-01  inlet_vz=9.849e-01  inlet_T=9.527e-01  outlet_p=9.527e-01
      w: wall_vx=1.006e+00   wall_vy=9.528e-01   wall_vz=9.530e-01   wall_T=9.528e-01   wall_dp_dn=9.529e-01
SUP   vx=0.000e+00  vy=0.000e+00  vz=0.000e+00  p=0.000e+00  T=0.000e+00  | total=0.000e+00
      w: vx=9.530e-01  vy=9.530e-01  vz=9.530e-01  p=9.530e-01  T=9.530e-01
MSE   vx=7.148e+02  vy=8.665e-03  vz=4.664e-03  p=4.295e-06  T=6.769e-03  | total=7.149e+02




[  471/10000]
PDE   div=5.467e-01  mom_x=1.109e-01  mom_y=1.351e-03  mom_z=2.893e-03  heat=3.839e-08  | total=6.618e-01
      w: div=9.576e-01  mom_x=9.532e-01  mom_y=9.528e-01  mom_z=9.529e-01  heat=9.529e-01
BC    inlet_vx=1.026e+00  inlet_vy=8.519e-01  inlet_vz=9.379e-01  inlet_T=4.067e-03  outlet_p=1.751e-02
      wall_vx=7.196e-01   wall_vy=2.939e-02   wall_vz=1.280e-03   wall_T=7.266e-03   wall_dp_dn=4.596e-04  | total=3.596e+00
      w: inlet_vx=1.017e+00  inlet_vy=9.713e-01  inlet_vz=9.848e-01  inlet_T=9.526e-01  outlet_p=9.526e-01
      w: wall_vx=1.006e+00   wall_vy=9.527e-01   wall_vz=9.529e-01   wall_T=9.527e-01   wall_dp_dn=9.528e-01
SUP   vx=0.000e+00  vy=0.000e+00  vz=0.000e+00  p=0.000e+00  T=0.000e+00  | total=0.000e+00
      w: vx=9.529e-01  vy=9.529e-01  vz=9.529e-01  p=9.529e-01  T=9.529e-01
MSE   vx=7.139e+02  vy=8.666e-03  vz=4.662e-03  p=4.303e-06  T=6.778e-03  | total=7.139e+02




[  472/10000]
PDE   div=5.299e-01  mom_x=1.041e-01  mom_y=1.308e-03  mom_z=2.918e-03  heat=3.583e-08  | total=6.382e-01
      w: div=9.575e-01  mom_x=9.531e-01  mom_y=9.527e-01  mom_z=9.528e-01  heat=9.528e-01
BC    inlet_vx=1.025e+00  inlet_vy=8.517e-01  inlet_vz=9.379e-01  inlet_T=4.051e-03  outlet_p=1.736e-02
      wall_vx=7.299e-01   wall_vy=3.101e-02   wall_vz=1.210e-03   wall_T=6.743e-03   wall_dp_dn=4.557e-04  | total=3.605e+00
      w: inlet_vx=1.017e+00  inlet_vy=9.712e-01  inlet_vz=9.847e-01  inlet_T=9.525e-01  outlet_p=9.525e-01
      w: wall_vx=1.006e+00   wall_vy=9.526e-01   wall_vz=9.528e-01   wall_T=9.526e-01   wall_dp_dn=9.527e-01
SUP   vx=0.000e+00  vy=0.000e+00  vz=0.000e+00  p=0.000e+00  T=0.000e+00  | total=0.000e+00
      w: vx=9.528e-01  vy=9.528e-01  vz=9.528e-01  p=9.528e-01  T=9.528e-01
MSE   vx=7.129e+02  vy=8.667e-03  vz=4.660e-03  p=4.310e-06  T=6.787e-03  | total=7.129e+02




[  473/10000]
PDE   div=5.283e-01  mom_x=1.023e-01  mom_y=1.264e-03  mom_z=2.895e-03  heat=3.430e-08  | total=6.347e-01
      w: div=9.574e-01  mom_x=9.530e-01  mom_y=9.526e-01  mom_z=9.527e-01  heat=9.527e-01
BC    inlet_vx=1.024e+00  inlet_vy=8.514e-01  inlet_vz=9.379e-01  inlet_T=4.037e-03  outlet_p=1.737e-02
      wall_vx=7.539e-01   wall_vy=3.041e-02   wall_vz=1.242e-03   wall_T=6.572e-03   wall_dp_dn=4.478e-04  | total=3.627e+00
      w: inlet_vx=1.017e+00  inlet_vy=9.711e-01  inlet_vz=9.846e-01  inlet_T=9.524e-01  outlet_p=9.524e-01
      w: wall_vx=1.006e+00   wall_vy=9.525e-01   wall_vz=9.527e-01   wall_T=9.525e-01   wall_dp_dn=9.526e-01
SUP   vx=0.000e+00  vy=0.000e+00  vz=0.000e+00  p=0.000e+00  T=0.000e+00  | total=0.000e+00
      w: vx=9.527e-01  vy=9.527e-01  vz=9.527e-01  p=9.527e-01  T=9.527e-01
MSE   vx=7.120e+02  vy=8.668e-03  vz=4.658e-03  p=4.318e-06  T=6.796e-03  | total=7.120e+02




[  474/10000]
PDE   div=5.257e-01  mom_x=1.023e-01  mom_y=1.240e-03  mom_z=2.817e-03  heat=3.737e-08  | total=6.320e-01
      w: div=9.573e-01  mom_x=9.529e-01  mom_y=9.525e-01  mom_z=9.526e-01  heat=9.526e-01
BC    inlet_vx=1.023e+00  inlet_vy=8.511e-01  inlet_vz=9.379e-01  inlet_T=4.024e-03  outlet_p=1.745e-02
      wall_vx=7.544e-01   wall_vy=3.098e-02   wall_vz=1.281e-03   wall_T=6.929e-03   wall_dp_dn=4.363e-04  | total=3.627e+00
      w: inlet_vx=1.017e+00  inlet_vy=9.710e-01  inlet_vz=9.844e-01  inlet_T=9.523e-01  outlet_p=9.523e-01
      w: wall_vx=1.006e+00   wall_vy=9.524e-01   wall_vz=9.526e-01   wall_T=9.524e-01   wall_dp_dn=9.525e-01
SUP   vx=0.000e+00  vy=0.000e+00  vz=0.000e+00  p=0.000e+00  T=0.000e+00  | total=0.000e+00
      w: vx=9.526e-01  vy=9.526e-01  vz=9.526e-01  p=9.526e-01  T=9.526e-01
MSE   vx=7.111e+02  vy=8.670e-03  vz=4.656e-03  p=4.326e-06  T=6.805e-03  | total=7.111e+02




[  475/10000]
PDE   div=5.242e-01  mom_x=1.044e-01  mom_y=1.288e-03  mom_z=2.907e-03  heat=3.586e-08  | total=6.328e-01
      w: div=9.572e-01  mom_x=9.528e-01  mom_y=9.524e-01  mom_z=9.525e-01  heat=9.525e-01
BC    inlet_vx=1.022e+00  inlet_vy=8.508e-01  inlet_vz=9.379e-01  inlet_T=4.012e-03  outlet_p=1.737e-02
      wall_vx=7.257e-01   wall_vy=3.007e-02   wall_vz=1.240e-03   wall_T=7.131e-03   wall_dp_dn=4.544e-04  | total=3.596e+00
      w: inlet_vx=1.017e+00  inlet_vy=9.709e-01  inlet_vz=9.843e-01  inlet_T=9.522e-01  outlet_p=9.522e-01
      w: wall_vx=1.006e+00   wall_vy=9.523e-01   wall_vz=9.525e-01   wall_T=9.523e-01   wall_dp_dn=9.524e-01
SUP   vx=0.000e+00  vy=0.000e+00  vz=0.000e+00  p=0.000e+00  T=0.000e+00  | total=0.000e+00
      w: vx=9.525e-01  vy=9.525e-01  vz=9.525e-01  p=9.525e-01  T=9.525e-01
MSE   vx=7.102e+02  vy=8.672e-03  vz=4.654e-03  p=4.333e-06  T=6.815e-03  | total=7.102e+02




[  476/10000]
PDE   div=5.224e-01  mom_x=1.017e-01  mom_y=1.221e-03  mom_z=2.806e-03  heat=3.531e-08  | total=6.281e-01
      w: div=9.571e-01  mom_x=9.527e-01  mom_y=9.523e-01  mom_z=9.524e-01  heat=9.524e-01
BC    inlet_vx=1.021e+00  inlet_vy=8.506e-01  inlet_vz=9.379e-01  inlet_T=4.001e-03  outlet_p=1.738e-02
      wall_vx=7.442e-01   wall_vy=3.198e-02   wall_vz=1.313e-03   wall_T=6.878e-03   wall_dp_dn=4.368e-04  | total=3.615e+00
      w: inlet_vx=1.018e+00  inlet_vy=9.708e-01  inlet_vz=9.842e-01  inlet_T=9.521e-01  outlet_p=9.521e-01
      w: wall_vx=1.005e+00   wall_vy=9.522e-01   wall_vz=9.524e-01   wall_T=9.522e-01   wall_dp_dn=9.523e-01
SUP   vx=0.000e+00  vy=0.000e+00  vz=0.000e+00  p=0.000e+00  T=0.000e+00  | total=0.000e+00
      w: vx=9.524e-01  vy=9.524e-01  vz=9.524e-01  p=9.524e-01  T=9.524e-01
MSE   vx=7.094e+02  vy=8.674e-03  vz=4.652e-03  p=4.341e-06  T=6.824e-03  | total=7.094e+02




[  477/10000]
PDE   div=5.335e-01  mom_x=1.117e-01  mom_y=1.273e-03  mom_z=2.702e-03  heat=3.842e-08  | total=6.492e-01
      w: div=9.571e-01  mom_x=9.526e-01  mom_y=9.522e-01  mom_z=9.523e-01  heat=9.523e-01
BC    inlet_vx=1.020e+00  inlet_vy=8.503e-01  inlet_vz=9.379e-01  inlet_T=3.990e-03  outlet_p=1.730e-02
      wall_vx=7.231e-01   wall_vy=3.128e-02   wall_vz=1.198e-03   wall_T=7.227e-03   wall_dp_dn=4.522e-04  | total=3.592e+00
      w: inlet_vx=1.018e+00  inlet_vy=9.707e-01  inlet_vz=9.841e-01  inlet_T=9.520e-01  outlet_p=9.520e-01
      w: wall_vx=1.005e+00   wall_vy=9.521e-01   wall_vz=9.523e-01   wall_T=9.521e-01   wall_dp_dn=9.522e-01
SUP   vx=0.000e+00  vy=0.000e+00  vz=0.000e+00  p=0.000e+00  T=0.000e+00  | total=0.000e+00
      w: vx=9.523e-01  vy=9.523e-01  vz=9.523e-01  p=9.523e-01  T=9.523e-01
MSE   vx=7.085e+02  vy=8.677e-03  vz=4.650e-03  p=4.349e-06  T=6.833e-03  | total=7.085e+02




[  478/10000]
PDE   div=5.419e-01  mom_x=1.083e-01  mom_y=1.242e-03  mom_z=2.726e-03  heat=3.490e-08  | total=6.542e-01
      w: div=9.570e-01  mom_x=9.525e-01  mom_y=9.521e-01  mom_z=9.522e-01  heat=9.522e-01
BC    inlet_vx=1.019e+00  inlet_vy=8.500e-01  inlet_vz=9.378e-01  inlet_T=3.980e-03  outlet_p=1.722e-02
      wall_vx=7.474e-01   wall_vy=3.073e-02   wall_vz=1.157e-03   wall_T=6.799e-03   wall_dp_dn=4.053e-04  | total=3.614e+00
      w: inlet_vx=1.018e+00  inlet_vy=9.706e-01  inlet_vz=9.840e-01  inlet_T=9.519e-01  outlet_p=9.519e-01
      w: wall_vx=1.005e+00   wall_vy=9.520e-01   wall_vz=9.522e-01   wall_T=9.520e-01   wall_dp_dn=9.521e-01
SUP   vx=0.000e+00  vy=0.000e+00  vz=0.000e+00  p=0.000e+00  T=0.000e+00  | total=0.000e+00
      w: vx=9.522e-01  vy=9.522e-01  vz=9.522e-01  p=9.522e-01  T=9.522e-01
MSE   vx=7.077e+02  vy=8.680e-03  vz=4.648e-03  p=4.356e-06  T=6.841e-03  | total=7.077e+02




[  479/10000]
PDE   div=5.305e-01  mom_x=1.052e-01  mom_y=1.211e-03  mom_z=2.777e-03  heat=3.554e-08  | total=6.397e-01
      w: div=9.569e-01  mom_x=9.524e-01  mom_y=9.520e-01  mom_z=9.521e-01  heat=9.521e-01
BC    inlet_vx=1.018e+00  inlet_vy=8.498e-01  inlet_vz=9.378e-01  inlet_T=3.971e-03  outlet_p=1.715e-02
      wall_vx=7.274e-01   wall_vy=3.096e-02   wall_vz=1.200e-03   wall_T=6.937e-03   wall_dp_dn=4.247e-04  | total=3.594e+00
      w: inlet_vx=1.018e+00  inlet_vy=9.705e-01  inlet_vz=9.839e-01  inlet_T=9.518e-01  outlet_p=9.518e-01
      w: wall_vx=1.005e+00   wall_vy=9.519e-01   wall_vz=9.521e-01   wall_T=9.519e-01   wall_dp_dn=9.520e-01
SUP   vx=0.000e+00  vy=0.000e+00  vz=0.000e+00  p=0.000e+00  T=0.000e+00  | total=0.000e+00
      w: vx=9.521e-01  vy=9.521e-01  vz=9.521e-01  p=9.521e-01  T=9.521e-01
MSE   vx=7.069e+02  vy=8.683e-03  vz=4.647e-03  p=4.364e-06  T=6.849e-03  | total=7.069e+02




[  480/10000]
PDE   div=5.269e-01  mom_x=1.064e-01  mom_y=1.211e-03  mom_z=2.676e-03  heat=3.730e-08  | total=6.372e-01
      w: div=9.568e-01  mom_x=9.523e-01  mom_y=9.519e-01  mom_z=9.520e-01  heat=9.520e-01
BC    inlet_vx=1.017e+00  inlet_vy=8.495e-01  inlet_vz=9.378e-01  inlet_T=3.962e-03  outlet_p=1.727e-02
      wall_vx=7.595e-01   wall_vy=3.205e-02   wall_vz=1.338e-03   wall_T=6.687e-03   wall_dp_dn=4.361e-04  | total=3.626e+00
      w: inlet_vx=1.018e+00  inlet_vy=9.704e-01  inlet_vz=9.838e-01  inlet_T=9.517e-01  outlet_p=9.517e-01
      w: wall_vx=1.005e+00   wall_vy=9.518e-01   wall_vz=9.520e-01   wall_T=9.518e-01   wall_dp_dn=9.519e-01
SUP   vx=0.000e+00  vy=0.000e+00  vz=0.000e+00  p=0.000e+00  T=0.000e+00  | total=0.000e+00
      w: vx=9.520e-01  vy=9.520e-01  vz=9.520e-01  p=9.520e-01  T=9.520e-01
MSE   vx=7.061e+02  vy=8.687e-03  vz=4.645e-03  p=4.372e-06  T=6.856e-03  | total=7.062e+02




[  481/10000]
PDE   div=5.229e-01  mom_x=1.078e-01  mom_y=1.224e-03  mom_z=2.628e-03  heat=3.831e-08  | total=6.346e-01
      w: div=9.567e-01  mom_x=9.522e-01  mom_y=9.518e-01  mom_z=9.519e-01  heat=9.519e-01
BC    inlet_vx=1.017e+00  inlet_vy=8.493e-01  inlet_vz=9.378e-01  inlet_T=3.953e-03  outlet_p=1.718e-02
      wall_vx=7.256e-01   wall_vy=3.053e-02   wall_vz=1.174e-03   wall_T=6.974e-03   wall_dp_dn=4.167e-04  | total=3.590e+00
      w: inlet_vx=1.018e+00  inlet_vy=9.703e-01  inlet_vz=9.836e-01  inlet_T=9.516e-01  outlet_p=9.516e-01
      w: wall_vx=1.005e+00   wall_vy=9.517e-01   wall_vz=9.519e-01   wall_T=9.517e-01   wall_dp_dn=9.518e-01
SUP   vx=0.000e+00  vy=0.000e+00  vz=0.000e+00  p=0.000e+00  T=0.000e+00  | total=0.000e+00
      w: vx=9.519e-01  vy=9.519e-01  vz=9.519e-01  p=9.519e-01  T=9.519e-01
MSE   vx=7.054e+02  vy=8.691e-03  vz=4.643e-03  p=4.380e-06  T=6.862e-03  | total=7.054e+02




[  482/10000]
PDE   div=5.533e-01  mom_x=1.133e-01  mom_y=1.212e-03  mom_z=2.471e-03  heat=3.612e-08  | total=6.703e-01
      w: div=9.566e-01  mom_x=9.521e-01  mom_y=9.517e-01  mom_z=9.518e-01  heat=9.518e-01
BC    inlet_vx=1.016e+00  inlet_vy=8.490e-01  inlet_vz=9.378e-01  inlet_T=3.944e-03  outlet_p=1.722e-02
      wall_vx=7.774e-01   wall_vy=3.347e-02   wall_vz=1.227e-03   wall_T=7.308e-03   wall_dp_dn=3.845e-04  | total=3.644e+00
      w: inlet_vx=1.018e+00  inlet_vy=9.702e-01  inlet_vz=9.835e-01  inlet_T=9.515e-01  outlet_p=9.515e-01
      w: wall_vx=1.005e+00   wall_vy=9.516e-01   wall_vz=9.518e-01   wall_T=9.516e-01   wall_dp_dn=9.517e-01
SUP   vx=0.000e+00  vy=0.000e+00  vz=0.000e+00  p=0.000e+00  T=0.000e+00  | total=0.000e+00
      w: vx=9.518e-01  vy=9.518e-01  vz=9.518e-01  p=9.518e-01  T=9.518e-01
MSE   vx=7.047e+02  vy=8.695e-03  vz=4.641e-03  p=4.388e-06  T=6.866e-03  | total=7.047e+02




[  483/10000]
PDE   div=5.294e-01  mom_x=1.085e-01  mom_y=1.177e-03  mom_z=2.416e-03  heat=3.687e-08  | total=6.415e-01
      w: div=9.565e-01  mom_x=9.520e-01  mom_y=9.516e-01  mom_z=9.517e-01  heat=9.517e-01
BC    inlet_vx=1.015e+00  inlet_vy=8.488e-01  inlet_vz=9.378e-01  inlet_T=3.935e-03  outlet_p=1.728e-02
      wall_vx=7.439e-01   wall_vy=3.354e-02   wall_vz=1.153e-03   wall_T=7.060e-03   wall_dp_dn=3.999e-04  | total=3.609e+00
      w: inlet_vx=1.018e+00  inlet_vy=9.701e-01  inlet_vz=9.834e-01  inlet_T=9.514e-01  outlet_p=9.514e-01
      w: wall_vx=1.005e+00   wall_vy=9.515e-01   wall_vz=9.517e-01   wall_T=9.515e-01   wall_dp_dn=9.516e-01
SUP   vx=0.000e+00  vy=0.000e+00  vz=0.000e+00  p=0.000e+00  T=0.000e+00  | total=0.000e+00
      w: vx=9.517e-01  vy=9.517e-01  vz=9.517e-01  p=9.517e-01  T=9.517e-01
MSE   vx=7.040e+02  vy=8.699e-03  vz=4.640e-03  p=4.396e-06  T=6.870e-03  | total=7.040e+02




[  484/10000]
PDE   div=5.351e-01  mom_x=1.092e-01  mom_y=1.168e-03  mom_z=2.397e-03  heat=3.693e-08  | total=6.479e-01
      w: div=9.565e-01  mom_x=9.520e-01  mom_y=9.515e-01  mom_z=9.516e-01  heat=9.516e-01
BC    inlet_vx=1.015e+00  inlet_vy=8.486e-01  inlet_vz=9.378e-01  inlet_T=3.926e-03  outlet_p=1.721e-02
      wall_vx=7.598e-01   wall_vy=3.204e-02   wall_vz=1.171e-03   wall_T=6.776e-03   wall_dp_dn=3.867e-04  | total=3.623e+00
      w: inlet_vx=1.018e+00  inlet_vy=9.700e-01  inlet_vz=9.833e-01  inlet_T=9.513e-01  outlet_p=9.513e-01
      w: wall_vx=1.005e+00   wall_vy=9.514e-01   wall_vz=9.516e-01   wall_T=9.514e-01   wall_dp_dn=9.515e-01
SUP   vx=0.000e+00  vy=0.000e+00  vz=0.000e+00  p=0.000e+00  T=0.000e+00  | total=0.000e+00
      w: vx=9.516e-01  vy=9.516e-01  vz=9.516e-01  p=9.516e-01  T=9.516e-01
MSE   vx=7.033e+02  vy=8.704e-03  vz=4.638e-03  p=4.405e-06  T=6.872e-03  | total=7.033e+02




[  485/10000]
PDE   div=5.366e-01  mom_x=1.091e-01  mom_y=1.175e-03  mom_z=2.386e-03  heat=3.566e-08  | total=6.493e-01
      w: div=9.564e-01  mom_x=9.519e-01  mom_y=9.514e-01  mom_z=9.515e-01  heat=9.515e-01
BC    inlet_vx=1.015e+00  inlet_vy=8.483e-01  inlet_vz=9.377e-01  inlet_T=3.916e-03  outlet_p=1.713e-02
      wall_vx=7.359e-01   wall_vy=3.174e-02   wall_vz=1.142e-03   wall_T=7.309e-03   wall_dp_dn=3.901e-04  | total=3.598e+00
      w: inlet_vx=1.018e+00  inlet_vy=9.699e-01  inlet_vz=9.832e-01  inlet_T=9.512e-01  outlet_p=9.512e-01
      w: wall_vx=1.005e+00   wall_vy=9.513e-01   wall_vz=9.515e-01   wall_T=9.513e-01   wall_dp_dn=9.514e-01
SUP   vx=0.000e+00  vy=0.000e+00  vz=0.000e+00  p=0.000e+00  T=0.000e+00  | total=0.000e+00
      w: vx=9.515e-01  vy=9.515e-01  vz=9.515e-01  p=9.515e-01  T=9.515e-01
MSE   vx=7.026e+02  vy=8.708e-03  vz=4.636e-03  p=4.413e-06  T=6.872e-03  | total=7.026e+02




[  486/10000]
PDE   div=5.272e-01  mom_x=1.056e-01  mom_y=1.124e-03  mom_z=2.355e-03  heat=3.549e-08  | total=6.363e-01
      w: div=9.563e-01  mom_x=9.518e-01  mom_y=9.513e-01  mom_z=9.514e-01  heat=9.514e-01
BC    inlet_vx=1.014e+00  inlet_vy=8.481e-01  inlet_vz=9.377e-01  inlet_T=3.907e-03  outlet_p=1.719e-02
      wall_vx=7.431e-01   wall_vy=3.120e-02   wall_vz=1.245e-03   wall_T=7.288e-03   wall_dp_dn=3.642e-04  | total=3.605e+00
      w: inlet_vx=1.018e+00  inlet_vy=9.698e-01  inlet_vz=9.831e-01  inlet_T=9.511e-01  outlet_p=9.511e-01
      w: wall_vx=1.005e+00   wall_vy=9.512e-01   wall_vz=9.514e-01   wall_T=9.512e-01   wall_dp_dn=9.513e-01
SUP   vx=0.000e+00  vy=0.000e+00  vz=0.000e+00  p=0.000e+00  T=0.000e+00  | total=0.000e+00
      w: vx=9.514e-01  vy=9.514e-01  vz=9.514e-01  p=9.514e-01  T=9.514e-01
MSE   vx=7.019e+02  vy=8.713e-03  vz=4.635e-03  p=4.421e-06  T=6.871e-03  | total=7.020e+02




[  487/10000]
PDE   div=5.187e-01  mom_x=1.027e-01  mom_y=1.119e-03  mom_z=2.219e-03  heat=3.696e-08  | total=6.247e-01
      w: div=9.562e-01  mom_x=9.517e-01  mom_y=9.512e-01  mom_z=9.513e-01  heat=9.513e-01
BC    inlet_vx=1.014e+00  inlet_vy=8.479e-01  inlet_vz=9.377e-01  inlet_T=3.897e-03  outlet_p=1.707e-02
      wall_vx=7.627e-01   wall_vy=3.168e-02   wall_vz=1.170e-03   wall_T=7.015e-03   wall_dp_dn=3.588e-04  | total=3.624e+00
      w: inlet_vx=1.018e+00  inlet_vy=9.697e-01  inlet_vz=9.829e-01  inlet_T=9.510e-01  outlet_p=9.510e-01
      w: wall_vx=1.005e+00   wall_vy=9.511e-01   wall_vz=9.513e-01   wall_T=9.511e-01   wall_dp_dn=9.512e-01
SUP   vx=0.000e+00  vy=0.000e+00  vz=0.000e+00  p=0.000e+00  T=0.000e+00  | total=0.000e+00
      w: vx=9.513e-01  vy=9.513e-01  vz=9.513e-01  p=9.513e-01  T=9.513e-01
MSE   vx=7.013e+02  vy=8.719e-03  vz=4.633e-03  p=4.429e-06  T=6.868e-03  | total=7.013e+02




[  488/10000]
PDE   div=5.260e-01  mom_x=1.055e-01  mom_y=1.111e-03  mom_z=2.170e-03  heat=3.726e-08  | total=6.348e-01
      w: div=9.561e-01  mom_x=9.516e-01  mom_y=9.511e-01  mom_z=9.512e-01  heat=9.512e-01
BC    inlet_vx=1.014e+00  inlet_vy=8.476e-01  inlet_vz=9.377e-01  inlet_T=3.887e-03  outlet_p=1.707e-02
      wall_vx=7.508e-01   wall_vy=3.228e-02   wall_vz=1.283e-03   wall_T=6.991e-03   wall_dp_dn=3.526e-04  | total=3.612e+00
      w: inlet_vx=1.018e+00  inlet_vy=9.696e-01  inlet_vz=9.828e-01  inlet_T=9.509e-01  outlet_p=9.509e-01
      w: wall_vx=1.005e+00   wall_vy=9.510e-01   wall_vz=9.512e-01   wall_T=9.510e-01   wall_dp_dn=9.511e-01
SUP   vx=0.000e+00  vy=0.000e+00  vz=0.000e+00  p=0.000e+00  T=0.000e+00  | total=0.000e+00
      w: vx=9.512e-01  vy=9.512e-01  vz=9.512e-01  p=9.512e-01  T=9.512e-01
MSE   vx=7.007e+02  vy=8.724e-03  vz=4.632e-03  p=4.438e-06  T=6.863e-03  | total=7.007e+02




[  489/10000]
PDE   div=5.296e-01  mom_x=1.050e-01  mom_y=1.091e-03  mom_z=2.156e-03  heat=3.639e-08  | total=6.379e-01
      w: div=9.560e-01  mom_x=9.515e-01  mom_y=9.510e-01  mom_z=9.511e-01  heat=9.511e-01
BC    inlet_vx=1.014e+00  inlet_vy=8.474e-01  inlet_vz=9.377e-01  inlet_T=3.876e-03  outlet_p=1.700e-02
      wall_vx=7.425e-01   wall_vy=3.015e-02   wall_vz=1.164e-03   wall_T=7.472e-03   wall_dp_dn=3.479e-04  | total=3.602e+00
      w: inlet_vx=1.018e+00  inlet_vy=9.695e-01  inlet_vz=9.827e-01  inlet_T=9.508e-01  outlet_p=9.508e-01
      w: wall_vx=1.005e+00   wall_vy=9.509e-01   wall_vz=9.511e-01   wall_T=9.509e-01   wall_dp_dn=9.510e-01
SUP   vx=0.000e+00  vy=0.000e+00  vz=0.000e+00  p=0.000e+00  T=0.000e+00  | total=0.000e+00
      w: vx=9.511e-01  vy=9.511e-01  vz=9.511e-01  p=9.511e-01  T=9.511e-01
MSE   vx=7.002e+02  vy=8.730e-03  vz=4.630e-03  p=4.446e-06  T=6.856e-03  | total=7.002e+02




[  490/10000]
PDE   div=5.220e-01  mom_x=1.037e-01  mom_y=1.065e-03  mom_z=2.089e-03  heat=3.450e-08  | total=6.289e-01
      w: div=9.559e-01  mom_x=9.514e-01  mom_y=9.509e-01  mom_z=9.510e-01  heat=9.510e-01
BC    inlet_vx=1.014e+00  inlet_vy=8.472e-01  inlet_vz=9.376e-01  inlet_T=3.866e-03  outlet_p=1.703e-02
      wall_vx=7.269e-01   wall_vy=3.140e-02   wall_vz=1.098e-03   wall_T=6.952e-03   wall_dp_dn=3.295e-04  | total=3.586e+00
      w: inlet_vx=1.018e+00  inlet_vy=9.694e-01  inlet_vz=9.826e-01  inlet_T=9.507e-01  outlet_p=9.507e-01
      w: wall_vx=1.005e+00   wall_vy=9.508e-01   wall_vz=9.510e-01   wall_T=9.508e-01   wall_dp_dn=9.509e-01
SUP   vx=0.000e+00  vy=0.000e+00  vz=0.000e+00  p=0.000e+00  T=0.000e+00  | total=0.000e+00
      w: vx=9.510e-01  vy=9.510e-01  vz=9.510e-01  p=9.510e-01  T=9.510e-01
MSE   vx=6.996e+02  vy=8.736e-03  vz=4.629e-03  p=4.455e-06  T=6.848e-03  | total=6.996e+02




[  491/10000]
PDE   div=5.149e-01  mom_x=1.024e-01  mom_y=1.064e-03  mom_z=2.063e-03  heat=3.454e-08  | total=6.204e-01
      w: div=9.559e-01  mom_x=9.513e-01  mom_y=9.508e-01  mom_z=9.509e-01  heat=9.509e-01
BC    inlet_vx=1.014e+00  inlet_vy=8.470e-01  inlet_vz=9.376e-01  inlet_T=3.855e-03  outlet_p=1.699e-02
      wall_vx=7.583e-01   wall_vy=3.225e-02   wall_vz=1.235e-03   wall_T=6.691e-03   wall_dp_dn=3.223e-04  | total=3.618e+00
      w: inlet_vx=1.018e+00  inlet_vy=9.693e-01  inlet_vz=9.825e-01  inlet_T=9.506e-01  outlet_p=9.506e-01
      w: wall_vx=1.005e+00   wall_vy=9.507e-01   wall_vz=9.509e-01   wall_T=9.507e-01   wall_dp_dn=9.508e-01
SUP   vx=0.000e+00  vy=0.000e+00  vz=0.000e+00  p=0.000e+00  T=0.000e+00  | total=0.000e+00
      w: vx=9.509e-01  vy=9.509e-01  vz=9.509e-01  p=9.509e-01  T=9.509e-01
MSE   vx=6.991e+02  vy=8.742e-03  vz=4.628e-03  p=4.463e-06  T=6.837e-03  | total=6.992e+02




[  492/10000]
PDE   div=5.266e-01  mom_x=1.047e-01  mom_y=1.068e-03  mom_z=2.047e-03  heat=3.485e-08  | total=6.344e-01
      w: div=9.558e-01  mom_x=9.512e-01  mom_y=9.507e-01  mom_z=9.508e-01  heat=9.508e-01
BC    inlet_vx=1.014e+00  inlet_vy=8.468e-01  inlet_vz=9.376e-01  inlet_T=3.844e-03  outlet_p=1.712e-02
      wall_vx=7.614e-01   wall_vy=3.314e-02   wall_vz=1.108e-03   wall_T=7.011e-03   wall_dp_dn=3.120e-04  | total=3.622e+00
      w: inlet_vx=1.018e+00  inlet_vy=9.692e-01  inlet_vz=9.824e-01  inlet_T=9.505e-01  outlet_p=9.505e-01
      w: wall_vx=1.005e+00   wall_vy=9.506e-01   wall_vz=9.508e-01   wall_T=9.506e-01   wall_dp_dn=9.507e-01
SUP   vx=0.000e+00  vy=0.000e+00  vz=0.000e+00  p=0.000e+00  T=0.000e+00  | total=0.000e+00
      w: vx=9.508e-01  vy=9.508e-01  vz=9.508e-01  p=9.508e-01  T=9.508e-01
MSE   vx=6.987e+02  vy=8.748e-03  vz=4.626e-03  p=4.472e-06  T=6.825e-03  | total=6.987e+02




[  493/10000]
PDE   div=5.343e-01  mom_x=1.095e-01  mom_y=1.077e-03  mom_z=1.954e-03  heat=3.652e-08  | total=6.469e-01
      w: div=9.557e-01  mom_x=9.511e-01  mom_y=9.506e-01  mom_z=9.507e-01  heat=9.507e-01
BC    inlet_vx=1.014e+00  inlet_vy=8.466e-01  inlet_vz=9.375e-01  inlet_T=3.833e-03  outlet_p=1.707e-02
      wall_vx=7.872e-01   wall_vy=3.128e-02   wall_vz=1.285e-03   wall_T=7.001e-03   wall_dp_dn=3.115e-04  | total=3.646e+00
      w: inlet_vx=1.018e+00  inlet_vy=9.691e-01  inlet_vz=9.822e-01  inlet_T=9.504e-01  outlet_p=9.504e-01
      w: wall_vx=1.005e+00   wall_vy=9.505e-01   wall_vz=9.507e-01   wall_T=9.505e-01   wall_dp_dn=9.506e-01
SUP   vx=0.000e+00  vy=0.000e+00  vz=0.000e+00  p=0.000e+00  T=0.000e+00  | total=0.000e+00
      w: vx=9.507e-01  vy=9.507e-01  vz=9.507e-01  p=9.507e-01  T=9.507e-01
MSE   vx=6.982e+02  vy=8.755e-03  vz=4.625e-03  p=4.480e-06  T=6.810e-03  | total=6.982e+02




[  494/10000]
PDE   div=5.190e-01  mom_x=1.054e-01  mom_y=1.033e-03  mom_z=1.941e-03  heat=3.426e-08  | total=6.273e-01
      w: div=9.556e-01  mom_x=9.510e-01  mom_y=9.505e-01  mom_z=9.506e-01  heat=9.506e-01
BC    inlet_vx=1.014e+00  inlet_vy=8.464e-01  inlet_vz=9.375e-01  inlet_T=3.822e-03  outlet_p=1.709e-02
      wall_vx=7.432e-01   wall_vy=3.375e-02   wall_vz=1.079e-03   wall_T=7.176e-03   wall_dp_dn=2.941e-04  | total=3.604e+00
      w: inlet_vx=1.018e+00  inlet_vy=9.690e-01  inlet_vz=9.821e-01  inlet_T=9.503e-01  outlet_p=9.503e-01
      w: wall_vx=1.005e+00   wall_vy=9.504e-01   wall_vz=9.506e-01   wall_T=9.503e-01   wall_dp_dn=9.505e-01
SUP   vx=0.000e+00  vy=0.000e+00  vz=0.000e+00  p=0.000e+00  T=0.000e+00  | total=0.000e+00
      w: vx=9.506e-01  vy=9.506e-01  vz=9.506e-01  p=9.506e-01  T=9.506e-01
MSE   vx=6.978e+02  vy=8.762e-03  vz=4.624e-03  p=4.489e-06  T=6.793e-03  | total=6.978e+02




[  495/10000]
PDE   div=5.239e-01  mom_x=1.065e-01  mom_y=1.032e-03  mom_z=1.833e-03  heat=3.540e-08  | total=6.333e-01
      w: div=9.555e-01  mom_x=9.509e-01  mom_y=9.504e-01  mom_z=9.505e-01  heat=9.505e-01
BC    inlet_vx=1.014e+00  inlet_vy=8.461e-01  inlet_vz=9.375e-01  inlet_T=3.811e-03  outlet_p=1.694e-02
      wall_vx=7.295e-01   wall_vy=3.123e-02   wall_vz=1.193e-03   wall_T=6.785e-03   wall_dp_dn=3.078e-04  | total=3.588e+00
      w: inlet_vx=1.018e+00  inlet_vy=9.689e-01  inlet_vz=9.820e-01  inlet_T=9.502e-01  outlet_p=9.502e-01
      w: wall_vx=1.005e+00   wall_vy=9.503e-01   wall_vz=9.505e-01   wall_T=9.502e-01   wall_dp_dn=9.504e-01
SUP   vx=0.000e+00  vy=0.000e+00  vz=0.000e+00  p=0.000e+00  T=0.000e+00  | total=0.000e+00
      w: vx=9.505e-01  vy=9.505e-01  vz=9.505e-01  p=9.505e-01  T=9.505e-01
MSE   vx=6.974e+02  vy=8.768e-03  vz=4.623e-03  p=4.497e-06  T=6.774e-03  | total=6.974e+02




[  496/10000]
PDE   div=5.203e-01  mom_x=1.030e-01  mom_y=1.019e-03  mom_z=1.755e-03  heat=3.314e-08  | total=6.261e-01
      w: div=9.554e-01  mom_x=9.508e-01  mom_y=9.503e-01  mom_z=9.504e-01  heat=9.504e-01
BC    inlet_vx=1.014e+00  inlet_vy=8.459e-01  inlet_vz=9.375e-01  inlet_T=3.800e-03  outlet_p=1.680e-02
      wall_vx=7.633e-01   wall_vy=3.506e-02   wall_vz=1.166e-03   wall_T=7.221e-03   wall_dp_dn=3.055e-04  | total=3.625e+00
      w: inlet_vx=1.018e+00  inlet_vy=9.688e-01  inlet_vz=9.819e-01  inlet_T=9.501e-01  outlet_p=9.501e-01
      w: wall_vx=1.005e+00   wall_vy=9.502e-01   wall_vz=9.504e-01   wall_T=9.501e-01   wall_dp_dn=9.503e-01
SUP   vx=0.000e+00  vy=0.000e+00  vz=0.000e+00  p=0.000e+00  T=0.000e+00  | total=0.000e+00
      w: vx=9.504e-01  vy=9.504e-01  vz=9.504e-01  p=9.504e-01  T=9.504e-01
MSE   vx=6.970e+02  vy=8.775e-03  vz=4.622e-03  p=4.506e-06  T=6.752e-03  | total=6.970e+02




[  497/10000]
PDE   div=5.121e-01  mom_x=1.008e-01  mom_y=9.821e-04  mom_z=1.803e-03  heat=3.450e-08  | total=6.156e-01
      w: div=9.553e-01  mom_x=9.507e-01  mom_y=9.502e-01  mom_z=9.503e-01  heat=9.503e-01
BC    inlet_vx=1.015e+00  inlet_vy=8.457e-01  inlet_vz=9.374e-01  inlet_T=3.789e-03  outlet_p=1.683e-02
      wall_vx=7.401e-01   wall_vy=3.234e-02   wall_vz=1.097e-03   wall_T=7.099e-03   wall_dp_dn=2.799e-04  | total=3.599e+00
      w: inlet_vx=1.018e+00  inlet_vy=9.687e-01  inlet_vz=9.818e-01  inlet_T=9.500e-01  outlet_p=9.500e-01
      w: wall_vx=1.004e+00   wall_vy=9.501e-01   wall_vz=9.503e-01   wall_T=9.500e-01   wall_dp_dn=9.502e-01
SUP   vx=0.000e+00  vy=0.000e+00  vz=0.000e+00  p=0.000e+00  T=0.000e+00  | total=0.000e+00
      w: vx=9.503e-01  vy=9.503e-01  vz=9.503e-01  p=9.503e-01  T=9.503e-01
MSE   vx=6.967e+02  vy=8.782e-03  vz=4.620e-03  p=4.515e-06  T=6.729e-03  | total=6.967e+02




[  498/10000]
PDE   div=5.121e-01  mom_x=1.001e-01  mom_y=9.620e-04  mom_z=1.747e-03  heat=3.273e-08  | total=6.150e-01
      w: div=9.553e-01  mom_x=9.506e-01  mom_y=9.501e-01  mom_z=9.502e-01  heat=9.502e-01
BC    inlet_vx=1.015e+00  inlet_vy=8.455e-01  inlet_vz=9.374e-01  inlet_T=3.780e-03  outlet_p=1.697e-02
      wall_vx=7.354e-01   wall_vy=3.399e-02   wall_vz=1.016e-03   wall_T=7.026e-03   wall_dp_dn=2.838e-04  | total=3.596e+00
      w: inlet_vx=1.018e+00  inlet_vy=9.686e-01  inlet_vz=9.817e-01  inlet_T=9.499e-01  outlet_p=9.499e-01
      w: wall_vx=1.004e+00   wall_vy=9.500e-01   wall_vz=9.502e-01   wall_T=9.499e-01   wall_dp_dn=9.501e-01
SUP   vx=0.000e+00  vy=0.000e+00  vz=0.000e+00  p=0.000e+00  T=0.000e+00  | total=0.000e+00
      w: vx=9.502e-01  vy=9.502e-01  vz=9.502e-01  p=9.502e-01  T=9.502e-01
MSE   vx=6.964e+02  vy=8.789e-03  vz=4.619e-03  p=4.523e-06  T=6.704e-03  | total=6.964e+02




[  499/10000]
PDE   div=5.187e-01  mom_x=1.002e-01  mom_y=9.572e-04  mom_z=1.784e-03  heat=3.281e-08  | total=6.216e-01
      w: div=9.552e-01  mom_x=9.505e-01  mom_y=9.500e-01  mom_z=9.501e-01  heat=9.501e-01
BC    inlet_vx=1.015e+00  inlet_vy=8.453e-01  inlet_vz=9.373e-01  inlet_T=3.771e-03  outlet_p=1.671e-02
      wall_vx=7.710e-01   wall_vy=3.472e-02   wall_vz=1.114e-03   wall_T=6.893e-03   wall_dp_dn=2.708e-04  | total=3.632e+00
      w: inlet_vx=1.018e+00  inlet_vy=9.685e-01  inlet_vz=9.815e-01  inlet_T=9.498e-01  outlet_p=9.498e-01
      w: wall_vx=1.004e+00   wall_vy=9.499e-01   wall_vz=9.501e-01   wall_T=9.498e-01   wall_dp_dn=9.500e-01
SUP   vx=0.000e+00  vy=0.000e+00  vz=0.000e+00  p=0.000e+00  T=0.000e+00  | total=0.000e+00
      w: vx=9.501e-01  vy=9.501e-01  vz=9.501e-01  p=9.501e-01  T=9.501e-01
MSE   vx=6.961e+02  vy=8.796e-03  vz=4.618e-03  p=4.532e-06  T=6.676e-03  | total=6.961e+02




[  500/10000]
PDE   div=5.218e-01  mom_x=1.062e-01  mom_y=9.693e-04  mom_z=1.692e-03  heat=3.435e-08  | total=6.307e-01
      w: div=9.551e-01  mom_x=9.504e-01  mom_y=9.499e-01  mom_z=9.500e-01  heat=9.500e-01
BC    inlet_vx=1.015e+00  inlet_vy=8.451e-01  inlet_vz=9.373e-01  inlet_T=3.763e-03  outlet_p=1.680e-02
      wall_vx=7.593e-01   wall_vy=3.620e-02   wall_vz=1.062e-03   wall_T=6.740e-03   wall_dp_dn=2.522e-04  | total=3.622e+00
      w: inlet_vx=1.018e+00  inlet_vy=9.684e-01  inlet_vz=9.814e-01  inlet_T=9.497e-01  outlet_p=9.497e-01
      w: wall_vx=1.004e+00   wall_vy=9.498e-01   wall_vz=9.500e-01   wall_T=9.497e-01   wall_dp_dn=9.499e-01
SUP   vx=0.000e+00  vy=0.000e+00  vz=0.000e+00  p=0.000e+00  T=0.000e+00  | total=0.000e+00
      w: vx=9.500e-01  vy=9.500e-01  vz=9.500e-01  p=9.500e-01  T=9.500e-01
MSE   vx=6.959e+02  vy=8.804e-03  vz=4.618e-03  p=4.541e-06  T=6.647e-03  | total=6.959e+02




[  501/10000]
PDE   div=5.145e-01  mom_x=9.940e-02  mom_y=9.208e-04  mom_z=1.669e-03  heat=3.409e-08  | total=6.165e-01
      w: div=9.550e-01  mom_x=9.503e-01  mom_y=9.498e-01  mom_z=9.498e-01  heat=9.499e-01
BC    inlet_vx=1.015e+00  inlet_vy=8.449e-01  inlet_vz=9.373e-01  inlet_T=3.756e-03  outlet_p=1.701e-02
      wall_vx=7.611e-01   wall_vy=3.233e-02   wall_vz=1.221e-03   wall_T=6.899e-03   wall_dp_dn=2.624e-04  | total=3.620e+00
      w: inlet_vx=1.019e+00  inlet_vy=9.683e-01  inlet_vz=9.813e-01  inlet_T=9.496e-01  outlet_p=9.496e-01
      w: wall_vx=1.004e+00   wall_vy=9.497e-01   wall_vz=9.499e-01   wall_T=9.496e-01   wall_dp_dn=9.498e-01
SUP   vx=0.000e+00  vy=0.000e+00  vz=0.000e+00  p=0.000e+00  T=0.000e+00  | total=0.000e+00
      w: vx=9.499e-01  vy=9.499e-01  vz=9.499e-01  p=9.499e-01  T=9.499e-01
MSE   vx=6.957e+02  vy=8.811e-03  vz=4.617e-03  p=4.550e-06  T=6.615e-03  | total=6.957e+02




[  502/10000]
PDE   div=5.109e-01  mom_x=1.020e-01  mom_y=9.132e-04  mom_z=1.722e-03  heat=3.332e-08  | total=6.155e-01
      w: div=9.549e-01  mom_x=9.502e-01  mom_y=9.497e-01  mom_z=9.497e-01  heat=9.498e-01
BC    inlet_vx=1.016e+00  inlet_vy=8.447e-01  inlet_vz=9.372e-01  inlet_T=3.750e-03  outlet_p=1.672e-02
      wall_vx=7.053e-01   wall_vy=3.379e-02   wall_vz=1.090e-03   wall_T=7.109e-03   wall_dp_dn=2.451e-04  | total=3.566e+00
      w: inlet_vx=1.019e+00  inlet_vy=9.682e-01  inlet_vz=9.812e-01  inlet_T=9.495e-01  outlet_p=9.495e-01
      w: wall_vx=1.004e+00   wall_vy=9.496e-01   wall_vz=9.498e-01   wall_T=9.495e-01   wall_dp_dn=9.497e-01
SUP   vx=0.000e+00  vy=0.000e+00  vz=0.000e+00  p=0.000e+00  T=0.000e+00  | total=0.000e+00
      w: vx=9.498e-01  vy=9.498e-01  vz=9.498e-01  p=9.498e-01  T=9.498e-01
MSE   vx=6.955e+02  vy=8.819e-03  vz=4.616e-03  p=4.558e-06  T=6.582e-03  | total=6.955e+02




[  503/10000]
PDE   div=5.186e-01  mom_x=1.046e-01  mom_y=9.396e-04  mom_z=1.660e-03  heat=3.331e-08  | total=6.259e-01
      w: div=9.548e-01  mom_x=9.501e-01  mom_y=9.496e-01  mom_z=9.496e-01  heat=9.497e-01
BC    inlet_vx=1.016e+00  inlet_vy=8.445e-01  inlet_vz=9.372e-01  inlet_T=3.746e-03  outlet_p=1.673e-02
      wall_vx=7.280e-01   wall_vy=3.188e-02   wall_vz=1.090e-03   wall_T=6.865e-03   wall_dp_dn=2.424e-04  | total=3.586e+00
      w: inlet_vx=1.019e+00  inlet_vy=9.681e-01  inlet_vz=9.811e-01  inlet_T=9.494e-01  outlet_p=9.494e-01
      w: wall_vx=1.004e+00   wall_vy=9.495e-01   wall_vz=9.497e-01   wall_T=9.494e-01   wall_dp_dn=9.496e-01
SUP   vx=0.000e+00  vy=0.000e+00  vz=0.000e+00  p=0.000e+00  T=0.000e+00  | total=0.000e+00
      w: vx=9.497e-01  vy=9.497e-01  vz=9.497e-01  p=9.497e-01  T=9.497e-01
MSE   vx=6.954e+02  vy=8.827e-03  vz=4.615e-03  p=4.567e-06  T=6.548e-03  | total=6.954e+02




[  504/10000]
PDE   div=5.084e-01  mom_x=1.005e-01  mom_y=8.996e-04  mom_z=1.690e-03  heat=3.224e-08  | total=6.115e-01
      w: div=9.547e-01  mom_x=9.500e-01  mom_y=9.495e-01  mom_z=9.495e-01  heat=9.496e-01
BC    inlet_vx=1.016e+00  inlet_vy=8.443e-01  inlet_vz=9.371e-01  inlet_T=3.744e-03  outlet_p=1.675e-02
      wall_vx=7.484e-01   wall_vy=3.328e-02   wall_vz=1.188e-03   wall_T=6.799e-03   wall_dp_dn=2.425e-04  | total=3.608e+00
      w: inlet_vx=1.019e+00  inlet_vy=9.680e-01  inlet_vz=9.810e-01  inlet_T=9.493e-01  outlet_p=9.493e-01
      w: wall_vx=1.004e+00   wall_vy=9.494e-01   wall_vz=9.496e-01   wall_T=9.493e-01   wall_dp_dn=9.495e-01
SUP   vx=0.000e+00  vy=0.000e+00  vz=0.000e+00  p=0.000e+00  T=0.000e+00  | total=0.000e+00
      w: vx=9.496e-01  vy=9.496e-01  vz=9.496e-01  p=9.496e-01  T=9.496e-01
MSE   vx=6.953e+02  vy=8.834e-03  vz=4.614e-03  p=4.576e-06  T=6.511e-03  | total=6.953e+02




[  505/10000]
PDE   div=5.227e-01  mom_x=1.021e-01  mom_y=8.932e-04  mom_z=1.634e-03  heat=3.296e-08  | total=6.274e-01
      w: div=9.547e-01  mom_x=9.499e-01  mom_y=9.494e-01  mom_z=9.494e-01  heat=9.495e-01
BC    inlet_vx=1.016e+00  inlet_vy=8.441e-01  inlet_vz=9.370e-01  inlet_T=3.743e-03  outlet_p=1.673e-02
      wall_vx=7.801e-01   wall_vy=3.398e-02   wall_vz=1.188e-03   wall_T=6.696e-03   wall_dp_dn=2.527e-04  | total=3.640e+00
      w: inlet_vx=1.019e+00  inlet_vy=9.679e-01  inlet_vz=9.809e-01  inlet_T=9.492e-01  outlet_p=9.492e-01
      w: wall_vx=1.004e+00   wall_vy=9.493e-01   wall_vz=9.495e-01   wall_T=9.492e-01   wall_dp_dn=9.494e-01
SUP   vx=0.000e+00  vy=0.000e+00  vz=0.000e+00  p=0.000e+00  T=0.000e+00  | total=0.000e+00
      w: vx=9.495e-01  vy=9.495e-01  vz=9.495e-01  p=9.495e-01  T=9.495e-01
MSE   vx=6.952e+02  vy=8.842e-03  vz=4.614e-03  p=4.585e-06  T=6.473e-03  | total=6.952e+02




[  506/10000]
PDE   div=5.193e-01  mom_x=1.011e-01  mom_y=8.944e-04  mom_z=1.625e-03  heat=3.208e-08  | total=6.229e-01
      w: div=9.546e-01  mom_x=9.498e-01  mom_y=9.493e-01  mom_z=9.493e-01  heat=9.494e-01
BC    inlet_vx=1.016e+00  inlet_vy=8.440e-01  inlet_vz=9.370e-01  inlet_T=3.744e-03  outlet_p=1.669e-02
      wall_vx=7.670e-01   wall_vy=3.357e-02   wall_vz=1.260e-03   wall_T=6.904e-03   wall_dp_dn=2.374e-04  | total=3.627e+00
      w: inlet_vx=1.019e+00  inlet_vy=9.678e-01  inlet_vz=9.807e-01  inlet_T=9.490e-01  outlet_p=9.491e-01
      w: wall_vx=1.004e+00   wall_vy=9.492e-01   wall_vz=9.494e-01   wall_T=9.491e-01   wall_dp_dn=9.493e-01
SUP   vx=0.000e+00  vy=0.000e+00  vz=0.000e+00  p=0.000e+00  T=0.000e+00  | total=0.000e+00
      w: vx=9.494e-01  vy=9.494e-01  vz=9.494e-01  p=9.494e-01  T=9.494e-01
MSE   vx=6.952e+02  vy=8.850e-03  vz=4.613e-03  p=4.594e-06  T=6.433e-03  | total=6.952e+02




[  507/10000]
PDE   div=5.101e-01  mom_x=1.022e-01  mom_y=8.918e-04  mom_z=1.653e-03  heat=3.341e-08  | total=6.149e-01
      w: div=9.545e-01  mom_x=9.497e-01  mom_y=9.492e-01  mom_z=9.492e-01  heat=9.493e-01
BC    inlet_vx=1.016e+00  inlet_vy=8.438e-01  inlet_vz=9.369e-01  inlet_T=3.747e-03  outlet_p=1.679e-02
      wall_vx=7.219e-01   wall_vy=3.570e-02   wall_vz=1.129e-03   wall_T=6.423e-03   wall_dp_dn=2.420e-04  | total=3.583e+00
      w: inlet_vx=1.019e+00  inlet_vy=9.677e-01  inlet_vz=9.806e-01  inlet_T=9.489e-01  outlet_p=9.490e-01
      w: wall_vx=1.004e+00   wall_vy=9.491e-01   wall_vz=9.493e-01   wall_T=9.490e-01   wall_dp_dn=9.492e-01
SUP   vx=0.000e+00  vy=0.000e+00  vz=0.000e+00  p=0.000e+00  T=0.000e+00  | total=0.000e+00
      w: vx=9.493e-01  vy=9.493e-01  vz=9.493e-01  p=9.493e-01  T=9.493e-01
MSE   vx=6.952e+02  vy=8.858e-03  vz=4.612e-03  p=4.603e-06  T=6.392e-03  | total=6.952e+02




[  508/10000]
PDE   div=5.146e-01  mom_x=1.036e-01  mom_y=8.772e-04  mom_z=1.734e-03  heat=3.259e-08  | total=6.208e-01
      w: div=9.544e-01  mom_x=9.496e-01  mom_y=9.491e-01  mom_z=9.491e-01  heat=9.492e-01
BC    inlet_vx=1.017e+00  inlet_vy=8.436e-01  inlet_vz=9.369e-01  inlet_T=3.752e-03  outlet_p=1.659e-02
      wall_vx=7.188e-01   wall_vy=3.432e-02   wall_vz=1.070e-03   wall_T=6.577e-03   wall_dp_dn=2.515e-04  | total=3.578e+00
      w: inlet_vx=1.019e+00  inlet_vy=9.676e-01  inlet_vz=9.805e-01  inlet_T=9.488e-01  outlet_p=9.489e-01
      w: wall_vx=1.004e+00   wall_vy=9.490e-01   wall_vz=9.492e-01   wall_T=9.489e-01   wall_dp_dn=9.491e-01
SUP   vx=0.000e+00  vy=0.000e+00  vz=0.000e+00  p=0.000e+00  T=0.000e+00  | total=0.000e+00
      w: vx=9.492e-01  vy=9.492e-01  vz=9.492e-01  p=9.492e-01  T=9.492e-01
MSE   vx=6.952e+02  vy=8.865e-03  vz=4.612e-03  p=4.611e-06  T=6.351e-03  | total=6.952e+02




[  509/10000]
PDE   div=5.091e-01  mom_x=1.019e-01  mom_y=8.401e-04  mom_z=1.780e-03  heat=3.344e-08  | total=6.136e-01
      w: div=9.543e-01  mom_x=9.495e-01  mom_y=9.490e-01  mom_z=9.490e-01  heat=9.491e-01
BC    inlet_vx=1.017e+00  inlet_vy=8.434e-01  inlet_vz=9.368e-01  inlet_T=3.760e-03  outlet_p=1.651e-02
      wall_vx=7.634e-01   wall_vy=3.544e-02   wall_vz=1.220e-03   wall_T=6.368e-03   wall_dp_dn=2.384e-04  | total=3.624e+00
      w: inlet_vx=1.019e+00  inlet_vy=9.675e-01  inlet_vz=9.804e-01  inlet_T=9.487e-01  outlet_p=9.488e-01
      w: wall_vx=1.004e+00   wall_vy=9.489e-01   wall_vz=9.491e-01   wall_T=9.488e-01   wall_dp_dn=9.490e-01
SUP   vx=0.000e+00  vy=0.000e+00  vz=0.000e+00  p=0.000e+00  T=0.000e+00  | total=0.000e+00
      w: vx=9.491e-01  vy=9.491e-01  vz=9.491e-01  p=9.491e-01  T=9.491e-01
MSE   vx=6.953e+02  vy=8.873e-03  vz=4.611e-03  p=4.620e-06  T=6.308e-03  | total=6.953e+02




[  510/10000]
PDE   div=5.200e-01  mom_x=1.027e-01  mom_y=8.571e-04  mom_z=1.711e-03  heat=3.234e-08  | total=6.252e-01
      w: div=9.542e-01  mom_x=9.494e-01  mom_y=9.489e-01  mom_z=9.489e-01  heat=9.490e-01
BC    inlet_vx=1.017e+00  inlet_vy=8.432e-01  inlet_vz=9.368e-01  inlet_T=3.770e-03  outlet_p=1.658e-02
      wall_vx=7.694e-01   wall_vy=3.320e-02   wall_vz=1.190e-03   wall_T=6.571e-03   wall_dp_dn=2.412e-04  | total=3.628e+00
      w: inlet_vx=1.019e+00  inlet_vy=9.674e-01  inlet_vz=9.803e-01  inlet_T=9.486e-01  outlet_p=9.487e-01
      w: wall_vx=1.004e+00   wall_vy=9.488e-01   wall_vz=9.490e-01   wall_T=9.487e-01   wall_dp_dn=9.489e-01
SUP   vx=0.000e+00  vy=0.000e+00  vz=0.000e+00  p=0.000e+00  T=0.000e+00  | total=0.000e+00
      w: vx=9.490e-01  vy=9.490e-01  vz=9.490e-01  p=9.490e-01  T=9.490e-01
MSE   vx=6.953e+02  vy=8.881e-03  vz=4.610e-03  p=4.629e-06  T=6.264e-03  | total=6.954e+02




[  511/10000]
PDE   div=5.164e-01  mom_x=1.011e-01  mom_y=8.283e-04  mom_z=1.766e-03  heat=3.016e-08  | total=6.201e-01
      w: div=9.541e-01  mom_x=9.493e-01  mom_y=9.488e-01  mom_z=9.488e-01  heat=9.489e-01
BC    inlet_vx=1.017e+00  inlet_vy=8.430e-01  inlet_vz=9.367e-01  inlet_T=3.782e-03  outlet_p=1.663e-02
      wall_vx=7.525e-01   wall_vy=3.378e-02   wall_vz=1.194e-03   wall_T=6.198e-03   wall_dp_dn=2.445e-04  | total=3.611e+00
      w: inlet_vx=1.019e+00  inlet_vy=9.673e-01  inlet_vz=9.802e-01  inlet_T=9.485e-01  outlet_p=9.486e-01
      w: wall_vx=1.004e+00   wall_vy=9.487e-01   wall_vz=9.489e-01   wall_T=9.486e-01   wall_dp_dn=9.488e-01
SUP   vx=0.000e+00  vy=0.000e+00  vz=0.000e+00  p=0.000e+00  T=0.000e+00  | total=0.000e+00
      w: vx=9.489e-01  vy=9.489e-01  vz=9.489e-01  p=9.489e-01  T=9.489e-01
MSE   vx=6.955e+02  vy=8.889e-03  vz=4.610e-03  p=4.638e-06  T=6.220e-03  | total=6.955e+02




[  512/10000]
PDE   div=5.215e-01  mom_x=1.039e-01  mom_y=8.054e-04  mom_z=1.863e-03  heat=3.063e-08  | total=6.281e-01
      w: div=9.541e-01  mom_x=9.492e-01  mom_y=9.487e-01  mom_z=9.487e-01  heat=9.488e-01
BC    inlet_vx=1.017e+00  inlet_vy=8.428e-01  inlet_vz=9.366e-01  inlet_T=3.798e-03  outlet_p=1.654e-02
      wall_vx=7.461e-01   wall_vy=3.250e-02   wall_vz=1.129e-03   wall_T=6.570e-03   wall_dp_dn=2.482e-04  | total=3.603e+00
      w: inlet_vx=1.019e+00  inlet_vy=9.672e-01  inlet_vz=9.800e-01  inlet_T=9.484e-01  outlet_p=9.485e-01
      w: wall_vx=1.004e+00   wall_vy=9.486e-01   wall_vz=9.488e-01   wall_T=9.485e-01   wall_dp_dn=9.487e-01
SUP   vx=0.000e+00  vy=0.000e+00  vz=0.000e+00  p=0.000e+00  T=0.000e+00  | total=0.000e+00
      w: vx=9.488e-01  vy=9.488e-01  vz=9.488e-01  p=9.488e-01  T=9.488e-01
MSE   vx=6.956e+02  vy=8.897e-03  vz=4.609e-03  p=4.647e-06  T=6.174e-03  | total=6.956e+02




[  513/10000]
PDE   div=5.250e-01  mom_x=1.048e-01  mom_y=8.110e-04  mom_z=1.810e-03  heat=3.399e-08  | total=6.324e-01
      w: div=9.540e-01  mom_x=9.491e-01  mom_y=9.486e-01  mom_z=9.486e-01  heat=9.487e-01
BC    inlet_vx=1.017e+00  inlet_vy=8.426e-01  inlet_vz=9.366e-01  inlet_T=3.816e-03  outlet_p=1.664e-02
      wall_vx=7.574e-01   wall_vy=3.193e-02   wall_vz=1.242e-03   wall_T=6.964e-03   wall_dp_dn=2.400e-04  | total=3.614e+00
      w: inlet_vx=1.019e+00  inlet_vy=9.671e-01  inlet_vz=9.799e-01  inlet_T=9.483e-01  outlet_p=9.484e-01
      w: wall_vx=1.004e+00   wall_vy=9.485e-01   wall_vz=9.487e-01   wall_T=9.484e-01   wall_dp_dn=9.486e-01
SUP   vx=0.000e+00  vy=0.000e+00  vz=0.000e+00  p=0.000e+00  T=0.000e+00  | total=0.000e+00
      w: vx=9.487e-01  vy=9.487e-01  vz=9.487e-01  p=9.487e-01  T=9.487e-01
MSE   vx=6.958e+02  vy=8.906e-03  vz=4.609e-03  p=4.655e-06  T=6.128e-03  | total=6.958e+02




[  514/10000]
PDE   div=5.221e-01  mom_x=1.044e-01  mom_y=8.214e-04  mom_z=1.881e-03  heat=3.170e-08  | total=6.293e-01
      w: div=9.539e-01  mom_x=9.490e-01  mom_y=9.485e-01  mom_z=9.485e-01  heat=9.486e-01
BC    inlet_vx=1.017e+00  inlet_vy=8.425e-01  inlet_vz=9.365e-01  inlet_T=3.836e-03  outlet_p=1.652e-02
      wall_vx=7.469e-01   wall_vy=3.500e-02   wall_vz=1.077e-03   wall_T=6.814e-03   wall_dp_dn=2.393e-04  | total=3.607e+00
      w: inlet_vx=1.019e+00  inlet_vy=9.670e-01  inlet_vz=9.798e-01  inlet_T=9.482e-01  outlet_p=9.483e-01
      w: wall_vx=1.004e+00   wall_vy=9.484e-01   wall_vz=9.486e-01   wall_T=9.483e-01   wall_dp_dn=9.485e-01
SUP   vx=0.000e+00  vy=0.000e+00  vz=0.000e+00  p=0.000e+00  T=0.000e+00  | total=0.000e+00
      w: vx=9.486e-01  vy=9.486e-01  vz=9.486e-01  p=9.486e-01  T=9.486e-01
MSE   vx=6.960e+02  vy=8.914e-03  vz=4.608e-03  p=4.664e-06  T=6.081e-03  | total=6.960e+02




[  515/10000]
PDE   div=5.262e-01  mom_x=1.034e-01  mom_y=7.959e-04  mom_z=1.891e-03  heat=3.164e-08  | total=6.323e-01
      w: div=9.538e-01  mom_x=9.489e-01  mom_y=9.484e-01  mom_z=9.484e-01  heat=9.485e-01
BC    inlet_vx=1.017e+00  inlet_vy=8.423e-01  inlet_vz=9.364e-01  inlet_T=3.859e-03  outlet_p=1.658e-02
      wall_vx=7.619e-01   wall_vy=3.415e-02   wall_vz=1.135e-03   wall_T=6.450e-03   wall_dp_dn=2.415e-04  | total=3.620e+00
      w: inlet_vx=1.019e+00  inlet_vy=9.669e-01  inlet_vz=9.797e-01  inlet_T=9.481e-01  outlet_p=9.482e-01
      w: wall_vx=1.004e+00   wall_vy=9.483e-01   wall_vz=9.485e-01   wall_T=9.482e-01   wall_dp_dn=9.484e-01
SUP   vx=0.000e+00  vy=0.000e+00  vz=0.000e+00  p=0.000e+00  T=0.000e+00  | total=0.000e+00
      w: vx=9.485e-01  vy=9.485e-01  vz=9.485e-01  p=9.485e-01  T=9.485e-01
MSE   vx=6.962e+02  vy=8.922e-03  vz=4.608e-03  p=4.673e-06  T=6.034e-03  | total=6.962e+02




[  516/10000]
PDE   div=5.216e-01  mom_x=1.020e-01  mom_y=8.012e-04  mom_z=1.802e-03  heat=3.258e-08  | total=6.262e-01
      w: div=9.537e-01  mom_x=9.488e-01  mom_y=9.483e-01  mom_z=9.483e-01  heat=9.484e-01
BC    inlet_vx=1.017e+00  inlet_vy=8.421e-01  inlet_vz=9.364e-01  inlet_T=3.885e-03  outlet_p=1.640e-02
      wall_vx=7.908e-01   wall_vy=3.409e-02   wall_vz=1.223e-03   wall_T=5.883e-03   wall_dp_dn=2.649e-04  | total=3.648e+00
      w: inlet_vx=1.019e+00  inlet_vy=9.668e-01  inlet_vz=9.796e-01  inlet_T=9.480e-01  outlet_p=9.481e-01
      w: wall_vx=1.004e+00   wall_vy=9.482e-01   wall_vz=9.484e-01   wall_T=9.481e-01   wall_dp_dn=9.483e-01
SUP   vx=0.000e+00  vy=0.000e+00  vz=0.000e+00  p=0.000e+00  T=0.000e+00  | total=0.000e+00
      w: vx=9.484e-01  vy=9.484e-01  vz=9.484e-01  p=9.484e-01  T=9.484e-01
MSE   vx=6.964e+02  vy=8.930e-03  vz=4.607e-03  p=4.682e-06  T=5.987e-03  | total=6.964e+02




[  517/10000]
PDE   div=5.225e-01  mom_x=1.028e-01  mom_y=7.899e-04  mom_z=1.869e-03  heat=3.123e-08  | total=6.279e-01
      w: div=9.536e-01  mom_x=9.487e-01  mom_y=9.482e-01  mom_z=9.482e-01  heat=9.483e-01
BC    inlet_vx=1.018e+00  inlet_vy=8.419e-01  inlet_vz=9.363e-01  inlet_T=3.914e-03  outlet_p=1.638e-02
      wall_vx=7.817e-01   wall_vy=3.455e-02   wall_vz=1.255e-03   wall_T=5.809e-03   wall_dp_dn=2.574e-04  | total=3.640e+00
      w: inlet_vx=1.019e+00  inlet_vy=9.667e-01  inlet_vz=9.795e-01  inlet_T=9.479e-01  outlet_p=9.480e-01
      w: wall_vx=1.004e+00   wall_vy=9.481e-01   wall_vz=9.483e-01   wall_T=9.480e-01   wall_dp_dn=9.482e-01
SUP   vx=0.000e+00  vy=0.000e+00  vz=0.000e+00  p=0.000e+00  T=0.000e+00  | total=0.000e+00
      w: vx=9.483e-01  vy=9.483e-01  vz=9.483e-01  p=9.483e-01  T=9.483e-01
MSE   vx=6.967e+02  vy=8.938e-03  vz=4.607e-03  p=4.691e-06  T=5.940e-03  | total=6.967e+02




[  518/10000]
PDE   div=5.255e-01  mom_x=1.017e-01  mom_y=7.644e-04  mom_z=1.990e-03  heat=3.014e-08  | total=6.299e-01
      w: div=9.535e-01  mom_x=9.486e-01  mom_y=9.481e-01  mom_z=9.481e-01  heat=9.482e-01
BC    inlet_vx=1.018e+00  inlet_vy=8.418e-01  inlet_vz=9.362e-01  inlet_T=3.945e-03  outlet_p=1.636e-02
      wall_vx=7.897e-01   wall_vy=3.294e-02   wall_vz=1.123e-03   wall_T=6.119e-03   wall_dp_dn=2.631e-04  | total=3.646e+00
      w: inlet_vx=1.019e+00  inlet_vy=9.666e-01  inlet_vz=9.793e-01  inlet_T=9.478e-01  outlet_p=9.479e-01
      w: wall_vx=1.004e+00   wall_vy=9.480e-01   wall_vz=9.482e-01   wall_T=9.479e-01   wall_dp_dn=9.481e-01
SUP   vx=0.000e+00  vy=0.000e+00  vz=0.000e+00  p=0.000e+00  T=0.000e+00  | total=0.000e+00
      w: vx=9.482e-01  vy=9.482e-01  vz=9.482e-01  p=9.482e-01  T=9.482e-01
MSE   vx=6.970e+02  vy=8.947e-03  vz=4.606e-03  p=4.700e-06  T=5.893e-03  | total=6.970e+02




[  519/10000]
PDE   div=5.137e-01  mom_x=9.916e-02  mom_y=7.489e-04  mom_z=1.957e-03  heat=3.075e-08  | total=6.156e-01
      w: div=9.534e-01  mom_x=9.485e-01  mom_y=9.480e-01  mom_z=9.480e-01  heat=9.481e-01
BC    inlet_vx=1.019e+00  inlet_vy=8.416e-01  inlet_vz=9.362e-01  inlet_T=3.978e-03  outlet_p=1.638e-02
      wall_vx=7.584e-01   wall_vy=3.411e-02   wall_vz=1.199e-03   wall_T=5.911e-03   wall_dp_dn=2.439e-04  | total=3.616e+00
      w: inlet_vx=1.019e+00  inlet_vy=9.665e-01  inlet_vz=9.792e-01  inlet_T=9.477e-01  outlet_p=9.478e-01
      w: wall_vx=1.003e+00   wall_vy=9.479e-01   wall_vz=9.481e-01   wall_T=9.478e-01   wall_dp_dn=9.480e-01
SUP   vx=0.000e+00  vy=0.000e+00  vz=0.000e+00  p=0.000e+00  T=0.000e+00  | total=0.000e+00
      w: vx=9.481e-01  vy=9.481e-01  vz=9.481e-01  p=9.481e-01  T=9.481e-01
MSE   vx=6.973e+02  vy=8.955e-03  vz=4.606e-03  p=4.709e-06  T=5.846e-03  | total=6.973e+02




[  520/10000]
PDE   div=5.153e-01  mom_x=1.003e-01  mom_y=7.677e-04  mom_z=2.052e-03  heat=3.135e-08  | total=6.184e-01
      w: div=9.534e-01  mom_x=9.484e-01  mom_y=9.479e-01  mom_z=9.479e-01  heat=9.480e-01
BC    inlet_vx=1.019e+00  inlet_vy=8.414e-01  inlet_vz=9.361e-01  inlet_T=4.015e-03  outlet_p=1.631e-02
      wall_vx=7.492e-01   wall_vy=3.317e-02   wall_vz=1.168e-03   wall_T=6.150e-03   wall_dp_dn=2.488e-04  | total=3.607e+00
      w: inlet_vx=1.019e+00  inlet_vy=9.664e-01  inlet_vz=9.791e-01  inlet_T=9.476e-01  outlet_p=9.477e-01
      w: wall_vx=1.003e+00   wall_vy=9.478e-01   wall_vz=9.480e-01   wall_T=9.477e-01   wall_dp_dn=9.479e-01
SUP   vx=0.000e+00  vy=0.000e+00  vz=0.000e+00  p=0.000e+00  T=0.000e+00  | total=0.000e+00
      w: vx=9.480e-01  vy=9.480e-01  vz=9.480e-01  p=9.480e-01  T=9.480e-01
MSE   vx=6.976e+02  vy=8.963e-03  vz=4.605e-03  p=4.717e-06  T=5.799e-03  | total=6.976e+02




[  521/10000]
PDE   div=5.206e-01  mom_x=1.015e-01  mom_y=7.357e-04  mom_z=2.016e-03  heat=2.954e-08  | total=6.248e-01
      w: div=9.533e-01  mom_x=9.483e-01  mom_y=9.478e-01  mom_z=9.478e-01  heat=9.479e-01
BC    inlet_vx=1.019e+00  inlet_vy=8.413e-01  inlet_vz=9.360e-01  inlet_T=4.053e-03  outlet_p=1.622e-02
      wall_vx=7.552e-01   wall_vy=3.397e-02   wall_vz=1.127e-03   wall_T=5.842e-03   wall_dp_dn=2.678e-04  | total=3.613e+00
      w: inlet_vx=1.019e+00  inlet_vy=9.663e-01  inlet_vz=9.790e-01  inlet_T=9.475e-01  outlet_p=9.476e-01
      w: wall_vx=1.003e+00   wall_vy=9.477e-01   wall_vz=9.479e-01   wall_T=9.476e-01   wall_dp_dn=9.478e-01
SUP   vx=0.000e+00  vy=0.000e+00  vz=0.000e+00  p=0.000e+00  T=0.000e+00  | total=0.000e+00
      w: vx=9.479e-01  vy=9.479e-01  vz=9.479e-01  p=9.479e-01  T=9.479e-01
MSE   vx=6.979e+02  vy=8.971e-03  vz=4.605e-03  p=4.726e-06  T=5.753e-03  | total=6.980e+02




[  522/10000]
PDE   div=5.156e-01  mom_x=1.010e-01  mom_y=7.395e-04  mom_z=2.158e-03  heat=3.170e-08  | total=6.195e-01
      w: div=9.532e-01  mom_x=9.482e-01  mom_y=9.477e-01  mom_z=9.477e-01  heat=9.478e-01
BC    inlet_vx=1.020e+00  inlet_vy=8.411e-01  inlet_vz=9.359e-01  inlet_T=4.094e-03  outlet_p=1.627e-02
      wall_vx=7.424e-01   wall_vy=3.288e-02   wall_vz=1.204e-03   wall_T=6.166e-03   wall_dp_dn=2.472e-04  | total=3.600e+00
      w: inlet_vx=1.019e+00  inlet_vy=9.662e-01  inlet_vz=9.789e-01  inlet_T=9.474e-01  outlet_p=9.475e-01
      w: wall_vx=1.003e+00   wall_vy=9.476e-01   wall_vz=9.478e-01   wall_T=9.475e-01   wall_dp_dn=9.477e-01
SUP   vx=0.000e+00  vy=0.000e+00  vz=0.000e+00  p=0.000e+00  T=0.000e+00  | total=0.000e+00
      w: vx=9.478e-01  vy=9.478e-01  vz=9.478e-01  p=9.478e-01  T=9.478e-01
MSE   vx=6.983e+02  vy=8.979e-03  vz=4.604e-03  p=4.735e-06  T=5.707e-03  | total=6.983e+02




[  523/10000]
PDE   div=5.174e-01  mom_x=9.639e-02  mom_y=7.161e-04  mom_z=2.104e-03  heat=2.725e-08  | total=6.166e-01
      w: div=9.531e-01  mom_x=9.481e-01  mom_y=9.476e-01  mom_z=9.476e-01  heat=9.477e-01
BC    inlet_vx=1.020e+00  inlet_vy=8.409e-01  inlet_vz=9.359e-01  inlet_T=4.137e-03  outlet_p=1.618e-02
      wall_vx=7.616e-01   wall_vy=3.276e-02   wall_vz=1.075e-03   wall_T=6.209e-03   wall_dp_dn=2.777e-04  | total=3.619e+00
      w: inlet_vx=1.019e+00  inlet_vy=9.661e-01  inlet_vz=9.788e-01  inlet_T=9.473e-01  outlet_p=9.474e-01
      w: wall_vx=1.003e+00   wall_vy=9.475e-01   wall_vz=9.477e-01   wall_T=9.474e-01   wall_dp_dn=9.476e-01
SUP   vx=0.000e+00  vy=0.000e+00  vz=0.000e+00  p=0.000e+00  T=0.000e+00  | total=0.000e+00
      w: vx=9.477e-01  vy=9.477e-01  vz=9.477e-01  p=9.477e-01  T=9.477e-01
MSE   vx=6.987e+02  vy=8.987e-03  vz=4.604e-03  p=4.744e-06  T=5.661e-03  | total=6.987e+02




[  524/10000]
PDE   div=5.270e-01  mom_x=1.008e-01  mom_y=7.168e-04  mom_z=2.229e-03  heat=2.889e-08  | total=6.307e-01
      w: div=9.530e-01  mom_x=9.480e-01  mom_y=9.475e-01  mom_z=9.475e-01  heat=9.476e-01
BC    inlet_vx=1.021e+00  inlet_vy=8.408e-01  inlet_vz=9.358e-01  inlet_T=4.183e-03  outlet_p=1.621e-02
      wall_vx=7.659e-01   wall_vy=3.476e-02   wall_vz=1.108e-03   wall_T=5.641e-03   wall_dp_dn=2.533e-04  | total=3.625e+00
      w: inlet_vx=1.019e+00  inlet_vy=9.660e-01  inlet_vz=9.786e-01  inlet_T=9.472e-01  outlet_p=9.473e-01
      w: wall_vx=1.003e+00   wall_vy=9.474e-01   wall_vz=9.476e-01   wall_T=9.473e-01   wall_dp_dn=9.475e-01
SUP   vx=0.000e+00  vy=0.000e+00  vz=0.000e+00  p=0.000e+00  T=0.000e+00  | total=0.000e+00
      w: vx=9.476e-01  vy=9.476e-01  vz=9.476e-01  p=9.476e-01  T=9.476e-01
MSE   vx=6.991e+02  vy=8.995e-03  vz=4.604e-03  p=4.753e-06  T=5.617e-03  | total=6.992e+02




[  525/10000]
PDE   div=5.231e-01  mom_x=1.026e-01  mom_y=7.098e-04  mom_z=2.309e-03  heat=3.086e-08  | total=6.288e-01
      w: div=9.529e-01  mom_x=9.479e-01  mom_y=9.474e-01  mom_z=9.474e-01  heat=9.475e-01
BC    inlet_vx=1.021e+00  inlet_vy=8.406e-01  inlet_vz=9.357e-01  inlet_T=4.230e-03  outlet_p=1.614e-02
      wall_vx=7.341e-01   wall_vy=3.432e-02   wall_vz=1.037e-03   wall_T=5.760e-03   wall_dp_dn=2.725e-04  | total=3.593e+00
      w: inlet_vx=1.019e+00  inlet_vy=9.659e-01  inlet_vz=9.785e-01  inlet_T=9.471e-01  outlet_p=9.472e-01
      w: wall_vx=1.003e+00   wall_vy=9.473e-01   wall_vz=9.475e-01   wall_T=9.472e-01   wall_dp_dn=9.474e-01
SUP   vx=0.000e+00  vy=0.000e+00  vz=0.000e+00  p=0.000e+00  T=0.000e+00  | total=0.000e+00
      w: vx=9.475e-01  vy=9.475e-01  vz=9.475e-01  p=9.475e-01  T=9.475e-01
MSE   vx=6.996e+02  vy=9.003e-03  vz=4.603e-03  p=4.762e-06  T=5.573e-03  | total=6.996e+02




[  526/10000]
PDE   div=5.228e-01  mom_x=1.035e-01  mom_y=7.026e-04  mom_z=2.261e-03  heat=3.161e-08  | total=6.292e-01
      w: div=9.528e-01  mom_x=9.478e-01  mom_y=9.473e-01  mom_z=9.473e-01  heat=9.474e-01
BC    inlet_vx=1.022e+00  inlet_vy=8.405e-01  inlet_vz=9.356e-01  inlet_T=4.279e-03  outlet_p=1.624e-02
      wall_vx=7.623e-01   wall_vy=3.355e-02   wall_vz=1.116e-03   wall_T=5.735e-03   wall_dp_dn=2.708e-04  | total=3.621e+00
      w: inlet_vx=1.019e+00  inlet_vy=9.658e-01  inlet_vz=9.784e-01  inlet_T=9.470e-01  outlet_p=9.471e-01
      w: wall_vx=1.003e+00   wall_vy=9.472e-01   wall_vz=9.474e-01   wall_T=9.471e-01   wall_dp_dn=9.473e-01
SUP   vx=0.000e+00  vy=0.000e+00  vz=0.000e+00  p=0.000e+00  T=0.000e+00  | total=0.000e+00
      w: vx=9.474e-01  vy=9.474e-01  vz=9.474e-01  p=9.474e-01  T=9.474e-01
MSE   vx=7.001e+02  vy=9.010e-03  vz=4.603e-03  p=4.770e-06  T=5.530e-03  | total=7.001e+02




[  527/10000]
PDE   div=5.216e-01  mom_x=9.825e-02  mom_y=6.784e-04  mom_z=2.296e-03  heat=2.886e-08  | total=6.228e-01
      w: div=9.528e-01  mom_x=9.477e-01  mom_y=9.472e-01  mom_z=9.472e-01  heat=9.473e-01
BC    inlet_vx=1.022e+00  inlet_vy=8.403e-01  inlet_vz=9.355e-01  inlet_T=4.329e-03  outlet_p=1.625e-02
      wall_vx=7.490e-01   wall_vy=3.269e-02   wall_vz=1.134e-03   wall_T=5.782e-03   wall_dp_dn=2.672e-04  | total=3.607e+00
      w: inlet_vx=1.019e+00  inlet_vy=9.657e-01  inlet_vz=9.783e-01  inlet_T=9.469e-01  outlet_p=9.470e-01
      w: wall_vx=1.003e+00   wall_vy=9.471e-01   wall_vz=9.473e-01   wall_T=9.470e-01   wall_dp_dn=9.472e-01
SUP   vx=0.000e+00  vy=0.000e+00  vz=0.000e+00  p=0.000e+00  T=0.000e+00  | total=0.000e+00
      w: vx=9.473e-01  vy=9.473e-01  vz=9.473e-01  p=9.473e-01  T=9.473e-01
MSE   vx=7.005e+02  vy=9.018e-03  vz=4.602e-03  p=4.779e-06  T=5.489e-03  | total=7.006e+02




[  528/10000]
PDE   div=5.194e-01  mom_x=1.018e-01  mom_y=6.900e-04  mom_z=2.271e-03  heat=3.094e-08  | total=6.241e-01
      w: div=9.527e-01  mom_x=9.476e-01  mom_y=9.471e-01  mom_z=9.471e-01  heat=9.472e-01
BC    inlet_vx=1.022e+00  inlet_vy=8.402e-01  inlet_vz=9.355e-01  inlet_T=4.381e-03  outlet_p=1.613e-02
      wall_vx=7.146e-01   wall_vy=3.547e-02   wall_vz=1.164e-03   wall_T=5.847e-03   wall_dp_dn=2.562e-04  | total=3.576e+00
      w: inlet_vx=1.019e+00  inlet_vy=9.656e-01  inlet_vz=9.782e-01  inlet_T=9.468e-01  outlet_p=9.469e-01
      w: wall_vx=1.003e+00   wall_vy=9.470e-01   wall_vz=9.472e-01   wall_T=9.469e-01   wall_dp_dn=9.471e-01
SUP   vx=0.000e+00  vy=0.000e+00  vz=0.000e+00  p=0.000e+00  T=0.000e+00  | total=0.000e+00
      w: vx=9.472e-01  vy=9.472e-01  vz=9.472e-01  p=9.472e-01  T=9.472e-01
MSE   vx=7.010e+02  vy=9.025e-03  vz=4.602e-03  p=4.788e-06  T=5.448e-03  | total=7.011e+02




[  529/10000]
PDE   div=5.301e-01  mom_x=1.017e-01  mom_y=6.860e-04  mom_z=2.321e-03  heat=3.113e-08  | total=6.348e-01
      w: div=9.526e-01  mom_x=9.475e-01  mom_y=9.470e-01  mom_z=9.470e-01  heat=9.471e-01
BC    inlet_vx=1.023e+00  inlet_vy=8.401e-01  inlet_vz=9.354e-01  inlet_T=4.433e-03  outlet_p=1.603e-02
      wall_vx=7.564e-01   wall_vy=3.334e-02   wall_vz=1.111e-03   wall_T=5.793e-03   wall_dp_dn=2.833e-04  | total=3.616e+00
      w: inlet_vx=1.019e+00  inlet_vy=9.655e-01  inlet_vz=9.781e-01  inlet_T=9.467e-01  outlet_p=9.468e-01
      w: wall_vx=1.003e+00   wall_vy=9.469e-01   wall_vz=9.471e-01   wall_T=9.468e-01   wall_dp_dn=9.470e-01
SUP   vx=0.000e+00  vy=0.000e+00  vz=0.000e+00  p=0.000e+00  T=0.000e+00  | total=0.000e+00
      w: vx=9.471e-01  vy=9.471e-01  vz=9.471e-01  p=9.471e-01  T=9.471e-01
MSE   vx=7.016e+02  vy=9.033e-03  vz=4.601e-03  p=4.797e-06  T=5.408e-03  | total=7.016e+02




[  530/10000]
PDE   div=5.265e-01  mom_x=1.012e-01  mom_y=6.813e-04  mom_z=2.347e-03  heat=3.069e-08  | total=6.307e-01
      w: div=9.525e-01  mom_x=9.474e-01  mom_y=9.469e-01  mom_z=9.469e-01  heat=9.470e-01
BC    inlet_vx=1.023e+00  inlet_vy=8.399e-01  inlet_vz=9.353e-01  inlet_T=4.485e-03  outlet_p=1.613e-02
      wall_vx=7.480e-01   wall_vy=3.452e-02   wall_vz=1.219e-03   wall_T=5.725e-03   wall_dp_dn=2.656e-04  | total=3.609e+00
      w: inlet_vx=1.019e+00  inlet_vy=9.654e-01  inlet_vz=9.779e-01  inlet_T=9.466e-01  outlet_p=9.467e-01
      w: wall_vx=1.003e+00   wall_vy=9.467e-01   wall_vz=9.470e-01   wall_T=9.467e-01   wall_dp_dn=9.469e-01
SUP   vx=0.000e+00  vy=0.000e+00  vz=0.000e+00  p=0.000e+00  T=0.000e+00  | total=0.000e+00
      w: vx=9.470e-01  vy=9.470e-01  vz=9.470e-01  p=9.470e-01  T=9.470e-01
MSE   vx=7.021e+02  vy=9.040e-03  vz=4.601e-03  p=4.805e-06  T=5.369e-03  | total=7.021e+02




[  531/10000]
PDE   div=5.169e-01  mom_x=1.015e-01  mom_y=6.716e-04  mom_z=2.283e-03  heat=3.091e-08  | total=6.214e-01
      w: div=9.524e-01  mom_x=9.473e-01  mom_y=9.468e-01  mom_z=9.468e-01  heat=9.469e-01
BC    inlet_vx=1.024e+00  inlet_vy=8.398e-01  inlet_vz=9.352e-01  inlet_T=4.537e-03  outlet_p=1.599e-02
      wall_vx=7.197e-01   wall_vy=3.372e-02   wall_vz=1.191e-03   wall_T=5.635e-03   wall_dp_dn=2.696e-04  | total=3.580e+00
      w: inlet_vx=1.020e+00  inlet_vy=9.653e-01  inlet_vz=9.778e-01  inlet_T=9.465e-01  outlet_p=9.466e-01
      w: wall_vx=1.003e+00   wall_vy=9.466e-01   wall_vz=9.469e-01   wall_T=9.466e-01   wall_dp_dn=9.468e-01
SUP   vx=0.000e+00  vy=0.000e+00  vz=0.000e+00  p=0.000e+00  T=0.000e+00  | total=0.000e+00
      w: vx=9.469e-01  vy=9.469e-01  vz=9.469e-01  p=9.469e-01  T=9.469e-01
MSE   vx=7.027e+02  vy=9.047e-03  vz=4.600e-03  p=4.814e-06  T=5.332e-03  | total=7.027e+02




[  532/10000]
PDE   div=5.168e-01  mom_x=1.005e-01  mom_y=6.609e-04  mom_z=2.328e-03  heat=3.054e-08  | total=6.203e-01
      w: div=9.523e-01  mom_x=9.472e-01  mom_y=9.467e-01  mom_z=9.467e-01  heat=9.468e-01
BC    inlet_vx=1.024e+00  inlet_vy=8.397e-01  inlet_vz=9.351e-01  inlet_T=4.588e-03  outlet_p=1.607e-02
      wall_vx=7.200e-01   wall_vy=3.490e-02   wall_vz=1.071e-03   wall_T=5.245e-03   wall_dp_dn=2.830e-04  | total=3.581e+00
      w: inlet_vx=1.020e+00  inlet_vy=9.652e-01  inlet_vz=9.777e-01  inlet_T=9.464e-01  outlet_p=9.465e-01
      w: wall_vx=1.003e+00   wall_vy=9.465e-01   wall_vz=9.468e-01   wall_T=9.465e-01   wall_dp_dn=9.467e-01
SUP   vx=0.000e+00  vy=0.000e+00  vz=0.000e+00  p=0.000e+00  T=0.000e+00  | total=0.000e+00
      w: vx=9.468e-01  vy=9.468e-01  vz=9.468e-01  p=9.468e-01  T=9.468e-01
MSE   vx=7.033e+02  vy=9.054e-03  vz=4.600e-03  p=4.823e-06  T=5.296e-03  | total=7.033e+02




[  533/10000]
PDE   div=5.149e-01  mom_x=9.977e-02  mom_y=6.579e-04  mom_z=2.345e-03  heat=2.901e-08  | total=6.176e-01
      w: div=9.522e-01  mom_x=9.471e-01  mom_y=9.466e-01  mom_z=9.466e-01  heat=9.467e-01
BC    inlet_vx=1.025e+00  inlet_vy=8.396e-01  inlet_vz=9.351e-01  inlet_T=4.639e-03  outlet_p=1.598e-02
      wall_vx=7.173e-01   wall_vy=3.546e-02   wall_vz=1.194e-03   wall_T=5.806e-03   wall_dp_dn=2.651e-04  | total=3.580e+00
      w: inlet_vx=1.020e+00  inlet_vy=9.651e-01  inlet_vz=9.776e-01  inlet_T=9.463e-01  outlet_p=9.464e-01
      w: wall_vx=1.003e+00   wall_vy=9.464e-01   wall_vz=9.467e-01   wall_T=9.464e-01   wall_dp_dn=9.466e-01
SUP   vx=0.000e+00  vy=0.000e+00  vz=0.000e+00  p=0.000e+00  T=0.000e+00  | total=0.000e+00
      w: vx=9.467e-01  vy=9.467e-01  vz=9.467e-01  p=9.467e-01  T=9.467e-01
MSE   vx=7.039e+02  vy=9.061e-03  vz=4.599e-03  p=4.831e-06  T=5.261e-03  | total=7.039e+02




[  534/10000]
PDE   div=5.246e-01  mom_x=9.913e-02  mom_y=6.407e-04  mom_z=2.361e-03  heat=2.892e-08  | total=6.267e-01
      w: div=9.522e-01  mom_x=9.470e-01  mom_y=9.465e-01  mom_z=9.465e-01  heat=9.466e-01
BC    inlet_vx=1.025e+00  inlet_vy=8.394e-01  inlet_vz=9.350e-01  inlet_T=4.689e-03  outlet_p=1.584e-02
      wall_vx=7.347e-01   wall_vy=3.575e-02   wall_vz=1.106e-03   wall_T=5.316e-03   wall_dp_dn=2.957e-04  | total=3.597e+00
      w: inlet_vx=1.020e+00  inlet_vy=9.650e-01  inlet_vz=9.775e-01  inlet_T=9.462e-01  outlet_p=9.463e-01
      w: wall_vx=1.003e+00   wall_vy=9.463e-01   wall_vz=9.466e-01   wall_T=9.463e-01   wall_dp_dn=9.465e-01
SUP   vx=0.000e+00  vy=0.000e+00  vz=0.000e+00  p=0.000e+00  T=0.000e+00  | total=0.000e+00
      w: vx=9.466e-01  vy=9.466e-01  vz=9.466e-01  p=9.466e-01  T=9.466e-01
MSE   vx=7.045e+02  vy=9.068e-03  vz=4.599e-03  p=4.840e-06  T=5.227e-03  | total=7.045e+02




[  535/10000]
PDE   div=5.092e-01  mom_x=9.575e-02  mom_y=6.422e-04  mom_z=2.363e-03  heat=2.863e-08  | total=6.080e-01
      w: div=9.521e-01  mom_x=9.469e-01  mom_y=9.464e-01  mom_z=9.464e-01  heat=9.465e-01
BC    inlet_vx=1.025e+00  inlet_vy=8.393e-01  inlet_vz=9.349e-01  inlet_T=4.738e-03  outlet_p=1.584e-02
      wall_vx=7.464e-01   wall_vy=3.575e-02   wall_vz=1.181e-03   wall_T=5.521e-03   wall_dp_dn=2.790e-04  | total=3.609e+00
      w: inlet_vx=1.020e+00  inlet_vy=9.649e-01  inlet_vz=9.774e-01  inlet_T=9.461e-01  outlet_p=9.462e-01
      w: wall_vx=1.003e+00   wall_vy=9.462e-01   wall_vz=9.465e-01   wall_T=9.462e-01   wall_dp_dn=9.464e-01
SUP   vx=0.000e+00  vy=0.000e+00  vz=0.000e+00  p=0.000e+00  T=0.000e+00  | total=0.000e+00
      w: vx=9.465e-01  vy=9.465e-01  vz=9.465e-01  p=9.465e-01  T=9.465e-01
MSE   vx=7.052e+02  vy=9.074e-03  vz=4.598e-03  p=4.849e-06  T=5.195e-03  | total=7.052e+02




[  536/10000]
PDE   div=5.215e-01  mom_x=9.536e-02  mom_y=6.149e-04  mom_z=2.279e-03  heat=2.747e-08  | total=6.197e-01
      w: div=9.520e-01  mom_x=9.468e-01  mom_y=9.463e-01  mom_z=9.463e-01  heat=9.464e-01
BC    inlet_vx=1.025e+00  inlet_vy=8.392e-01  inlet_vz=9.348e-01  inlet_T=4.785e-03  outlet_p=1.588e-02
      wall_vx=7.569e-01   wall_vy=3.461e-02   wall_vz=1.146e-03   wall_T=5.204e-03   wall_dp_dn=2.826e-04  | total=3.618e+00
      w: inlet_vx=1.020e+00  inlet_vy=9.648e-01  inlet_vz=9.772e-01  inlet_T=9.460e-01  outlet_p=9.461e-01
      w: wall_vx=1.003e+00   wall_vy=9.461e-01   wall_vz=9.464e-01   wall_T=9.461e-01   wall_dp_dn=9.463e-01
SUP   vx=0.000e+00  vy=0.000e+00  vz=0.000e+00  p=0.000e+00  T=0.000e+00  | total=0.000e+00
      w: vx=9.464e-01  vy=9.464e-01  vz=9.464e-01  p=9.464e-01  T=9.464e-01
MSE   vx=7.058e+02  vy=9.081e-03  vz=4.598e-03  p=4.857e-06  T=5.164e-03  | total=7.059e+02




[  537/10000]
PDE   div=5.329e-01  mom_x=1.009e-01  mom_y=6.217e-04  mom_z=2.290e-03  heat=3.043e-08  | total=6.367e-01
      w: div=9.519e-01  mom_x=9.467e-01  mom_y=9.462e-01  mom_z=9.462e-01  heat=9.463e-01
BC    inlet_vx=1.025e+00  inlet_vy=8.391e-01  inlet_vz=9.347e-01  inlet_T=4.831e-03  outlet_p=1.570e-02
      wall_vx=7.373e-01   wall_vy=3.427e-02   wall_vz=1.241e-03   wall_T=5.532e-03   wall_dp_dn=2.516e-04  | total=3.598e+00
      w: inlet_vx=1.020e+00  inlet_vy=9.646e-01  inlet_vz=9.771e-01  inlet_T=9.459e-01  outlet_p=9.460e-01
      w: wall_vx=1.003e+00   wall_vy=9.460e-01   wall_vz=9.463e-01   wall_T=9.460e-01   wall_dp_dn=9.462e-01
SUP   vx=0.000e+00  vy=0.000e+00  vz=0.000e+00  p=0.000e+00  T=0.000e+00  | total=0.000e+00
      w: vx=9.463e-01  vy=9.463e-01  vz=9.463e-01  p=9.463e-01  T=9.463e-01
MSE   vx=7.065e+02  vy=9.087e-03  vz=4.597e-03  p=4.866e-06  T=5.134e-03  | total=7.065e+02




[  538/10000]
PDE   div=5.243e-01  mom_x=9.544e-02  mom_y=5.937e-04  mom_z=2.260e-03  heat=2.762e-08  | total=6.226e-01
      w: div=9.518e-01  mom_x=9.466e-01  mom_y=9.461e-01  mom_z=9.461e-01  heat=9.462e-01
BC    inlet_vx=1.026e+00  inlet_vy=8.390e-01  inlet_vz=9.346e-01  inlet_T=4.873e-03  outlet_p=1.581e-02
      wall_vx=7.918e-01   wall_vy=3.364e-02   wall_vz=1.212e-03   wall_T=5.462e-03   wall_dp_dn=2.832e-04  | total=3.652e+00
      w: inlet_vx=1.020e+00  inlet_vy=9.645e-01  inlet_vz=9.770e-01  inlet_T=9.458e-01  outlet_p=9.459e-01
      w: wall_vx=1.003e+00   wall_vy=9.459e-01   wall_vz=9.462e-01   wall_T=9.459e-01   wall_dp_dn=9.461e-01
SUP   vx=0.000e+00  vy=0.000e+00  vz=0.000e+00  p=0.000e+00  T=0.000e+00  | total=0.000e+00
      w: vx=9.462e-01  vy=9.462e-01  vz=9.462e-01  p=9.462e-01  T=9.462e-01
MSE   vx=7.072e+02  vy=9.094e-03  vz=4.597e-03  p=4.874e-06  T=5.106e-03  | total=7.072e+02




[  539/10000]
PDE   div=5.189e-01  mom_x=9.866e-02  mom_y=5.952e-04  mom_z=2.256e-03  heat=2.904e-08  | total=6.204e-01
      w: div=9.517e-01  mom_x=9.465e-01  mom_y=9.460e-01  mom_z=9.460e-01  heat=9.461e-01
BC    inlet_vx=1.026e+00  inlet_vy=8.389e-01  inlet_vz=9.346e-01  inlet_T=4.913e-03  outlet_p=1.583e-02
      wall_vx=6.869e-01   wall_vy=3.463e-02   wall_vz=1.092e-03   wall_T=5.411e-03   wall_dp_dn=2.500e-04  | total=3.548e+00
      w: inlet_vx=1.020e+00  inlet_vy=9.644e-01  inlet_vz=9.769e-01  inlet_T=9.457e-01  outlet_p=9.458e-01
      w: wall_vx=1.003e+00   wall_vy=9.458e-01   wall_vz=9.461e-01   wall_T=9.458e-01   wall_dp_dn=9.460e-01
SUP   vx=0.000e+00  vy=0.000e+00  vz=0.000e+00  p=0.000e+00  T=0.000e+00  | total=0.000e+00
      w: vx=9.461e-01  vy=9.461e-01  vz=9.461e-01  p=9.461e-01  T=9.461e-01
MSE   vx=7.079e+02  vy=9.100e-03  vz=4.596e-03  p=4.883e-06  T=5.079e-03  | total=7.079e+02




[  540/10000]
PDE   div=5.193e-01  mom_x=9.752e-02  mom_y=5.906e-04  mom_z=2.341e-03  heat=2.819e-08  | total=6.197e-01
      w: div=9.516e-01  mom_x=9.464e-01  mom_y=9.459e-01  mom_z=9.459e-01  heat=9.460e-01
BC    inlet_vx=1.026e+00  inlet_vy=8.388e-01  inlet_vz=9.345e-01  inlet_T=4.950e-03  outlet_p=1.568e-02
      wall_vx=7.297e-01   wall_vy=3.546e-02   wall_vz=1.137e-03   wall_T=5.432e-03   wall_dp_dn=2.684e-04  | total=3.592e+00
      w: inlet_vx=1.020e+00  inlet_vy=9.643e-01  inlet_vz=9.768e-01  inlet_T=9.456e-01  outlet_p=9.457e-01
      w: wall_vx=1.002e+00   wall_vy=9.457e-01   wall_vz=9.460e-01   wall_T=9.457e-01   wall_dp_dn=9.459e-01
SUP   vx=0.000e+00  vy=0.000e+00  vz=0.000e+00  p=0.000e+00  T=0.000e+00  | total=0.000e+00
      w: vx=9.460e-01  vy=9.460e-01  vz=9.460e-01  p=9.460e-01  T=9.460e-01
MSE   vx=7.087e+02  vy=9.106e-03  vz=4.596e-03  p=4.891e-06  T=5.053e-03  | total=7.087e+02




[  541/10000]
PDE   div=5.335e-01  mom_x=1.045e-01  mom_y=6.054e-04  mom_z=2.309e-03  heat=2.939e-08  | total=6.409e-01
      w: div=9.515e-01  mom_x=9.463e-01  mom_y=9.458e-01  mom_z=9.458e-01  heat=9.459e-01
BC    inlet_vx=1.026e+00  inlet_vy=8.388e-01  inlet_vz=9.344e-01  inlet_T=4.985e-03  outlet_p=1.567e-02
      wall_vx=7.561e-01   wall_vy=3.526e-02   wall_vz=1.234e-03   wall_T=5.270e-03   wall_dp_dn=2.692e-04  | total=3.618e+00
      w: inlet_vx=1.020e+00  inlet_vy=9.642e-01  inlet_vz=9.766e-01  inlet_T=9.455e-01  outlet_p=9.455e-01
      w: wall_vx=1.002e+00   wall_vy=9.456e-01   wall_vz=9.459e-01   wall_T=9.456e-01   wall_dp_dn=9.458e-01
SUP   vx=0.000e+00  vy=0.000e+00  vz=0.000e+00  p=0.000e+00  T=0.000e+00  | total=0.000e+00
      w: vx=9.459e-01  vy=9.459e-01  vz=9.459e-01  p=9.459e-01  T=9.459e-01
MSE   vx=7.094e+02  vy=9.111e-03  vz=4.595e-03  p=4.900e-06  T=5.028e-03  | total=7.094e+02




[  542/10000]
PDE   div=5.287e-01  mom_x=9.916e-02  mom_y=6.012e-04  mom_z=2.346e-03  heat=2.615e-08  | total=6.308e-01
      w: div=9.515e-01  mom_x=9.462e-01  mom_y=9.457e-01  mom_z=9.457e-01  heat=9.458e-01
BC    inlet_vx=1.027e+00  inlet_vy=8.387e-01  inlet_vz=9.343e-01  inlet_T=5.014e-03  outlet_p=1.567e-02
      wall_vx=7.523e-01   wall_vy=3.581e-02   wall_vz=1.179e-03   wall_T=5.198e-03   wall_dp_dn=2.577e-04  | total=3.615e+00
      w: inlet_vx=1.020e+00  inlet_vy=9.641e-01  inlet_vz=9.765e-01  inlet_T=9.454e-01  outlet_p=9.454e-01
      w: wall_vx=1.002e+00   wall_vy=9.455e-01   wall_vz=9.458e-01   wall_T=9.455e-01   wall_dp_dn=9.457e-01
SUP   vx=0.000e+00  vy=0.000e+00  vz=0.000e+00  p=0.000e+00  T=0.000e+00  | total=0.000e+00
      w: vx=9.458e-01  vy=9.458e-01  vz=9.458e-01  p=9.458e-01  T=9.458e-01
MSE   vx=7.101e+02  vy=9.117e-03  vz=4.595e-03  p=4.908e-06  T=5.004e-03  | total=7.102e+02




[  543/10000]
PDE   div=5.248e-01  mom_x=9.802e-02  mom_y=5.670e-04  mom_z=2.185e-03  heat=2.781e-08  | total=6.256e-01
      w: div=9.514e-01  mom_x=9.461e-01  mom_y=9.456e-01  mom_z=9.456e-01  heat=9.457e-01
BC    inlet_vx=1.027e+00  inlet_vy=8.386e-01  inlet_vz=9.342e-01  inlet_T=5.040e-03  outlet_p=1.562e-02
      wall_vx=7.570e-01   wall_vy=3.466e-02   wall_vz=1.206e-03   wall_T=5.251e-03   wall_dp_dn=2.643e-04  | total=3.619e+00
      w: inlet_vx=1.020e+00  inlet_vy=9.640e-01  inlet_vz=9.764e-01  inlet_T=9.453e-01  outlet_p=9.453e-01
      w: wall_vx=1.002e+00   wall_vy=9.454e-01   wall_vz=9.457e-01   wall_T=9.454e-01   wall_dp_dn=9.456e-01
SUP   vx=0.000e+00  vy=0.000e+00  vz=0.000e+00  p=0.000e+00  T=0.000e+00  | total=0.000e+00
      w: vx=9.457e-01  vy=9.457e-01  vz=9.457e-01  p=9.457e-01  T=9.457e-01
MSE   vx=7.109e+02  vy=9.123e-03  vz=4.594e-03  p=4.917e-06  T=4.982e-03  | total=7.109e+02




[  544/10000]
PDE   div=5.218e-01  mom_x=9.984e-02  mom_y=5.650e-04  mom_z=2.232e-03  heat=2.861e-08  | total=6.244e-01
      w: div=9.513e-01  mom_x=9.460e-01  mom_y=9.455e-01  mom_z=9.455e-01  heat=9.456e-01
BC    inlet_vx=1.027e+00  inlet_vy=8.385e-01  inlet_vz=9.341e-01  inlet_T=5.062e-03  outlet_p=1.550e-02
      wall_vx=6.932e-01   wall_vy=3.540e-02   wall_vz=1.115e-03   wall_T=5.064e-03   wall_dp_dn=2.660e-04  | total=3.555e+00
      w: inlet_vx=1.020e+00  inlet_vy=9.639e-01  inlet_vz=9.763e-01  inlet_T=9.452e-01  outlet_p=9.452e-01
      w: wall_vx=1.002e+00   wall_vy=9.453e-01   wall_vz=9.456e-01   wall_T=9.453e-01   wall_dp_dn=9.455e-01
SUP   vx=0.000e+00  vy=0.000e+00  vz=0.000e+00  p=0.000e+00  T=0.000e+00  | total=0.000e+00
      w: vx=9.456e-01  vy=9.456e-01  vz=9.456e-01  p=9.456e-01  T=9.456e-01
MSE   vx=7.117e+02  vy=9.128e-03  vz=4.593e-03  p=4.925e-06  T=4.961e-03  | total=7.117e+02




[  545/10000]
PDE   div=5.371e-01  mom_x=1.038e-01  mom_y=5.892e-04  mom_z=2.271e-03  heat=2.893e-08  | total=6.437e-01
      w: div=9.512e-01  mom_x=9.459e-01  mom_y=9.454e-01  mom_z=9.454e-01  heat=9.455e-01
BC    inlet_vx=1.027e+00  inlet_vy=8.385e-01  inlet_vz=9.341e-01  inlet_T=5.080e-03  outlet_p=1.559e-02
      wall_vx=7.288e-01   wall_vy=3.472e-02   wall_vz=1.160e-03   wall_T=5.328e-03   wall_dp_dn=2.625e-04  | total=3.591e+00
      w: inlet_vx=1.020e+00  inlet_vy=9.638e-01  inlet_vz=9.762e-01  inlet_T=9.451e-01  outlet_p=9.451e-01
      w: wall_vx=1.002e+00   wall_vy=9.452e-01   wall_vz=9.455e-01   wall_T=9.452e-01   wall_dp_dn=9.454e-01
SUP   vx=0.000e+00  vy=0.000e+00  vz=0.000e+00  p=0.000e+00  T=0.000e+00  | total=0.000e+00
      w: vx=9.455e-01  vy=9.455e-01  vz=9.455e-01  p=9.455e-01  T=9.455e-01
MSE   vx=7.124e+02  vy=9.134e-03  vz=4.593e-03  p=4.933e-06  T=4.941e-03  | total=7.125e+02




[  546/10000]
PDE   div=5.207e-01  mom_x=9.659e-02  mom_y=5.581e-04  mom_z=2.061e-03  heat=2.798e-08  | total=6.200e-01
      w: div=9.511e-01  mom_x=9.458e-01  mom_y=9.453e-01  mom_z=9.453e-01  heat=9.454e-01
BC    inlet_vx=1.027e+00  inlet_vy=8.384e-01  inlet_vz=9.340e-01  inlet_T=5.093e-03  outlet_p=1.548e-02
      wall_vx=7.436e-01   wall_vy=3.623e-02   wall_vz=1.201e-03   wall_T=5.078e-03   wall_dp_dn=2.692e-04  | total=3.607e+00
      w: inlet_vx=1.020e+00  inlet_vy=9.637e-01  inlet_vz=9.761e-01  inlet_T=9.450e-01  outlet_p=9.450e-01
      w: wall_vx=1.002e+00   wall_vy=9.451e-01   wall_vz=9.454e-01   wall_T=9.451e-01   wall_dp_dn=9.453e-01
SUP   vx=0.000e+00  vy=0.000e+00  vz=0.000e+00  p=0.000e+00  T=0.000e+00  | total=0.000e+00
      w: vx=9.454e-01  vy=9.454e-01  vz=9.454e-01  p=9.454e-01  T=9.454e-01
MSE   vx=7.132e+02  vy=9.139e-03  vz=4.592e-03  p=4.942e-06  T=4.922e-03  | total=7.132e+02




[  547/10000]
PDE   div=5.301e-01  mom_x=1.011e-01  mom_y=5.742e-04  mom_z=2.021e-03  heat=3.073e-08  | total=6.338e-01
      w: div=9.510e-01  mom_x=9.457e-01  mom_y=9.452e-01  mom_z=9.452e-01  heat=9.453e-01
BC    inlet_vx=1.027e+00  inlet_vy=8.384e-01  inlet_vz=9.339e-01  inlet_T=5.100e-03  outlet_p=1.537e-02
      wall_vx=7.245e-01   wall_vy=3.510e-02   wall_vz=1.161e-03   wall_T=5.091e-03   wall_dp_dn=2.663e-04  | total=3.586e+00
      w: inlet_vx=1.020e+00  inlet_vy=9.636e-01  inlet_vz=9.759e-01  inlet_T=9.449e-01  outlet_p=9.449e-01
      w: wall_vx=1.002e+00   wall_vy=9.450e-01   wall_vz=9.453e-01   wall_T=9.450e-01   wall_dp_dn=9.452e-01
SUP   vx=0.000e+00  vy=0.000e+00  vz=0.000e+00  p=0.000e+00  T=0.000e+00  | total=0.000e+00
      w: vx=9.453e-01  vy=9.453e-01  vz=9.453e-01  p=9.453e-01  T=9.453e-01
MSE   vx=7.140e+02  vy=9.144e-03  vz=4.592e-03  p=4.950e-06  T=4.905e-03  | total=7.140e+02




[  548/10000]
PDE   div=5.304e-01  mom_x=9.861e-02  mom_y=5.548e-04  mom_z=2.034e-03  heat=2.657e-08  | total=6.316e-01
      w: div=9.509e-01  mom_x=9.457e-01  mom_y=9.451e-01  mom_z=9.451e-01  heat=9.452e-01
BC    inlet_vx=1.028e+00  inlet_vy=8.383e-01  inlet_vz=9.338e-01  inlet_T=5.104e-03  outlet_p=1.534e-02
      wall_vx=7.142e-01   wall_vy=3.425e-02   wall_vz=1.153e-03   wall_T=5.144e-03   wall_dp_dn=2.633e-04  | total=3.575e+00
      w: inlet_vx=1.020e+00  inlet_vy=9.635e-01  inlet_vz=9.758e-01  inlet_T=9.448e-01  outlet_p=9.448e-01
      w: wall_vx=1.002e+00   wall_vy=9.449e-01   wall_vz=9.452e-01   wall_T=9.449e-01   wall_dp_dn=9.451e-01
SUP   vx=0.000e+00  vy=0.000e+00  vz=0.000e+00  p=0.000e+00  T=0.000e+00  | total=0.000e+00
      w: vx=9.452e-01  vy=9.452e-01  vz=9.452e-01  p=9.452e-01  T=9.452e-01
MSE   vx=7.148e+02  vy=9.148e-03  vz=4.591e-03  p=4.958e-06  T=4.889e-03  | total=7.148e+02




[  549/10000]
PDE   div=5.343e-01  mom_x=1.003e-01  mom_y=5.459e-04  mom_z=2.058e-03  heat=2.753e-08  | total=6.372e-01
      w: div=9.509e-01  mom_x=9.456e-01  mom_y=9.450e-01  mom_z=9.450e-01  heat=9.451e-01
BC    inlet_vx=1.028e+00  inlet_vy=8.383e-01  inlet_vz=9.337e-01  inlet_T=5.102e-03  outlet_p=1.535e-02
      wall_vx=7.273e-01   wall_vy=3.421e-02   wall_vz=1.162e-03   wall_T=5.307e-03   wall_dp_dn=2.577e-04  | total=3.588e+00
      w: inlet_vx=1.020e+00  inlet_vy=9.634e-01  inlet_vz=9.757e-01  inlet_T=9.447e-01  outlet_p=9.447e-01
      w: wall_vx=1.002e+00   wall_vy=9.448e-01   wall_vz=9.451e-01   wall_T=9.448e-01   wall_dp_dn=9.450e-01
SUP   vx=0.000e+00  vy=0.000e+00  vz=0.000e+00  p=0.000e+00  T=0.000e+00  | total=0.000e+00
      w: vx=9.451e-01  vy=9.451e-01  vz=9.451e-01  p=9.451e-01  T=9.451e-01
MSE   vx=7.156e+02  vy=9.153e-03  vz=4.590e-03  p=4.967e-06  T=4.873e-03  | total=7.156e+02




[  550/10000]
PDE   div=5.321e-01  mom_x=9.746e-02  mom_y=5.556e-04  mom_z=1.863e-03  heat=2.794e-08  | total=6.319e-01
      w: div=9.508e-01  mom_x=9.455e-01  mom_y=9.449e-01  mom_z=9.449e-01  heat=9.450e-01
BC    inlet_vx=1.028e+00  inlet_vy=8.382e-01  inlet_vz=9.336e-01  inlet_T=5.095e-03  outlet_p=1.531e-02
      wall_vx=7.359e-01   wall_vy=3.488e-02   wall_vz=1.279e-03   wall_T=5.275e-03   wall_dp_dn=2.362e-04  | total=3.598e+00
      w: inlet_vx=1.020e+00  inlet_vy=9.633e-01  inlet_vz=9.756e-01  inlet_T=9.446e-01  outlet_p=9.446e-01
      w: wall_vx=1.002e+00   wall_vy=9.447e-01   wall_vz=9.450e-01   wall_T=9.447e-01   wall_dp_dn=9.449e-01
SUP   vx=0.000e+00  vy=0.000e+00  vz=0.000e+00  p=0.000e+00  T=0.000e+00  | total=0.000e+00
      w: vx=9.450e-01  vy=9.450e-01  vz=9.450e-01  p=9.450e-01  T=9.450e-01
MSE   vx=7.164e+02  vy=9.157e-03  vz=4.589e-03  p=4.975e-06  T=4.859e-03  | total=7.164e+02




[  551/10000]
PDE   div=5.383e-01  mom_x=1.007e-01  mom_y=5.231e-04  mom_z=1.974e-03  heat=2.843e-08  | total=6.415e-01
      w: div=9.507e-01  mom_x=9.454e-01  mom_y=9.448e-01  mom_z=9.447e-01  heat=9.449e-01
BC    inlet_vx=1.028e+00  inlet_vy=8.382e-01  inlet_vz=9.336e-01  inlet_T=5.082e-03  outlet_p=1.517e-02
      wall_vx=7.049e-01   wall_vy=3.579e-02   wall_vz=1.177e-03   wall_T=5.245e-03   wall_dp_dn=2.419e-04  | total=3.567e+00
      w: inlet_vx=1.020e+00  inlet_vy=9.632e-01  inlet_vz=9.755e-01  inlet_T=9.445e-01  outlet_p=9.445e-01
      w: wall_vx=1.002e+00   wall_vy=9.446e-01   wall_vz=9.449e-01   wall_T=9.446e-01   wall_dp_dn=9.448e-01
SUP   vx=0.000e+00  vy=0.000e+00  vz=0.000e+00  p=0.000e+00  T=0.000e+00  | total=0.000e+00
      w: vx=9.449e-01  vy=9.449e-01  vz=9.449e-01  p=9.449e-01  T=9.449e-01
MSE   vx=7.172e+02  vy=9.161e-03  vz=4.589e-03  p=4.983e-06  T=4.846e-03  | total=7.172e+02




[  552/10000]
PDE   div=5.230e-01  mom_x=9.729e-02  mom_y=5.294e-04  mom_z=1.944e-03  heat=2.826e-08  | total=6.228e-01
      w: div=9.506e-01  mom_x=9.453e-01  mom_y=9.447e-01  mom_z=9.446e-01  heat=9.448e-01
BC    inlet_vx=1.028e+00  inlet_vy=8.381e-01  inlet_vz=9.335e-01  inlet_T=5.065e-03  outlet_p=1.519e-02
      wall_vx=7.084e-01   wall_vy=3.338e-02   wall_vz=1.101e-03   wall_T=4.994e-03   wall_dp_dn=2.430e-04  | total=3.568e+00
      w: inlet_vx=1.020e+00  inlet_vy=9.631e-01  inlet_vz=9.754e-01  inlet_T=9.444e-01  outlet_p=9.444e-01
      w: wall_vx=1.002e+00   wall_vy=9.445e-01   wall_vz=9.448e-01   wall_T=9.445e-01   wall_dp_dn=9.447e-01
SUP   vx=0.000e+00  vy=0.000e+00  vz=0.000e+00  p=0.000e+00  T=0.000e+00  | total=0.000e+00
      w: vx=9.448e-01  vy=9.448e-01  vz=9.448e-01  p=9.448e-01  T=9.448e-01
MSE   vx=7.180e+02  vy=9.165e-03  vz=4.588e-03  p=4.992e-06  T=4.834e-03  | total=7.180e+02




[  553/10000]
PDE   div=5.442e-01  mom_x=9.852e-02  mom_y=5.068e-04  mom_z=1.902e-03  heat=2.700e-08  | total=6.451e-01
      w: div=9.505e-01  mom_x=9.452e-01  mom_y=9.446e-01  mom_z=9.445e-01  heat=9.447e-01
BC    inlet_vx=1.028e+00  inlet_vy=8.381e-01  inlet_vz=9.334e-01  inlet_T=5.042e-03  outlet_p=1.522e-02
      wall_vx=7.316e-01   wall_vy=3.561e-02   wall_vz=1.157e-03   wall_T=4.968e-03   wall_dp_dn=2.444e-04  | total=3.593e+00
      w: inlet_vx=1.020e+00  inlet_vy=9.630e-01  inlet_vz=9.752e-01  inlet_T=9.443e-01  outlet_p=9.443e-01
      w: wall_vx=1.002e+00   wall_vy=9.444e-01   wall_vz=9.447e-01   wall_T=9.444e-01   wall_dp_dn=9.446e-01
SUP   vx=0.000e+00  vy=0.000e+00  vz=0.000e+00  p=0.000e+00  T=0.000e+00  | total=0.000e+00
      w: vx=9.447e-01  vy=9.447e-01  vz=9.447e-01  p=9.447e-01  T=9.447e-01
MSE   vx=7.188e+02  vy=9.169e-03  vz=4.587e-03  p=5.000e-06  T=4.823e-03  | total=7.188e+02




[  554/10000]
PDE   div=5.463e-01  mom_x=9.596e-02  mom_y=5.099e-04  mom_z=1.849e-03  heat=2.597e-08  | total=6.446e-01
      w: div=9.504e-01  mom_x=9.451e-01  mom_y=9.445e-01  mom_z=9.444e-01  heat=9.446e-01
BC    inlet_vx=1.028e+00  inlet_vy=8.381e-01  inlet_vz=9.333e-01  inlet_T=5.015e-03  outlet_p=1.524e-02
      wall_vx=7.806e-01   wall_vy=3.619e-02   wall_vz=1.181e-03   wall_T=5.001e-03   wall_dp_dn=2.441e-04  | total=3.643e+00
      w: inlet_vx=1.020e+00  inlet_vy=9.629e-01  inlet_vz=9.751e-01  inlet_T=9.442e-01  outlet_p=9.442e-01
      w: wall_vx=1.002e+00   wall_vy=9.443e-01   wall_vz=9.446e-01   wall_T=9.443e-01   wall_dp_dn=9.445e-01
SUP   vx=0.000e+00  vy=0.000e+00  vz=0.000e+00  p=0.000e+00  T=0.000e+00  | total=0.000e+00
      w: vx=9.446e-01  vy=9.446e-01  vz=9.446e-01  p=9.446e-01  T=9.446e-01
MSE   vx=7.196e+02  vy=9.173e-03  vz=4.586e-03  p=5.008e-06  T=4.814e-03  | total=7.196e+02




[  555/10000]
PDE   div=5.504e-01  mom_x=1.031e-01  mom_y=5.285e-04  mom_z=1.838e-03  heat=2.848e-08  | total=6.558e-01
      w: div=9.503e-01  mom_x=9.450e-01  mom_y=9.444e-01  mom_z=9.443e-01  heat=9.445e-01
BC    inlet_vx=1.028e+00  inlet_vy=8.381e-01  inlet_vz=9.332e-01  inlet_T=4.983e-03  outlet_p=1.516e-02
      wall_vx=7.399e-01   wall_vy=3.480e-02   wall_vz=1.148e-03   wall_T=4.728e-03   wall_dp_dn=2.658e-04  | total=3.601e+00
      w: inlet_vx=1.020e+00  inlet_vy=9.628e-01  inlet_vz=9.750e-01  inlet_T=9.441e-01  outlet_p=9.441e-01
      w: wall_vx=1.002e+00   wall_vy=9.442e-01   wall_vz=9.445e-01   wall_T=9.442e-01   wall_dp_dn=9.444e-01
SUP   vx=0.000e+00  vy=0.000e+00  vz=0.000e+00  p=0.000e+00  T=0.000e+00  | total=0.000e+00
      w: vx=9.445e-01  vy=9.445e-01  vz=9.445e-01  p=9.445e-01  T=9.445e-01
MSE   vx=7.204e+02  vy=9.176e-03  vz=4.586e-03  p=5.016e-06  T=4.805e-03  | total=7.204e+02




[  556/10000]
PDE   div=5.401e-01  mom_x=9.697e-02  mom_y=5.178e-04  mom_z=1.755e-03  heat=2.619e-08  | total=6.393e-01
      w: div=9.502e-01  mom_x=9.449e-01  mom_y=9.443e-01  mom_z=9.442e-01  heat=9.444e-01
BC    inlet_vx=1.029e+00  inlet_vy=8.380e-01  inlet_vz=9.332e-01  inlet_T=4.946e-03  outlet_p=1.514e-02
      wall_vx=7.471e-01   wall_vy=3.500e-02   wall_vz=1.176e-03   wall_T=4.805e-03   wall_dp_dn=2.495e-04  | total=3.608e+00
      w: inlet_vx=1.020e+00  inlet_vy=9.627e-01  inlet_vz=9.749e-01  inlet_T=9.440e-01  outlet_p=9.440e-01
      w: wall_vx=1.002e+00   wall_vy=9.441e-01   wall_vz=9.444e-01   wall_T=9.441e-01   wall_dp_dn=9.443e-01
SUP   vx=0.000e+00  vy=0.000e+00  vz=0.000e+00  p=0.000e+00  T=0.000e+00  | total=0.000e+00
      w: vx=9.444e-01  vy=9.444e-01  vz=9.444e-01  p=9.444e-01  T=9.444e-01
MSE   vx=7.212e+02  vy=9.179e-03  vz=4.585e-03  p=5.025e-06  T=4.797e-03  | total=7.212e+02




[  557/10000]
PDE   div=5.422e-01  mom_x=9.904e-02  mom_y=5.099e-04  mom_z=1.723e-03  heat=2.673e-08  | total=6.435e-01
      w: div=9.502e-01  mom_x=9.448e-01  mom_y=9.442e-01  mom_z=9.441e-01  heat=9.443e-01
BC    inlet_vx=1.029e+00  inlet_vy=8.380e-01  inlet_vz=9.331e-01  inlet_T=4.905e-03  outlet_p=1.507e-02
      wall_vx=7.510e-01   wall_vy=3.433e-02   wall_vz=1.277e-03   wall_T=5.128e-03   wall_dp_dn=2.462e-04  | total=3.612e+00
      w: inlet_vx=1.020e+00  inlet_vy=9.626e-01  inlet_vz=9.748e-01  inlet_T=9.439e-01  outlet_p=9.439e-01
      w: wall_vx=1.002e+00   wall_vy=9.440e-01   wall_vz=9.443e-01   wall_T=9.440e-01   wall_dp_dn=9.442e-01
SUP   vx=0.000e+00  vy=0.000e+00  vz=0.000e+00  p=0.000e+00  T=0.000e+00  | total=0.000e+00
      w: vx=9.443e-01  vy=9.443e-01  vz=9.443e-01  p=9.443e-01  T=9.443e-01
MSE   vx=7.219e+02  vy=9.182e-03  vz=4.584e-03  p=5.033e-06  T=4.791e-03  | total=7.219e+02




[  558/10000]
PDE   div=5.350e-01  mom_x=9.798e-02  mom_y=5.157e-04  mom_z=1.805e-03  heat=2.713e-08  | total=6.353e-01
      w: div=9.501e-01  mom_x=9.447e-01  mom_y=9.441e-01  mom_z=9.440e-01  heat=9.442e-01
BC    inlet_vx=1.030e+00  inlet_vy=8.380e-01  inlet_vz=9.330e-01  inlet_T=4.858e-03  outlet_p=1.499e-02
      wall_vx=7.115e-01   wall_vy=3.624e-02   wall_vz=1.170e-03   wall_T=4.900e-03   wall_dp_dn=2.401e-04  | total=3.575e+00
      w: inlet_vx=1.020e+00  inlet_vy=9.625e-01  inlet_vz=9.746e-01  inlet_T=9.438e-01  outlet_p=9.438e-01
      w: wall_vx=1.002e+00   wall_vy=9.439e-01   wall_vz=9.442e-01   wall_T=9.439e-01   wall_dp_dn=9.441e-01
SUP   vx=0.000e+00  vy=0.000e+00  vz=0.000e+00  p=0.000e+00  T=0.000e+00  | total=0.000e+00
      w: vx=9.442e-01  vy=9.442e-01  vz=9.442e-01  p=9.442e-01  T=9.442e-01
MSE   vx=7.227e+02  vy=9.184e-03  vz=4.583e-03  p=5.041e-06  T=4.785e-03  | total=7.227e+02




[  559/10000]
PDE   div=5.395e-01  mom_x=9.818e-02  mom_y=4.915e-04  mom_z=1.792e-03  heat=2.406e-08  | total=6.399e-01
      w: div=9.500e-01  mom_x=9.446e-01  mom_y=9.440e-01  mom_z=9.439e-01  heat=9.441e-01
BC    inlet_vx=1.030e+00  inlet_vy=8.380e-01  inlet_vz=9.329e-01  inlet_T=4.808e-03  outlet_p=1.498e-02
      wall_vx=7.159e-01   wall_vy=3.515e-02   wall_vz=1.171e-03   wall_T=4.943e-03   wall_dp_dn=2.341e-04  | total=3.578e+00
      w: inlet_vx=1.020e+00  inlet_vy=9.624e-01  inlet_vz=9.745e-01  inlet_T=9.437e-01  outlet_p=9.437e-01
      w: wall_vx=1.002e+00   wall_vy=9.438e-01   wall_vz=9.441e-01   wall_T=9.438e-01   wall_dp_dn=9.440e-01
SUP   vx=0.000e+00  vy=0.000e+00  vz=0.000e+00  p=0.000e+00  T=0.000e+00  | total=0.000e+00
      w: vx=9.441e-01  vy=9.441e-01  vz=9.441e-01  p=9.441e-01  T=9.441e-01
MSE   vx=7.234e+02  vy=9.187e-03  vz=4.582e-03  p=5.049e-06  T=4.781e-03  | total=7.235e+02




[  560/10000]
PDE   div=5.351e-01  mom_x=9.754e-02  mom_y=4.992e-04  mom_z=1.629e-03  heat=2.591e-08  | total=6.347e-01
      w: div=9.499e-01  mom_x=9.445e-01  mom_y=9.439e-01  mom_z=9.438e-01  heat=9.440e-01
BC    inlet_vx=1.031e+00  inlet_vy=8.380e-01  inlet_vz=9.328e-01  inlet_T=4.753e-03  outlet_p=1.505e-02
      wall_vx=7.306e-01   wall_vy=3.428e-02   wall_vz=1.235e-03   wall_T=4.723e-03   wall_dp_dn=2.413e-04  | total=3.592e+00
      w: inlet_vx=1.020e+00  inlet_vy=9.623e-01  inlet_vz=9.744e-01  inlet_T=9.436e-01  outlet_p=9.436e-01
      w: wall_vx=1.001e+00   wall_vy=9.437e-01   wall_vz=9.440e-01   wall_T=9.437e-01   wall_dp_dn=9.439e-01
SUP   vx=0.000e+00  vy=0.000e+00  vz=0.000e+00  p=0.000e+00  T=0.000e+00  | total=0.000e+00
      w: vx=9.440e-01  vy=9.440e-01  vz=9.440e-01  p=9.440e-01  T=9.440e-01
MSE   vx=7.242e+02  vy=9.189e-03  vz=4.581e-03  p=5.058e-06  T=4.777e-03  | total=7.242e+02




[  561/10000]
PDE   div=5.374e-01  mom_x=9.765e-02  mom_y=4.972e-04  mom_z=1.626e-03  heat=2.521e-08  | total=6.372e-01
      w: div=9.498e-01  mom_x=9.444e-01  mom_y=9.438e-01  mom_z=9.437e-01  heat=9.439e-01
BC    inlet_vx=1.031e+00  inlet_vy=8.380e-01  inlet_vz=9.328e-01  inlet_T=4.695e-03  outlet_p=1.483e-02
      wall_vx=7.365e-01   wall_vy=3.559e-02   wall_vz=1.075e-03   wall_T=5.272e-03   wall_dp_dn=2.357e-04  | total=3.600e+00
      w: inlet_vx=1.020e+00  inlet_vy=9.622e-01  inlet_vz=9.743e-01  inlet_T=9.435e-01  outlet_p=9.435e-01
      w: wall_vx=1.001e+00   wall_vy=9.436e-01   wall_vz=9.439e-01   wall_T=9.436e-01   wall_dp_dn=9.438e-01
SUP   vx=0.000e+00  vy=0.000e+00  vz=0.000e+00  p=0.000e+00  T=0.000e+00  | total=0.000e+00
      w: vx=9.439e-01  vy=9.439e-01  vz=9.439e-01  p=9.439e-01  T=9.439e-01
MSE   vx=7.249e+02  vy=9.191e-03  vz=4.580e-03  p=5.066e-06  T=4.775e-03  | total=7.249e+02




[  562/10000]
PDE   div=5.426e-01  mom_x=9.546e-02  mom_y=4.875e-04  mom_z=1.561e-03  heat=2.482e-08  | total=6.401e-01
      w: div=9.497e-01  mom_x=9.443e-01  mom_y=9.437e-01  mom_z=9.436e-01  heat=9.438e-01
BC    inlet_vx=1.032e+00  inlet_vy=8.380e-01  inlet_vz=9.327e-01  inlet_T=4.634e-03  outlet_p=1.500e-02
      wall_vx=7.603e-01   wall_vy=3.460e-02   wall_vz=1.250e-03   wall_T=5.088e-03   wall_dp_dn=2.437e-04  | total=3.624e+00
      w: inlet_vx=1.020e+00  inlet_vy=9.621e-01  inlet_vz=9.742e-01  inlet_T=9.434e-01  outlet_p=9.434e-01
      w: wall_vx=1.001e+00   wall_vy=9.435e-01   wall_vz=9.438e-01   wall_T=9.435e-01   wall_dp_dn=9.437e-01
SUP   vx=0.000e+00  vy=0.000e+00  vz=0.000e+00  p=0.000e+00  T=0.000e+00  | total=0.000e+00
      w: vx=9.438e-01  vy=9.438e-01  vz=9.438e-01  p=9.438e-01  T=9.438e-01
MSE   vx=7.257e+02  vy=9.193e-03  vz=4.579e-03  p=5.074e-06  T=4.773e-03  | total=7.257e+02




[  563/10000]
PDE   div=5.507e-01  mom_x=1.032e-01  mom_y=4.985e-04  mom_z=1.600e-03  heat=2.742e-08  | total=6.560e-01
      w: div=9.496e-01  mom_x=9.442e-01  mom_y=9.436e-01  mom_z=9.435e-01  heat=9.437e-01
BC    inlet_vx=1.032e+00  inlet_vy=8.380e-01  inlet_vz=9.326e-01  inlet_T=4.569e-03  outlet_p=1.495e-02
      wall_vx=7.147e-01   wall_vy=3.666e-02   wall_vz=1.192e-03   wall_T=4.916e-03   wall_dp_dn=2.362e-04  | total=3.580e+00
      w: inlet_vx=1.020e+00  inlet_vy=9.620e-01  inlet_vz=9.741e-01  inlet_T=9.433e-01  outlet_p=9.433e-01
      w: wall_vx=1.001e+00   wall_vy=9.434e-01   wall_vz=9.437e-01   wall_T=9.434e-01   wall_dp_dn=9.436e-01
SUP   vx=0.000e+00  vy=0.000e+00  vz=0.000e+00  p=0.000e+00  T=0.000e+00  | total=0.000e+00
      w: vx=9.437e-01  vy=9.437e-01  vz=9.437e-01  p=9.437e-01  T=9.437e-01
MSE   vx=7.264e+02  vy=9.195e-03  vz=4.578e-03  p=5.082e-06  T=4.773e-03  | total=7.264e+02




[  564/10000]
PDE   div=5.431e-01  mom_x=9.892e-02  mom_y=4.780e-04  mom_z=1.547e-03  heat=2.653e-08  | total=6.441e-01
      w: div=9.496e-01  mom_x=9.441e-01  mom_y=9.435e-01  mom_z=9.434e-01  heat=9.436e-01
BC    inlet_vx=1.033e+00  inlet_vy=8.380e-01  inlet_vz=9.325e-01  inlet_T=4.502e-03  outlet_p=1.479e-02
      wall_vx=7.095e-01   wall_vy=3.518e-02   wall_vz=1.124e-03   wall_T=5.135e-03   wall_dp_dn=2.253e-04  | total=3.574e+00
      w: inlet_vx=1.020e+00  inlet_vy=9.618e-01  inlet_vz=9.739e-01  inlet_T=9.432e-01  outlet_p=9.432e-01
      w: wall_vx=1.001e+00   wall_vy=9.433e-01   wall_vz=9.436e-01   wall_T=9.433e-01   wall_dp_dn=9.435e-01
SUP   vx=0.000e+00  vy=0.000e+00  vz=0.000e+00  p=0.000e+00  T=0.000e+00  | total=0.000e+00
      w: vx=9.436e-01  vy=9.436e-01  vz=9.436e-01  p=9.436e-01  T=9.436e-01
MSE   vx=7.271e+02  vy=9.197e-03  vz=4.577e-03  p=5.091e-06  T=4.773e-03  | total=7.271e+02




[  565/10000]
PDE   div=5.263e-01  mom_x=9.495e-02  mom_y=4.831e-04  mom_z=1.594e-03  heat=2.473e-08  | total=6.233e-01
      w: div=9.495e-01  mom_x=9.440e-01  mom_y=9.434e-01  mom_z=9.433e-01  heat=9.435e-01
BC    inlet_vx=1.034e+00  inlet_vy=8.380e-01  inlet_vz=9.325e-01  inlet_T=4.432e-03  outlet_p=1.486e-02
      wall_vx=6.589e-01   wall_vy=3.368e-02   wall_vz=1.089e-03   wall_T=4.801e-03   wall_dp_dn=2.429e-04  | total=3.522e+00
      w: inlet_vx=1.021e+00  inlet_vy=9.617e-01  inlet_vz=9.738e-01  inlet_T=9.431e-01  outlet_p=9.431e-01
      w: wall_vx=1.001e+00   wall_vy=9.432e-01   wall_vz=9.435e-01   wall_T=9.432e-01   wall_dp_dn=9.434e-01
SUP   vx=0.000e+00  vy=0.000e+00  vz=0.000e+00  p=0.000e+00  T=0.000e+00  | total=0.000e+00
      w: vx=9.435e-01  vy=9.435e-01  vz=9.435e-01  p=9.435e-01  T=9.435e-01
MSE   vx=7.278e+02  vy=9.198e-03  vz=4.576e-03  p=5.099e-06  T=4.775e-03  | total=7.278e+02




[  566/10000]
PDE   div=5.487e-01  mom_x=1.032e-01  mom_y=4.952e-04  mom_z=1.554e-03  heat=2.852e-08  | total=6.540e-01
      w: div=9.494e-01  mom_x=9.439e-01  mom_y=9.433e-01  mom_z=9.432e-01  heat=9.434e-01
BC    inlet_vx=1.034e+00  inlet_vy=8.380e-01  inlet_vz=9.324e-01  inlet_T=4.360e-03  outlet_p=1.478e-02
      wall_vx=7.314e-01   wall_vy=3.570e-02   wall_vz=1.158e-03   wall_T=5.143e-03   wall_dp_dn=2.330e-04  | total=3.597e+00
      w: inlet_vx=1.021e+00  inlet_vy=9.616e-01  inlet_vz=9.737e-01  inlet_T=9.430e-01  outlet_p=9.430e-01
      w: wall_vx=1.001e+00   wall_vy=9.431e-01   wall_vz=9.434e-01   wall_T=9.431e-01   wall_dp_dn=9.433e-01
SUP   vx=0.000e+00  vy=0.000e+00  vz=0.000e+00  p=0.000e+00  T=0.000e+00  | total=0.000e+00
      w: vx=9.434e-01  vy=9.434e-01  vz=9.434e-01  p=9.434e-01  T=9.434e-01
MSE   vx=7.285e+02  vy=9.199e-03  vz=4.575e-03  p=5.107e-06  T=4.777e-03  | total=7.285e+02




[  567/10000]
PDE   div=5.335e-01  mom_x=9.598e-02  mom_y=4.751e-04  mom_z=1.495e-03  heat=2.411e-08  | total=6.314e-01
      w: div=9.493e-01  mom_x=9.438e-01  mom_y=9.432e-01  mom_z=9.431e-01  heat=9.433e-01
BC    inlet_vx=1.035e+00  inlet_vy=8.380e-01  inlet_vz=9.323e-01  inlet_T=4.287e-03  outlet_p=1.470e-02
      wall_vx=7.100e-01   wall_vy=3.420e-02   wall_vz=1.099e-03   wall_T=5.284e-03   wall_dp_dn=2.347e-04  | total=3.575e+00
      w: inlet_vx=1.021e+00  inlet_vy=9.615e-01  inlet_vz=9.736e-01  inlet_T=9.429e-01  outlet_p=9.429e-01
      w: wall_vx=1.001e+00   wall_vy=9.430e-01   wall_vz=9.433e-01   wall_T=9.430e-01   wall_dp_dn=9.432e-01
SUP   vx=0.000e+00  vy=0.000e+00  vz=0.000e+00  p=0.000e+00  T=0.000e+00  | total=0.000e+00
      w: vx=9.433e-01  vy=9.433e-01  vz=9.433e-01  p=9.433e-01  T=9.433e-01
MSE   vx=7.292e+02  vy=9.200e-03  vz=4.574e-03  p=5.115e-06  T=4.781e-03  | total=7.292e+02




[  568/10000]
PDE   div=5.492e-01  mom_x=9.934e-02  mom_y=4.648e-04  mom_z=1.571e-03  heat=2.421e-08  | total=6.506e-01
      w: div=9.492e-01  mom_x=9.437e-01  mom_y=9.431e-01  mom_z=9.430e-01  heat=9.432e-01
BC    inlet_vx=1.035e+00  inlet_vy=8.380e-01  inlet_vz=9.322e-01  inlet_T=4.213e-03  outlet_p=1.463e-02
      wall_vx=7.317e-01   wall_vy=3.388e-02   wall_vz=1.271e-03   wall_T=5.124e-03   wall_dp_dn=2.158e-04  | total=3.597e+00
      w: inlet_vx=1.021e+00  inlet_vy=9.614e-01  inlet_vz=9.735e-01  inlet_T=9.428e-01  outlet_p=9.428e-01
      w: wall_vx=1.001e+00   wall_vy=9.429e-01   wall_vz=9.432e-01   wall_T=9.429e-01   wall_dp_dn=9.431e-01
SUP   vx=0.000e+00  vy=0.000e+00  vz=0.000e+00  p=0.000e+00  T=0.000e+00  | total=0.000e+00
      w: vx=9.432e-01  vy=9.432e-01  vz=9.432e-01  p=9.432e-01  T=9.432e-01
MSE   vx=7.299e+02  vy=9.201e-03  vz=4.573e-03  p=5.123e-06  T=4.786e-03  | total=7.299e+02




[  569/10000]
PDE   div=5.384e-01  mom_x=9.619e-02  mom_y=4.631e-04  mom_z=1.477e-03  heat=2.427e-08  | total=6.365e-01
      w: div=9.491e-01  mom_x=9.436e-01  mom_y=9.430e-01  mom_z=9.429e-01  heat=9.431e-01
BC    inlet_vx=1.036e+00  inlet_vy=8.380e-01  inlet_vz=9.321e-01  inlet_T=4.136e-03  outlet_p=1.455e-02
      wall_vx=6.981e-01   wall_vy=3.341e-02   wall_vz=1.173e-03   wall_T=4.954e-03   wall_dp_dn=2.506e-04  | total=3.563e+00
      w: inlet_vx=1.021e+00  inlet_vy=9.613e-01  inlet_vz=9.734e-01  inlet_T=9.427e-01  outlet_p=9.427e-01
      w: wall_vx=1.001e+00   wall_vy=9.428e-01   wall_vz=9.431e-01   wall_T=9.428e-01   wall_dp_dn=9.430e-01
SUP   vx=0.000e+00  vy=0.000e+00  vz=0.000e+00  p=0.000e+00  T=0.000e+00  | total=0.000e+00
      w: vx=9.431e-01  vy=9.431e-01  vz=9.431e-01  p=9.431e-01  T=9.431e-01
MSE   vx=7.305e+02  vy=9.202e-03  vz=4.572e-03  p=5.132e-06  T=4.791e-03  | total=7.305e+02




[  570/10000]
PDE   div=5.495e-01  mom_x=1.025e-01  mom_y=4.579e-04  mom_z=1.502e-03  heat=2.631e-08  | total=6.539e-01
      w: div=9.490e-01  mom_x=9.435e-01  mom_y=9.429e-01  mom_z=9.428e-01  heat=9.430e-01
BC    inlet_vx=1.036e+00  inlet_vy=8.380e-01  inlet_vz=9.321e-01  inlet_T=4.060e-03  outlet_p=1.459e-02
      wall_vx=6.962e-01   wall_vy=3.495e-02   wall_vz=1.099e-03   wall_T=4.952e-03   wall_dp_dn=2.506e-04  | total=3.563e+00
      w: inlet_vx=1.021e+00  inlet_vy=9.612e-01  inlet_vz=9.732e-01  inlet_T=9.426e-01  outlet_p=9.426e-01
      w: wall_vx=1.001e+00   wall_vy=9.427e-01   wall_vz=9.430e-01   wall_T=9.427e-01   wall_dp_dn=9.429e-01
SUP   vx=0.000e+00  vy=0.000e+00  vz=0.000e+00  p=0.000e+00  T=0.000e+00  | total=0.000e+00
      w: vx=9.430e-01  vy=9.430e-01  vz=9.430e-01  p=9.430e-01  T=9.430e-01
MSE   vx=7.312e+02  vy=9.203e-03  vz=4.571e-03  p=5.140e-06  T=4.798e-03  | total=7.312e+02




[  571/10000]
PDE   div=5.465e-01  mom_x=9.932e-02  mom_y=4.732e-04  mom_z=1.457e-03  heat=2.532e-08  | total=6.477e-01
      w: div=9.489e-01  mom_x=9.434e-01  mom_y=9.428e-01  mom_z=9.427e-01  heat=9.429e-01
BC    inlet_vx=1.037e+00  inlet_vy=8.380e-01  inlet_vz=9.320e-01  inlet_T=3.982e-03  outlet_p=1.457e-02
      wall_vx=7.031e-01   wall_vy=3.295e-02   wall_vz=1.091e-03   wall_T=4.847e-03   wall_dp_dn=2.499e-04  | total=3.568e+00
      w: inlet_vx=1.021e+00  inlet_vy=9.611e-01  inlet_vz=9.731e-01  inlet_T=9.425e-01  outlet_p=9.425e-01
      w: wall_vx=1.001e+00   wall_vy=9.426e-01   wall_vz=9.429e-01   wall_T=9.426e-01   wall_dp_dn=9.428e-01
SUP   vx=0.000e+00  vy=0.000e+00  vz=0.000e+00  p=0.000e+00  T=0.000e+00  | total=0.000e+00
      w: vx=9.429e-01  vy=9.429e-01  vz=9.429e-01  p=9.429e-01  T=9.429e-01
MSE   vx=7.318e+02  vy=9.203e-03  vz=4.570e-03  p=5.148e-06  T=4.806e-03  | total=7.318e+02




[  572/10000]
PDE   div=5.418e-01  mom_x=9.732e-02  mom_y=4.536e-04  mom_z=1.510e-03  heat=2.486e-08  | total=6.411e-01
      w: div=9.489e-01  mom_x=9.433e-01  mom_y=9.427e-01  mom_z=9.426e-01  heat=9.428e-01
BC    inlet_vx=1.038e+00  inlet_vy=8.381e-01  inlet_vz=9.319e-01  inlet_T=3.905e-03  outlet_p=1.458e-02
      wall_vx=7.250e-01   wall_vy=3.513e-02   wall_vz=1.179e-03   wall_T=5.163e-03   wall_dp_dn=2.600e-04  | total=3.593e+00
      w: inlet_vx=1.021e+00  inlet_vy=9.610e-01  inlet_vz=9.730e-01  inlet_T=9.424e-01  outlet_p=9.424e-01
      w: wall_vx=1.001e+00   wall_vy=9.425e-01   wall_vz=9.428e-01   wall_T=9.425e-01   wall_dp_dn=9.427e-01
SUP   vx=0.000e+00  vy=0.000e+00  vz=0.000e+00  p=0.000e+00  T=0.000e+00  | total=0.000e+00
      w: vx=9.428e-01  vy=9.428e-01  vz=9.428e-01  p=9.428e-01  T=9.428e-01
MSE   vx=7.324e+02  vy=9.203e-03  vz=4.569e-03  p=5.156e-06  T=4.814e-03  | total=7.325e+02




[  573/10000]
PDE   div=5.390e-01  mom_x=9.662e-02  mom_y=4.456e-04  mom_z=1.511e-03  heat=2.410e-08  | total=6.376e-01
      w: div=9.488e-01  mom_x=9.432e-01  mom_y=9.426e-01  mom_z=9.425e-01  heat=9.427e-01
BC    inlet_vx=1.038e+00  inlet_vy=8.381e-01  inlet_vz=9.318e-01  inlet_T=3.828e-03  outlet_p=1.466e-02
      wall_vx=7.027e-01   wall_vy=3.315e-02   wall_vz=1.107e-03   wall_T=5.379e-03   wall_dp_dn=2.453e-04  | total=3.569e+00
      w: inlet_vx=1.021e+00  inlet_vy=9.609e-01  inlet_vz=9.729e-01  inlet_T=9.423e-01  outlet_p=9.423e-01
      w: wall_vx=1.001e+00   wall_vy=9.424e-01   wall_vz=9.427e-01   wall_T=9.424e-01   wall_dp_dn=9.426e-01
SUP   vx=0.000e+00  vy=0.000e+00  vz=0.000e+00  p=0.000e+00  T=0.000e+00  | total=0.000e+00
      w: vx=9.427e-01  vy=9.427e-01  vz=9.427e-01  p=9.427e-01  T=9.427e-01
MSE   vx=7.330e+02  vy=9.204e-03  vz=4.568e-03  p=5.165e-06  T=4.824e-03  | total=7.331e+02




[  574/10000]
PDE   div=5.430e-01  mom_x=9.308e-02  mom_y=4.318e-04  mom_z=1.414e-03  heat=2.172e-08  | total=6.379e-01
      w: div=9.487e-01  mom_x=9.431e-01  mom_y=9.425e-01  mom_z=9.424e-01  heat=9.426e-01
BC    inlet_vx=1.039e+00  inlet_vy=8.381e-01  inlet_vz=9.317e-01  inlet_T=3.751e-03  outlet_p=1.449e-02
      wall_vx=7.495e-01   wall_vy=3.491e-02   wall_vz=1.125e-03   wall_T=4.879e-03   wall_dp_dn=2.586e-04  | total=3.617e+00
      w: inlet_vx=1.021e+00  inlet_vy=9.608e-01  inlet_vz=9.728e-01  inlet_T=9.422e-01  outlet_p=9.422e-01
      w: wall_vx=1.001e+00   wall_vy=9.423e-01   wall_vz=9.426e-01   wall_T=9.423e-01   wall_dp_dn=9.425e-01
SUP   vx=0.000e+00  vy=0.000e+00  vz=0.000e+00  p=0.000e+00  T=0.000e+00  | total=0.000e+00
      w: vx=9.426e-01  vy=9.426e-01  vz=9.426e-01  p=9.426e-01  T=9.426e-01
MSE   vx=7.336e+02  vy=9.204e-03  vz=4.567e-03  p=5.173e-06  T=4.835e-03  | total=7.337e+02




[  575/10000]
PDE   div=5.317e-01  mom_x=9.584e-02  mom_y=4.533e-04  mom_z=1.505e-03  heat=2.247e-08  | total=6.295e-01
      w: div=9.486e-01  mom_x=9.430e-01  mom_y=9.424e-01  mom_z=9.423e-01  heat=9.425e-01
BC    inlet_vx=1.039e+00  inlet_vy=8.381e-01  inlet_vz=9.317e-01  inlet_T=3.676e-03  outlet_p=1.445e-02
      wall_vx=6.649e-01   wall_vy=3.263e-02   wall_vz=1.078e-03   wall_T=5.078e-03   wall_dp_dn=2.542e-04  | total=3.531e+00
      w: inlet_vx=1.021e+00  inlet_vy=9.607e-01  inlet_vz=9.726e-01  inlet_T=9.421e-01  outlet_p=9.421e-01
      w: wall_vx=1.001e+00   wall_vy=9.422e-01   wall_vz=9.425e-01   wall_T=9.422e-01   wall_dp_dn=9.424e-01
SUP   vx=0.000e+00  vy=0.000e+00  vz=0.000e+00  p=0.000e+00  T=0.000e+00  | total=0.000e+00
      w: vx=9.425e-01  vy=9.425e-01  vz=9.425e-01  p=9.425e-01  T=9.425e-01
MSE   vx=7.342e+02  vy=9.204e-03  vz=4.566e-03  p=5.181e-06  T=4.846e-03  | total=7.343e+02




[  576/10000]
PDE   div=5.496e-01  mom_x=9.809e-02  mom_y=4.308e-04  mom_z=1.460e-03  heat=2.444e-08  | total=6.496e-01
      w: div=9.485e-01  mom_x=9.429e-01  mom_y=9.423e-01  mom_z=9.422e-01  heat=9.424e-01
BC    inlet_vx=1.040e+00  inlet_vy=8.381e-01  inlet_vz=9.316e-01  inlet_T=3.602e-03  outlet_p=1.454e-02
      wall_vx=6.705e-01   wall_vy=3.289e-02   wall_vz=1.146e-03   wall_T=5.219e-03   wall_dp_dn=2.573e-04  | total=3.537e+00
      w: inlet_vx=1.021e+00  inlet_vy=9.606e-01  inlet_vz=9.725e-01  inlet_T=9.420e-01  outlet_p=9.420e-01
      w: wall_vx=1.001e+00   wall_vy=9.421e-01   wall_vz=9.424e-01   wall_T=9.421e-01   wall_dp_dn=9.423e-01
SUP   vx=0.000e+00  vy=0.000e+00  vz=0.000e+00  p=0.000e+00  T=0.000e+00  | total=0.000e+00
      w: vx=9.424e-01  vy=9.424e-01  vz=9.424e-01  p=9.424e-01  T=9.424e-01
MSE   vx=7.348e+02  vy=9.203e-03  vz=4.565e-03  p=5.189e-06  T=4.859e-03  | total=7.348e+02




[  577/10000]
PDE   div=5.496e-01  mom_x=1.016e-01  mom_y=4.375e-04  mom_z=1.555e-03  heat=2.487e-08  | total=6.531e-01
      w: div=9.484e-01  mom_x=9.428e-01  mom_y=9.422e-01  mom_z=9.421e-01  heat=9.423e-01
BC    inlet_vx=1.040e+00  inlet_vy=8.382e-01  inlet_vz=9.315e-01  inlet_T=3.530e-03  outlet_p=1.439e-02
      wall_vx=7.041e-01   wall_vy=3.296e-02   wall_vz=1.161e-03   wall_T=5.351e-03   wall_dp_dn=2.727e-04  | total=3.571e+00
      w: inlet_vx=1.021e+00  inlet_vy=9.605e-01  inlet_vz=9.724e-01  inlet_T=9.419e-01  outlet_p=9.419e-01
      w: wall_vx=1.001e+00   wall_vy=9.420e-01   wall_vz=9.423e-01   wall_T=9.420e-01   wall_dp_dn=9.422e-01
SUP   vx=0.000e+00  vy=0.000e+00  vz=0.000e+00  p=0.000e+00  T=0.000e+00  | total=0.000e+00
      w: vx=9.423e-01  vy=9.423e-01  vz=9.423e-01  p=9.423e-01  T=9.423e-01
MSE   vx=7.354e+02  vy=9.203e-03  vz=4.564e-03  p=5.197e-06  T=4.872e-03  | total=7.354e+02




[  578/10000]
PDE   div=5.448e-01  mom_x=9.575e-02  mom_y=4.262e-04  mom_z=1.552e-03  heat=2.320e-08  | total=6.425e-01
      w: div=9.483e-01  mom_x=9.427e-01  mom_y=9.421e-01  mom_z=9.420e-01  heat=9.422e-01
BC    inlet_vx=1.040e+00  inlet_vy=8.382e-01  inlet_vz=9.314e-01  inlet_T=3.459e-03  outlet_p=1.444e-02
      wall_vx=6.583e-01   wall_vy=3.110e-02   wall_vz=1.082e-03   wall_T=5.181e-03   wall_dp_dn=2.704e-04  | total=3.524e+00
      w: inlet_vx=1.021e+00  inlet_vy=9.604e-01  inlet_vz=9.723e-01  inlet_T=9.418e-01  outlet_p=9.418e-01
      w: wall_vx=1.001e+00   wall_vy=9.419e-01   wall_vz=9.422e-01   wall_T=9.419e-01   wall_dp_dn=9.421e-01
SUP   vx=0.000e+00  vy=0.000e+00  vz=0.000e+00  p=0.000e+00  T=0.000e+00  | total=0.000e+00
      w: vx=9.422e-01  vy=9.422e-01  vz=9.422e-01  p=9.422e-01  T=9.422e-01
MSE   vx=7.359e+02  vy=9.203e-03  vz=4.563e-03  p=5.206e-06  T=4.886e-03  | total=7.360e+02




[  579/10000]
PDE   div=5.601e-01  mom_x=1.001e-01  mom_y=4.401e-04  mom_z=1.472e-03  heat=2.491e-08  | total=6.621e-01
      w: div=9.483e-01  mom_x=9.426e-01  mom_y=9.420e-01  mom_z=9.419e-01  heat=9.421e-01
BC    inlet_vx=1.041e+00  inlet_vy=8.382e-01  inlet_vz=9.313e-01  inlet_T=3.390e-03  outlet_p=1.435e-02
      wall_vx=7.264e-01   wall_vy=3.513e-02   wall_vz=1.178e-03   wall_T=5.464e-03   wall_dp_dn=2.496e-04  | total=3.596e+00
      w: inlet_vx=1.021e+00  inlet_vy=9.603e-01  inlet_vz=9.722e-01  inlet_T=9.417e-01  outlet_p=9.417e-01
      w: wall_vx=1.001e+00   wall_vy=9.418e-01   wall_vz=9.421e-01   wall_T=9.418e-01   wall_dp_dn=9.420e-01
SUP   vx=0.000e+00  vy=0.000e+00  vz=0.000e+00  p=0.000e+00  T=0.000e+00  | total=0.000e+00
      w: vx=9.421e-01  vy=9.421e-01  vz=9.421e-01  p=9.421e-01  T=9.421e-01
MSE   vx=7.365e+02  vy=9.202e-03  vz=4.562e-03  p=5.214e-06  T=4.902e-03  | total=7.365e+02




[  580/10000]
PDE   div=5.449e-01  mom_x=9.601e-02  mom_y=4.296e-04  mom_z=1.545e-03  heat=2.360e-08  | total=6.429e-01
      w: div=9.482e-01  mom_x=9.425e-01  mom_y=9.419e-01  mom_z=9.418e-01  heat=9.420e-01
BC    inlet_vx=1.041e+00  inlet_vy=8.382e-01  inlet_vz=9.312e-01  inlet_T=3.323e-03  outlet_p=1.429e-02
      wall_vx=7.011e-01   wall_vy=3.281e-02   wall_vz=1.170e-03   wall_T=5.299e-03   wall_dp_dn=2.565e-04  | total=3.569e+00
      w: inlet_vx=1.021e+00  inlet_vy=9.602e-01  inlet_vz=9.720e-01  inlet_T=9.416e-01  outlet_p=9.416e-01
      w: wall_vx=1.000e+00   wall_vy=9.417e-01   wall_vz=9.420e-01   wall_T=9.417e-01   wall_dp_dn=9.419e-01
SUP   vx=0.000e+00  vy=0.000e+00  vz=0.000e+00  p=0.000e+00  T=0.000e+00  | total=0.000e+00
      w: vx=9.420e-01  vy=9.420e-01  vz=9.420e-01  p=9.420e-01  T=9.420e-01
MSE   vx=7.370e+02  vy=9.201e-03  vz=4.561e-03  p=5.222e-06  T=4.917e-03  | total=7.370e+02




[  581/10000]
PDE   div=5.401e-01  mom_x=9.363e-02  mom_y=4.184e-04  mom_z=1.555e-03  heat=2.174e-08  | total=6.357e-01
      w: div=9.481e-01  mom_x=9.424e-01  mom_y=9.418e-01  mom_z=9.417e-01  heat=9.419e-01
BC    inlet_vx=1.041e+00  inlet_vy=8.383e-01  inlet_vz=9.311e-01  inlet_T=3.259e-03  outlet_p=1.438e-02
      wall_vx=6.804e-01   wall_vy=3.024e-02   wall_vz=1.148e-03   wall_T=5.286e-03   wall_dp_dn=2.859e-04  | total=3.546e+00
      w: inlet_vx=1.021e+00  inlet_vy=9.601e-01  inlet_vz=9.719e-01  inlet_T=9.415e-01  outlet_p=9.415e-01
      w: wall_vx=1.000e+00   wall_vy=9.416e-01   wall_vz=9.419e-01   wall_T=9.416e-01   wall_dp_dn=9.418e-01
SUP   vx=0.000e+00  vy=0.000e+00  vz=0.000e+00  p=0.000e+00  T=0.000e+00  | total=0.000e+00
      w: vx=9.419e-01  vy=9.419e-01  vz=9.419e-01  p=9.419e-01  T=9.419e-01
MSE   vx=7.375e+02  vy=9.200e-03  vz=4.560e-03  p=5.230e-06  T=4.934e-03  | total=7.375e+02




[  582/10000]
PDE   div=5.412e-01  mom_x=9.694e-02  mom_y=4.068e-04  mom_z=1.627e-03  heat=2.179e-08  | total=6.402e-01
      w: div=9.480e-01  mom_x=9.423e-01  mom_y=9.417e-01  mom_z=9.416e-01  heat=9.418e-01
BC    inlet_vx=1.042e+00  inlet_vy=8.383e-01  inlet_vz=9.310e-01  inlet_T=3.197e-03  outlet_p=1.427e-02
      wall_vx=6.364e-01   wall_vy=3.258e-02   wall_vz=9.711e-04   wall_T=5.418e-03   wall_dp_dn=2.745e-04  | total=3.504e+00
      w: inlet_vx=1.021e+00  inlet_vy=9.600e-01  inlet_vz=9.718e-01  inlet_T=9.414e-01  outlet_p=9.414e-01
      w: wall_vx=1.000e+00   wall_vy=9.415e-01   wall_vz=9.418e-01   wall_T=9.415e-01   wall_dp_dn=9.417e-01
SUP   vx=0.000e+00  vy=0.000e+00  vz=0.000e+00  p=0.000e+00  T=0.000e+00  | total=0.000e+00
      w: vx=9.418e-01  vy=9.418e-01  vz=9.418e-01  p=9.418e-01  T=9.418e-01
MSE   vx=7.380e+02  vy=9.199e-03  vz=4.559e-03  p=5.239e-06  T=4.952e-03  | total=7.380e+02




[  583/10000]
PDE   div=5.486e-01  mom_x=9.495e-02  mom_y=4.037e-04  mom_z=1.593e-03  heat=2.383e-08  | total=6.456e-01
      w: div=9.479e-01  mom_x=9.422e-01  mom_y=9.416e-01  mom_z=9.415e-01  heat=9.417e-01
BC    inlet_vx=1.042e+00  inlet_vy=8.383e-01  inlet_vz=9.309e-01  inlet_T=3.138e-03  outlet_p=1.426e-02
      wall_vx=7.008e-01   wall_vy=3.309e-02   wall_vz=1.195e-03   wall_T=4.951e-03   wall_dp_dn=2.907e-04  | total=3.569e+00
      w: inlet_vx=1.021e+00  inlet_vy=9.599e-01  inlet_vz=9.717e-01  inlet_T=9.413e-01  outlet_p=9.413e-01
      w: wall_vx=1.000e+00   wall_vy=9.414e-01   wall_vz=9.417e-01   wall_T=9.414e-01   wall_dp_dn=9.416e-01
SUP   vx=0.000e+00  vy=0.000e+00  vz=0.000e+00  p=0.000e+00  T=0.000e+00  | total=0.000e+00
      w: vx=9.417e-01  vy=9.417e-01  vz=9.417e-01  p=9.417e-01  T=9.417e-01
MSE   vx=7.385e+02  vy=9.198e-03  vz=4.558e-03  p=5.247e-06  T=4.970e-03  | total=7.385e+02




[  584/10000]
PDE   div=5.489e-01  mom_x=9.542e-02  mom_y=4.041e-04  mom_z=1.615e-03  heat=2.109e-08  | total=6.464e-01
      w: div=9.478e-01  mom_x=9.421e-01  mom_y=9.415e-01  mom_z=9.414e-01  heat=9.416e-01
BC    inlet_vx=1.042e+00  inlet_vy=8.384e-01  inlet_vz=9.308e-01  inlet_T=3.082e-03  outlet_p=1.422e-02
      wall_vx=7.260e-01   wall_vy=3.194e-02   wall_vz=1.206e-03   wall_T=5.165e-03   wall_dp_dn=2.702e-04  | total=3.593e+00
      w: inlet_vx=1.021e+00  inlet_vy=9.598e-01  inlet_vz=9.716e-01  inlet_T=9.412e-01  outlet_p=9.412e-01
      w: wall_vx=1.000e+00   wall_vy=9.413e-01   wall_vz=9.416e-01   wall_T=9.413e-01   wall_dp_dn=9.415e-01
SUP   vx=0.000e+00  vy=0.000e+00  vz=0.000e+00  p=0.000e+00  T=0.000e+00  | total=0.000e+00
      w: vx=9.416e-01  vy=9.416e-01  vz=9.416e-01  p=9.416e-01  T=9.416e-01
MSE   vx=7.390e+02  vy=9.197e-03  vz=4.557e-03  p=5.255e-06  T=4.989e-03  | total=7.390e+02




[  585/10000]
PDE   div=5.350e-01  mom_x=9.771e-02  mom_y=4.215e-04  mom_z=1.549e-03  heat=2.210e-08  | total=6.347e-01
      w: div=9.477e-01  mom_x=9.420e-01  mom_y=9.414e-01  mom_z=9.413e-01  heat=9.415e-01
BC    inlet_vx=1.042e+00  inlet_vy=8.384e-01  inlet_vz=9.307e-01  inlet_T=3.029e-03  outlet_p=1.420e-02
      wall_vx=6.473e-01   wall_vy=3.190e-02   wall_vz=1.084e-03   wall_T=5.170e-03   wall_dp_dn=2.981e-04  | total=3.514e+00
      w: inlet_vx=1.021e+00  inlet_vy=9.596e-01  inlet_vz=9.715e-01  inlet_T=9.411e-01  outlet_p=9.411e-01
      w: wall_vx=1.000e+00   wall_vy=9.412e-01   wall_vz=9.415e-01   wall_T=9.412e-01   wall_dp_dn=9.414e-01
SUP   vx=0.000e+00  vy=0.000e+00  vz=0.000e+00  p=0.000e+00  T=0.000e+00  | total=0.000e+00
      w: vx=9.415e-01  vy=9.415e-01  vz=9.415e-01  p=9.415e-01  T=9.415e-01
MSE   vx=7.394e+02  vy=9.195e-03  vz=4.556e-03  p=5.263e-06  T=5.009e-03  | total=7.395e+02




[  586/10000]
PDE   div=5.416e-01  mom_x=8.939e-02  mom_y=3.884e-04  mom_z=1.513e-03  heat=2.072e-08  | total=6.329e-01
      w: div=9.476e-01  mom_x=9.419e-01  mom_y=9.413e-01  mom_z=9.412e-01  heat=9.414e-01
BC    inlet_vx=1.042e+00  inlet_vy=8.384e-01  inlet_vz=9.306e-01  inlet_T=2.979e-03  outlet_p=1.417e-02
      wall_vx=6.753e-01   wall_vy=3.182e-02   wall_vz=1.077e-03   wall_T=5.253e-03   wall_dp_dn=2.844e-04  | total=3.542e+00
      w: inlet_vx=1.021e+00  inlet_vy=9.595e-01  inlet_vz=9.713e-01  inlet_T=9.410e-01  outlet_p=9.410e-01
      w: wall_vx=1.000e+00   wall_vy=9.411e-01   wall_vz=9.414e-01   wall_T=9.411e-01   wall_dp_dn=9.413e-01
SUP   vx=0.000e+00  vy=0.000e+00  vz=0.000e+00  p=0.000e+00  T=0.000e+00  | total=0.000e+00
      w: vx=9.414e-01  vy=9.414e-01  vz=9.414e-01  p=9.414e-01  T=9.414e-01
MSE   vx=7.399e+02  vy=9.194e-03  vz=4.555e-03  p=5.272e-06  T=5.029e-03  | total=7.399e+02




[  587/10000]
PDE   div=5.462e-01  mom_x=9.640e-02  mom_y=4.045e-04  mom_z=1.657e-03  heat=2.206e-08  | total=6.447e-01
      w: div=9.476e-01  mom_x=9.418e-01  mom_y=9.412e-01  mom_z=9.411e-01  heat=9.413e-01
BC    inlet_vx=1.042e+00  inlet_vy=8.385e-01  inlet_vz=9.305e-01  inlet_T=2.933e-03  outlet_p=1.408e-02
      wall_vx=6.735e-01   wall_vy=3.147e-02   wall_vz=1.095e-03   wall_T=5.211e-03   wall_dp_dn=2.883e-04  | total=3.540e+00
      w: inlet_vx=1.021e+00  inlet_vy=9.594e-01  inlet_vz=9.712e-01  inlet_T=9.409e-01  outlet_p=9.409e-01
      w: wall_vx=1.000e+00   wall_vy=9.410e-01   wall_vz=9.413e-01   wall_T=9.410e-01   wall_dp_dn=9.412e-01
SUP   vx=0.000e+00  vy=0.000e+00  vz=0.000e+00  p=0.000e+00  T=0.000e+00  | total=0.000e+00
      w: vx=9.413e-01  vy=9.413e-01  vz=9.413e-01  p=9.413e-01  T=9.413e-01
MSE   vx=7.403e+02  vy=9.192e-03  vz=4.554e-03  p=5.280e-06  T=5.050e-03  | total=7.403e+02




[  588/10000]
PDE   div=5.486e-01  mom_x=9.535e-02  mom_y=4.029e-04  mom_z=1.643e-03  heat=2.155e-08  | total=6.460e-01
      w: div=9.475e-01  mom_x=9.417e-01  mom_y=9.411e-01  mom_z=9.410e-01  heat=9.412e-01
BC    inlet_vx=1.042e+00  inlet_vy=8.385e-01  inlet_vz=9.304e-01  inlet_T=2.889e-03  outlet_p=1.400e-02
      wall_vx=6.723e-01   wall_vy=3.247e-02   wall_vz=9.406e-04   wall_T=5.448e-03   wall_dp_dn=2.786e-04  | total=3.539e+00
      w: inlet_vx=1.021e+00  inlet_vy=9.593e-01  inlet_vz=9.711e-01  inlet_T=9.408e-01  outlet_p=9.408e-01
      w: wall_vx=1.000e+00   wall_vy=9.409e-01   wall_vz=9.412e-01   wall_T=9.409e-01   wall_dp_dn=9.411e-01
SUP   vx=0.000e+00  vy=0.000e+00  vz=0.000e+00  p=0.000e+00  T=0.000e+00  | total=0.000e+00
      w: vx=9.412e-01  vy=9.412e-01  vz=9.412e-01  p=9.412e-01  T=9.412e-01
MSE   vx=7.408e+02  vy=9.190e-03  vz=4.553e-03  p=5.288e-06  T=5.072e-03  | total=7.408e+02




[  589/10000]
PDE   div=5.478e-01  mom_x=9.458e-02  mom_y=3.838e-04  mom_z=1.681e-03  heat=2.338e-08  | total=6.444e-01
      w: div=9.474e-01  mom_x=9.416e-01  mom_y=9.410e-01  mom_z=9.409e-01  heat=9.411e-01
BC    inlet_vx=1.042e+00  inlet_vy=8.385e-01  inlet_vz=9.303e-01  inlet_T=2.849e-03  outlet_p=1.402e-02
      wall_vx=7.142e-01   wall_vy=3.248e-02   wall_vz=1.168e-03   wall_T=5.148e-03   wall_dp_dn=3.109e-04  | total=3.581e+00
      w: inlet_vx=1.021e+00  inlet_vy=9.592e-01  inlet_vz=9.710e-01  inlet_T=9.407e-01  outlet_p=9.407e-01
      w: wall_vx=1.000e+00   wall_vy=9.408e-01   wall_vz=9.411e-01   wall_T=9.408e-01   wall_dp_dn=9.410e-01
SUP   vx=0.000e+00  vy=0.000e+00  vz=0.000e+00  p=0.000e+00  T=0.000e+00  | total=0.000e+00
      w: vx=9.411e-01  vy=9.411e-01  vz=9.411e-01  p=9.411e-01  T=9.411e-01
MSE   vx=7.412e+02  vy=9.188e-03  vz=4.552e-03  p=5.296e-06  T=5.094e-03  | total=7.412e+02




[  590/10000]
PDE   div=5.550e-01  mom_x=9.901e-02  mom_y=3.934e-04  mom_z=1.697e-03  heat=2.359e-08  | total=6.561e-01
      w: div=9.473e-01  mom_x=9.415e-01  mom_y=9.409e-01  mom_z=9.408e-01  heat=9.410e-01
BC    inlet_vx=1.042e+00  inlet_vy=8.385e-01  inlet_vz=9.301e-01  inlet_T=2.813e-03  outlet_p=1.415e-02
      wall_vx=6.745e-01   wall_vy=3.052e-02   wall_vz=1.167e-03   wall_T=5.171e-03   wall_dp_dn=2.869e-04  | total=3.539e+00
      w: inlet_vx=1.021e+00  inlet_vy=9.591e-01  inlet_vz=9.709e-01  inlet_T=9.406e-01  outlet_p=9.406e-01
      w: wall_vx=9.999e-01   wall_vy=9.407e-01   wall_vz=9.410e-01   wall_T=9.407e-01   wall_dp_dn=9.409e-01
SUP   vx=0.000e+00  vy=0.000e+00  vz=0.000e+00  p=0.000e+00  T=0.000e+00  | total=0.000e+00
      w: vx=9.410e-01  vy=9.410e-01  vz=9.410e-01  p=9.410e-01  T=9.410e-01
MSE   vx=7.415e+02  vy=9.186e-03  vz=4.551e-03  p=5.305e-06  T=5.117e-03  | total=7.416e+02




[  591/10000]
PDE   div=5.461e-01  mom_x=9.276e-02  mom_y=3.985e-04  mom_z=1.737e-03  heat=2.139e-08  | total=6.410e-01
      w: div=9.472e-01  mom_x=9.414e-01  mom_y=9.408e-01  mom_z=9.407e-01  heat=9.409e-01
BC    inlet_vx=1.042e+00  inlet_vy=8.386e-01  inlet_vz=9.300e-01  inlet_T=2.780e-03  outlet_p=1.398e-02
      wall_vx=7.244e-01   wall_vy=3.234e-02   wall_vz=1.160e-03   wall_T=5.510e-03   wall_dp_dn=2.879e-04  | total=3.591e+00
      w: inlet_vx=1.021e+00  inlet_vy=9.590e-01  inlet_vz=9.707e-01  inlet_T=9.405e-01  outlet_p=9.405e-01
      w: wall_vx=9.999e-01   wall_vy=9.406e-01   wall_vz=9.409e-01   wall_T=9.406e-01   wall_dp_dn=9.408e-01
SUP   vx=0.000e+00  vy=0.000e+00  vz=0.000e+00  p=0.000e+00  T=0.000e+00  | total=0.000e+00
      w: vx=9.409e-01  vy=9.409e-01  vz=9.409e-01  p=9.409e-01  T=9.409e-01
MSE   vx=7.419e+02  vy=9.183e-03  vz=4.550e-03  p=5.313e-06  T=5.139e-03  | total=7.419e+02




[  592/10000]
PDE   div=5.606e-01  mom_x=9.846e-02  mom_y=3.912e-04  mom_z=1.595e-03  heat=2.256e-08  | total=6.610e-01
      w: div=9.471e-01  mom_x=9.413e-01  mom_y=9.407e-01  mom_z=9.406e-01  heat=9.408e-01
BC    inlet_vx=1.042e+00  inlet_vy=8.386e-01  inlet_vz=9.299e-01  inlet_T=2.750e-03  outlet_p=1.410e-02
      wall_vx=6.882e-01   wall_vy=2.845e-02   wall_vz=1.167e-03   wall_T=5.316e-03   wall_dp_dn=3.002e-04  | total=3.551e+00
      w: inlet_vx=1.021e+00  inlet_vy=9.589e-01  inlet_vz=9.706e-01  inlet_T=9.404e-01  outlet_p=9.404e-01
      w: wall_vx=9.998e-01   wall_vy=9.405e-01   wall_vz=9.408e-01   wall_T=9.405e-01   wall_dp_dn=9.407e-01
SUP   vx=0.000e+00  vy=0.000e+00  vz=0.000e+00  p=0.000e+00  T=0.000e+00  | total=0.000e+00
      w: vx=9.408e-01  vy=9.408e-01  vz=9.408e-01  p=9.408e-01  T=9.408e-01
MSE   vx=7.422e+02  vy=9.181e-03  vz=4.549e-03  p=5.321e-06  T=5.162e-03  | total=7.422e+02




[  593/10000]
PDE   div=5.493e-01  mom_x=9.584e-02  mom_y=3.944e-04  mom_z=1.656e-03  heat=2.134e-08  | total=6.472e-01
      w: div=9.470e-01  mom_x=9.412e-01  mom_y=9.406e-01  mom_z=9.405e-01  heat=9.407e-01
BC    inlet_vx=1.042e+00  inlet_vy=8.386e-01  inlet_vz=9.298e-01  inlet_T=2.722e-03  outlet_p=1.394e-02
      wall_vx=7.120e-01   wall_vy=3.127e-02   wall_vz=1.215e-03   wall_T=5.407e-03   wall_dp_dn=2.929e-04  | total=3.577e+00
      w: inlet_vx=1.021e+00  inlet_vy=9.588e-01  inlet_vz=9.705e-01  inlet_T=9.403e-01  outlet_p=9.403e-01
      w: wall_vx=9.998e-01   wall_vy=9.404e-01   wall_vz=9.407e-01   wall_T=9.404e-01   wall_dp_dn=9.406e-01
SUP   vx=0.000e+00  vy=0.000e+00  vz=0.000e+00  p=0.000e+00  T=0.000e+00  | total=0.000e+00
      w: vx=9.407e-01  vy=9.407e-01  vz=9.407e-01  p=9.407e-01  T=9.407e-01
MSE   vx=7.425e+02  vy=9.178e-03  vz=4.548e-03  p=5.330e-06  T=5.185e-03  | total=7.426e+02




[  594/10000]
PDE   div=5.358e-01  mom_x=9.000e-02  mom_y=3.789e-04  mom_z=1.700e-03  heat=2.088e-08  | total=6.279e-01
      w: div=9.470e-01  mom_x=9.411e-01  mom_y=9.405e-01  mom_z=9.404e-01  heat=9.406e-01
BC    inlet_vx=1.041e+00  inlet_vy=8.387e-01  inlet_vz=9.296e-01  inlet_T=2.698e-03  outlet_p=1.391e-02
      wall_vx=6.721e-01   wall_vy=3.043e-02   wall_vz=1.126e-03   wall_T=5.494e-03   wall_dp_dn=3.086e-04  | total=3.536e+00
      w: inlet_vx=1.021e+00  inlet_vy=9.587e-01  inlet_vz=9.704e-01  inlet_T=9.402e-01  outlet_p=9.402e-01
      w: wall_vx=9.997e-01   wall_vy=9.403e-01   wall_vz=9.406e-01   wall_T=9.403e-01   wall_dp_dn=9.405e-01
SUP   vx=0.000e+00  vy=0.000e+00  vz=0.000e+00  p=0.000e+00  T=0.000e+00  | total=0.000e+00
      w: vx=9.406e-01  vy=9.406e-01  vz=9.406e-01  p=9.406e-01  T=9.406e-01
MSE   vx=7.428e+02  vy=9.176e-03  vz=4.548e-03  p=5.338e-06  T=5.208e-03  | total=7.429e+02




[  595/10000]
PDE   div=5.484e-01  mom_x=9.173e-02  mom_y=3.779e-04  mom_z=1.768e-03  heat=2.126e-08  | total=6.423e-01
      w: div=9.469e-01  mom_x=9.410e-01  mom_y=9.404e-01  mom_z=9.403e-01  heat=9.405e-01
BC    inlet_vx=1.041e+00  inlet_vy=8.387e-01  inlet_vz=9.295e-01  inlet_T=2.677e-03  outlet_p=1.404e-02
      wall_vx=7.125e-01   wall_vy=3.168e-02   wall_vz=1.124e-03   wall_T=5.665e-03   wall_dp_dn=3.077e-04  | total=3.578e+00
      w: inlet_vx=1.021e+00  inlet_vy=9.586e-01  inlet_vz=9.703e-01  inlet_T=9.401e-01  outlet_p=9.401e-01
      w: wall_vx=9.997e-01   wall_vy=9.402e-01   wall_vz=9.405e-01   wall_T=9.402e-01   wall_dp_dn=9.404e-01
SUP   vx=0.000e+00  vy=0.000e+00  vz=0.000e+00  p=0.000e+00  T=0.000e+00  | total=0.000e+00
      w: vx=9.405e-01  vy=9.405e-01  vz=9.405e-01  p=9.405e-01  T=9.405e-01
MSE   vx=7.431e+02  vy=9.173e-03  vz=4.547e-03  p=5.346e-06  T=5.231e-03  | total=7.431e+02




[  596/10000]
PDE   div=5.526e-01  mom_x=9.641e-02  mom_y=3.787e-04  mom_z=1.749e-03  heat=2.281e-08  | total=6.512e-01
      w: div=9.468e-01  mom_x=9.409e-01  mom_y=9.403e-01  mom_z=9.402e-01  heat=9.404e-01
BC    inlet_vx=1.041e+00  inlet_vy=8.387e-01  inlet_vz=9.294e-01  inlet_T=2.660e-03  outlet_p=1.387e-02
      wall_vx=6.701e-01   wall_vy=3.020e-02   wall_vz=1.091e-03   wall_T=5.474e-03   wall_dp_dn=3.045e-04  | total=3.533e+00
      w: inlet_vx=1.021e+00  inlet_vy=9.585e-01  inlet_vz=9.701e-01  inlet_T=9.400e-01  outlet_p=9.400e-01
      w: wall_vx=9.996e-01   wall_vy=9.401e-01   wall_vz=9.404e-01   wall_T=9.401e-01   wall_dp_dn=9.403e-01
SUP   vx=0.000e+00  vy=0.000e+00  vz=0.000e+00  p=0.000e+00  T=0.000e+00  | total=0.000e+00
      w: vx=9.404e-01  vy=9.404e-01  vz=9.404e-01  p=9.404e-01  T=9.404e-01
MSE   vx=7.434e+02  vy=9.171e-03  vz=4.546e-03  p=5.355e-06  T=5.254e-03  | total=7.434e+02




[  597/10000]
PDE   div=5.645e-01  mom_x=9.781e-02  mom_y=3.767e-04  mom_z=1.734e-03  heat=2.231e-08  | total=6.644e-01
      w: div=9.467e-01  mom_x=9.408e-01  mom_y=9.402e-01  mom_z=9.401e-01  heat=9.403e-01
BC    inlet_vx=1.041e+00  inlet_vy=8.388e-01  inlet_vz=9.292e-01  inlet_T=2.645e-03  outlet_p=1.385e-02
      wall_vx=6.796e-01   wall_vy=3.108e-02   wall_vz=1.093e-03   wall_T=5.532e-03   wall_dp_dn=3.076e-04  | total=3.543e+00
      w: inlet_vx=1.021e+00  inlet_vy=9.584e-01  inlet_vz=9.700e-01  inlet_T=9.399e-01  outlet_p=9.399e-01
      w: wall_vx=9.995e-01   wall_vy=9.400e-01   wall_vz=9.403e-01   wall_T=9.400e-01   wall_dp_dn=9.402e-01
SUP   vx=0.000e+00  vy=0.000e+00  vz=0.000e+00  p=0.000e+00  T=0.000e+00  | total=0.000e+00
      w: vx=9.403e-01  vy=9.403e-01  vz=9.403e-01  p=9.403e-01  T=9.403e-01
MSE   vx=7.436e+02  vy=9.168e-03  vz=4.545e-03  p=5.363e-06  T=5.277e-03  | total=7.436e+02




[  598/10000]
PDE   div=5.713e-01  mom_x=9.794e-02  mom_y=3.741e-04  mom_z=1.663e-03  heat=2.182e-08  | total=6.713e-01
      w: div=9.466e-01  mom_x=9.407e-01  mom_y=9.401e-01  mom_z=9.400e-01  heat=9.402e-01
BC    inlet_vx=1.041e+00  inlet_vy=8.388e-01  inlet_vz=9.291e-01  inlet_T=2.632e-03  outlet_p=1.381e-02
      wall_vx=7.455e-01   wall_vy=3.041e-02   wall_vz=1.173e-03   wall_T=5.463e-03   wall_dp_dn=2.984e-04  | total=3.608e+00
      w: inlet_vx=1.021e+00  inlet_vy=9.583e-01  inlet_vz=9.699e-01  inlet_T=9.398e-01  outlet_p=9.398e-01
      w: wall_vx=9.995e-01   wall_vy=9.399e-01   wall_vz=9.402e-01   wall_T=9.399e-01   wall_dp_dn=9.401e-01
SUP   vx=0.000e+00  vy=0.000e+00  vz=0.000e+00  p=0.000e+00  T=0.000e+00  | total=0.000e+00
      w: vx=9.402e-01  vy=9.402e-01  vz=9.402e-01  p=9.402e-01  T=9.402e-01
MSE   vx=7.438e+02  vy=9.165e-03  vz=4.544e-03  p=5.371e-06  T=5.299e-03  | total=7.438e+02




[  599/10000]
PDE   div=5.595e-01  mom_x=9.670e-02  mom_y=3.693e-04  mom_z=1.770e-03  heat=2.124e-08  | total=6.584e-01
      w: div=9.465e-01  mom_x=9.406e-01  mom_y=9.400e-01  mom_z=9.399e-01  heat=9.401e-01
BC    inlet_vx=1.041e+00  inlet_vy=8.388e-01  inlet_vz=9.290e-01  inlet_T=2.622e-03  outlet_p=1.390e-02
      wall_vx=6.948e-01   wall_vy=2.814e-02   wall_vz=1.144e-03   wall_T=5.487e-03   wall_dp_dn=3.246e-04  | total=3.555e+00
      w: inlet_vx=1.021e+00  inlet_vy=9.582e-01  inlet_vz=9.698e-01  inlet_T=9.397e-01  outlet_p=9.397e-01
      w: wall_vx=9.994e-01   wall_vy=9.398e-01   wall_vz=9.401e-01   wall_T=9.398e-01   wall_dp_dn=9.400e-01
SUP   vx=0.000e+00  vy=0.000e+00  vz=0.000e+00  p=0.000e+00  T=0.000e+00  | total=0.000e+00
      w: vx=9.401e-01  vy=9.401e-01  vz=9.401e-01  p=9.401e-01  T=9.401e-01
MSE   vx=7.440e+02  vy=9.162e-03  vz=4.543e-03  p=5.380e-06  T=5.321e-03  | total=7.440e+02




[  600/10000]
PDE   div=5.588e-01  mom_x=1.005e-01  mom_y=3.815e-04  mom_z=1.771e-03  heat=2.321e-08  | total=6.614e-01
      w: div=9.464e-01  mom_x=9.405e-01  mom_y=9.399e-01  mom_z=9.398e-01  heat=9.400e-01
BC    inlet_vx=1.041e+00  inlet_vy=8.389e-01  inlet_vz=9.288e-01  inlet_T=2.615e-03  outlet_p=1.387e-02
      wall_vx=6.924e-01   wall_vy=2.985e-02   wall_vz=1.041e-03   wall_T=5.581e-03   wall_dp_dn=3.175e-04  | total=3.554e+00
      w: inlet_vx=1.021e+00  inlet_vy=9.581e-01  inlet_vz=9.697e-01  inlet_T=9.396e-01  outlet_p=9.396e-01
      w: wall_vx=9.994e-01   wall_vy=9.397e-01   wall_vz=9.400e-01   wall_T=9.397e-01   wall_dp_dn=9.399e-01
SUP   vx=0.000e+00  vy=0.000e+00  vz=0.000e+00  p=0.000e+00  T=0.000e+00  | total=0.000e+00
      w: vx=9.400e-01  vy=9.400e-01  vz=9.400e-01  p=9.400e-01  T=9.400e-01
MSE   vx=7.441e+02  vy=9.159e-03  vz=4.543e-03  p=5.388e-06  T=5.343e-03  | total=7.441e+02




[  601/10000]
PDE   div=5.483e-01  mom_x=9.448e-02  mom_y=3.640e-04  mom_z=1.739e-03  heat=2.192e-08  | total=6.449e-01
      w: div=9.464e-01  mom_x=9.404e-01  mom_y=9.398e-01  mom_z=9.397e-01  heat=9.399e-01
BC    inlet_vx=1.041e+00  inlet_vy=8.389e-01  inlet_vz=9.287e-01  inlet_T=2.609e-03  outlet_p=1.383e-02
      wall_vx=6.894e-01   wall_vy=3.004e-02   wall_vz=1.114e-03   wall_T=5.629e-03   wall_dp_dn=3.202e-04  | total=3.551e+00
      w: inlet_vx=1.021e+00  inlet_vy=9.580e-01  inlet_vz=9.696e-01  inlet_T=9.395e-01  outlet_p=9.395e-01
      w: wall_vx=9.993e-01   wall_vy=9.396e-01   wall_vz=9.399e-01   wall_T=9.396e-01   wall_dp_dn=9.398e-01
SUP   vx=0.000e+00  vy=0.000e+00  vz=0.000e+00  p=0.000e+00  T=0.000e+00  | total=0.000e+00
      w: vx=9.399e-01  vy=9.399e-01  vz=9.399e-01  p=9.399e-01  T=9.399e-01
MSE   vx=7.442e+02  vy=9.156e-03  vz=4.542e-03  p=5.397e-06  T=5.364e-03  | total=7.442e+02




[  602/10000]
PDE   div=5.435e-01  mom_x=9.384e-02  mom_y=3.672e-04  mom_z=1.781e-03  heat=2.022e-08  | total=6.395e-01
      w: div=9.463e-01  mom_x=9.403e-01  mom_y=9.397e-01  mom_z=9.396e-01  heat=9.398e-01
BC    inlet_vx=1.041e+00  inlet_vy=8.389e-01  inlet_vz=9.285e-01  inlet_T=2.606e-03  outlet_p=1.380e-02
      wall_vx=6.729e-01   wall_vy=3.055e-02   wall_vz=1.048e-03   wall_T=5.353e-03   wall_dp_dn=3.225e-04  | total=3.535e+00
      w: inlet_vx=1.022e+00  inlet_vy=9.579e-01  inlet_vz=9.694e-01  inlet_T=9.394e-01  outlet_p=9.394e-01
      w: wall_vx=9.993e-01   wall_vy=9.395e-01   wall_vz=9.398e-01   wall_T=9.395e-01   wall_dp_dn=9.396e-01
SUP   vx=0.000e+00  vy=0.000e+00  vz=0.000e+00  p=0.000e+00  T=0.000e+00  | total=0.000e+00
      w: vx=9.398e-01  vy=9.398e-01  vz=9.398e-01  p=9.398e-01  T=9.398e-01
MSE   vx=7.443e+02  vy=9.153e-03  vz=4.541e-03  p=5.405e-06  T=5.385e-03  | total=7.443e+02




[  603/10000]
PDE   div=5.421e-01  mom_x=9.267e-02  mom_y=3.625e-04  mom_z=1.818e-03  heat=2.105e-08  | total=6.370e-01
      w: div=9.462e-01  mom_x=9.402e-01  mom_y=9.396e-01  mom_z=9.395e-01  heat=9.397e-01
BC    inlet_vx=1.041e+00  inlet_vy=8.389e-01  inlet_vz=9.284e-01  inlet_T=2.605e-03  outlet_p=1.381e-02
      wall_vx=6.868e-01   wall_vy=2.990e-02   wall_vz=1.176e-03   wall_T=5.701e-03   wall_dp_dn=3.098e-04  | total=3.548e+00
      w: inlet_vx=1.022e+00  inlet_vy=9.577e-01  inlet_vz=9.693e-01  inlet_T=9.393e-01  outlet_p=9.393e-01
      w: wall_vx=9.992e-01   wall_vy=9.394e-01   wall_vz=9.397e-01   wall_T=9.394e-01   wall_dp_dn=9.395e-01
SUP   vx=0.000e+00  vy=0.000e+00  vz=0.000e+00  p=0.000e+00  T=0.000e+00  | total=0.000e+00
      w: vx=9.397e-01  vy=9.397e-01  vz=9.397e-01  p=9.397e-01  T=9.397e-01
MSE   vx=7.444e+02  vy=9.149e-03  vz=4.540e-03  p=5.413e-06  T=5.405e-03  | total=7.444e+02




[  604/10000]
PDE   div=5.503e-01  mom_x=9.505e-02  mom_y=3.616e-04  mom_z=1.729e-03  heat=2.052e-08  | total=6.474e-01
      w: div=9.461e-01  mom_x=9.401e-01  mom_y=9.395e-01  mom_z=9.394e-01  heat=9.396e-01
BC    inlet_vx=1.041e+00  inlet_vy=8.390e-01  inlet_vz=9.282e-01  inlet_T=2.606e-03  outlet_p=1.383e-02
      wall_vx=6.843e-01   wall_vy=2.867e-02   wall_vz=1.147e-03   wall_T=5.673e-03   wall_dp_dn=3.281e-04  | total=3.544e+00
      w: inlet_vx=1.022e+00  inlet_vy=9.576e-01  inlet_vz=9.692e-01  inlet_T=9.392e-01  outlet_p=9.392e-01
      w: wall_vx=9.992e-01   wall_vy=9.393e-01   wall_vz=9.396e-01   wall_T=9.393e-01   wall_dp_dn=9.394e-01
SUP   vx=0.000e+00  vy=0.000e+00  vz=0.000e+00  p=0.000e+00  T=0.000e+00  | total=0.000e+00
      w: vx=9.396e-01  vy=9.396e-01  vz=9.396e-01  p=9.396e-01  T=9.396e-01
MSE   vx=7.445e+02  vy=9.146e-03  vz=4.540e-03  p=5.422e-06  T=5.425e-03  | total=7.445e+02




[  605/10000]
PDE   div=5.439e-01  mom_x=9.135e-02  mom_y=3.447e-04  mom_z=1.703e-03  heat=2.003e-08  | total=6.373e-01
      w: div=9.460e-01  mom_x=9.400e-01  mom_y=9.394e-01  mom_z=9.393e-01  heat=9.395e-01
BC    inlet_vx=1.041e+00  inlet_vy=8.390e-01  inlet_vz=9.281e-01  inlet_T=2.609e-03  outlet_p=1.381e-02
      wall_vx=6.781e-01   wall_vy=2.750e-02   wall_vz=1.219e-03   wall_T=5.414e-03   wall_dp_dn=3.021e-04  | total=3.537e+00
      w: inlet_vx=1.022e+00  inlet_vy=9.575e-01  inlet_vz=9.691e-01  inlet_T=9.391e-01  outlet_p=9.391e-01
      w: wall_vx=9.991e-01   wall_vy=9.392e-01   wall_vz=9.395e-01   wall_T=9.392e-01   wall_dp_dn=9.393e-01
SUP   vx=0.000e+00  vy=0.000e+00  vz=0.000e+00  p=0.000e+00  T=0.000e+00  | total=0.000e+00
      w: vx=9.395e-01  vy=9.395e-01  vz=9.395e-01  p=9.395e-01  T=9.395e-01
MSE   vx=7.445e+02  vy=9.143e-03  vz=4.539e-03  p=5.430e-06  T=5.444e-03  | total=7.445e+02




[  606/10000]
PDE   div=5.623e-01  mom_x=9.595e-02  mom_y=3.565e-04  mom_z=1.791e-03  heat=2.115e-08  | total=6.604e-01
      w: div=9.459e-01  mom_x=9.399e-01  mom_y=9.393e-01  mom_z=9.391e-01  heat=9.394e-01
BC    inlet_vx=1.040e+00  inlet_vy=8.390e-01  inlet_vz=9.279e-01  inlet_T=2.613e-03  outlet_p=1.368e-02
      wall_vx=6.953e-01   wall_vy=2.722e-02   wall_vz=1.215e-03   wall_T=5.539e-03   wall_dp_dn=3.350e-04  | total=3.553e+00
      w: inlet_vx=1.022e+00  inlet_vy=9.574e-01  inlet_vz=9.690e-01  inlet_T=9.390e-01  outlet_p=9.390e-01
      w: wall_vx=9.991e-01   wall_vy=9.391e-01   wall_vz=9.394e-01   wall_T=9.391e-01   wall_dp_dn=9.392e-01
SUP   vx=0.000e+00  vy=0.000e+00  vz=0.000e+00  p=0.000e+00  T=0.000e+00  | total=0.000e+00
      w: vx=9.394e-01  vy=9.394e-01  vz=9.394e-01  p=9.394e-01  T=9.394e-01
MSE   vx=7.445e+02  vy=9.139e-03  vz=4.538e-03  p=5.439e-06  T=5.462e-03  | total=7.446e+02




[  607/10000]
PDE   div=5.488e-01  mom_x=9.293e-02  mom_y=3.471e-04  mom_z=1.727e-03  heat=2.064e-08  | total=6.438e-01
      w: div=9.458e-01  mom_x=9.398e-01  mom_y=9.392e-01  mom_z=9.390e-01  heat=9.393e-01
BC    inlet_vx=1.040e+00  inlet_vy=8.390e-01  inlet_vz=9.277e-01  inlet_T=2.618e-03  outlet_p=1.375e-02
      wall_vx=6.720e-01   wall_vy=2.920e-02   wall_vz=1.085e-03   wall_T=5.588e-03   wall_dp_dn=3.224e-04  | total=3.532e+00
      w: inlet_vx=1.022e+00  inlet_vy=9.573e-01  inlet_vz=9.688e-01  inlet_T=9.389e-01  outlet_p=9.389e-01
      w: wall_vx=9.990e-01   wall_vy=9.390e-01   wall_vz=9.393e-01   wall_T=9.390e-01   wall_dp_dn=9.391e-01
SUP   vx=0.000e+00  vy=0.000e+00  vz=0.000e+00  p=0.000e+00  T=0.000e+00  | total=0.000e+00
      w: vx=9.393e-01  vy=9.393e-01  vz=9.393e-01  p=9.393e-01  T=9.393e-01
MSE   vx=7.445e+02  vy=9.135e-03  vz=4.538e-03  p=5.447e-06  T=5.480e-03  | total=7.446e+02




[  608/10000]
PDE   div=5.399e-01  mom_x=8.845e-02  mom_y=3.553e-04  mom_z=1.742e-03  heat=1.920e-08  | total=6.305e-01
      w: div=9.457e-01  mom_x=9.397e-01  mom_y=9.391e-01  mom_z=9.389e-01  heat=9.392e-01
BC    inlet_vx=1.040e+00  inlet_vy=8.390e-01  inlet_vz=9.276e-01  inlet_T=2.624e-03  outlet_p=1.374e-02
      wall_vx=6.941e-01   wall_vy=2.887e-02   wall_vz=1.139e-03   wall_T=5.711e-03   wall_dp_dn=3.147e-04  | total=3.553e+00
      w: inlet_vx=1.022e+00  inlet_vy=9.572e-01  inlet_vz=9.687e-01  inlet_T=9.388e-01  outlet_p=9.388e-01
      w: wall_vx=9.989e-01   wall_vy=9.389e-01   wall_vz=9.392e-01   wall_T=9.389e-01   wall_dp_dn=9.390e-01
SUP   vx=0.000e+00  vy=0.000e+00  vz=0.000e+00  p=0.000e+00  T=0.000e+00  | total=0.000e+00
      w: vx=9.392e-01  vy=9.392e-01  vz=9.392e-01  p=9.392e-01  T=9.392e-01
MSE   vx=7.445e+02  vy=9.132e-03  vz=4.537e-03  p=5.456e-06  T=5.496e-03  | total=7.446e+02




[  609/10000]
PDE   div=5.615e-01  mom_x=9.614e-02  mom_y=3.532e-04  mom_z=1.735e-03  heat=2.086e-08  | total=6.597e-01
      w: div=9.457e-01  mom_x=9.396e-01  mom_y=9.390e-01  mom_z=9.388e-01  heat=9.391e-01
BC    inlet_vx=1.040e+00  inlet_vy=8.390e-01  inlet_vz=9.274e-01  inlet_T=2.632e-03  outlet_p=1.360e-02
      wall_vx=6.975e-01   wall_vy=2.887e-02   wall_vz=1.126e-03   wall_T=5.685e-03   wall_dp_dn=3.316e-04  | total=3.556e+00
      w: inlet_vx=1.022e+00  inlet_vy=9.571e-01  inlet_vz=9.686e-01  inlet_T=9.387e-01  outlet_p=9.387e-01
      w: wall_vx=9.989e-01   wall_vy=9.388e-01   wall_vz=9.391e-01   wall_T=9.388e-01   wall_dp_dn=9.389e-01
SUP   vx=0.000e+00  vy=0.000e+00  vz=0.000e+00  p=0.000e+00  T=0.000e+00  | total=0.000e+00
      w: vx=9.391e-01  vy=9.391e-01  vz=9.391e-01  p=9.391e-01  T=9.391e-01
MSE   vx=7.445e+02  vy=9.128e-03  vz=4.537e-03  p=5.464e-06  T=5.512e-03  | total=7.445e+02




[  610/10000]
PDE   div=5.571e-01  mom_x=9.505e-02  mom_y=3.579e-04  mom_z=1.730e-03  heat=2.055e-08  | total=6.543e-01
      w: div=9.456e-01  mom_x=9.395e-01  mom_y=9.389e-01  mom_z=9.387e-01  heat=9.390e-01
BC    inlet_vx=1.040e+00  inlet_vy=8.391e-01  inlet_vz=9.272e-01  inlet_T=2.641e-03  outlet_p=1.379e-02
      wall_vx=7.071e-01   wall_vy=2.776e-02   wall_vz=1.145e-03   wall_T=5.476e-03   wall_dp_dn=3.156e-04  | total=3.564e+00
      w: inlet_vx=1.022e+00  inlet_vy=9.570e-01  inlet_vz=9.685e-01  inlet_T=9.386e-01  outlet_p=9.386e-01
      w: wall_vx=9.988e-01   wall_vy=9.387e-01   wall_vz=9.390e-01   wall_T=9.387e-01   wall_dp_dn=9.388e-01
SUP   vx=0.000e+00  vy=0.000e+00  vz=0.000e+00  p=0.000e+00  T=0.000e+00  | total=0.000e+00
      w: vx=9.390e-01  vy=9.390e-01  vz=9.390e-01  p=9.390e-01  T=9.390e-01
MSE   vx=7.445e+02  vy=9.124e-03  vz=4.536e-03  p=5.473e-06  T=5.527e-03  | total=7.445e+02




[  611/10000]
PDE   div=5.612e-01  mom_x=9.222e-02  mom_y=3.562e-04  mom_z=1.814e-03  heat=1.968e-08  | total=6.556e-01
      w: div=9.455e-01  mom_x=9.394e-01  mom_y=9.388e-01  mom_z=9.386e-01  heat=9.389e-01
BC    inlet_vx=1.039e+00  inlet_vy=8.391e-01  inlet_vz=9.270e-01  inlet_T=2.650e-03  outlet_p=1.371e-02
      wall_vx=7.135e-01   wall_vy=2.829e-02   wall_vz=1.191e-03   wall_T=5.571e-03   wall_dp_dn=3.106e-04  | total=3.571e+00
      w: inlet_vx=1.022e+00  inlet_vy=9.569e-01  inlet_vz=9.684e-01  inlet_T=9.385e-01  outlet_p=9.385e-01
      w: wall_vx=9.988e-01   wall_vy=9.386e-01   wall_vz=9.389e-01   wall_T=9.386e-01   wall_dp_dn=9.387e-01
SUP   vx=0.000e+00  vy=0.000e+00  vz=0.000e+00  p=0.000e+00  T=0.000e+00  | total=0.000e+00
      w: vx=9.389e-01  vy=9.389e-01  vz=9.389e-01  p=9.389e-01  T=9.389e-01
MSE   vx=7.444e+02  vy=9.121e-03  vz=4.535e-03  p=5.481e-06  T=5.541e-03  | total=7.444e+02




[  612/10000]
PDE   div=5.581e-01  mom_x=9.358e-02  mom_y=3.493e-04  mom_z=1.756e-03  heat=2.088e-08  | total=6.538e-01
      w: div=9.454e-01  mom_x=9.393e-01  mom_y=9.387e-01  mom_z=9.385e-01  heat=9.388e-01
BC    inlet_vx=1.039e+00  inlet_vy=8.391e-01  inlet_vz=9.268e-01  inlet_T=2.660e-03  outlet_p=1.382e-02
      wall_vx=7.010e-01   wall_vy=2.940e-02   wall_vz=1.065e-03   wall_T=5.880e-03   wall_dp_dn=2.964e-04  | total=3.559e+00
      w: inlet_vx=1.022e+00  inlet_vy=9.568e-01  inlet_vz=9.682e-01  inlet_T=9.384e-01  outlet_p=9.384e-01
      w: wall_vx=9.987e-01   wall_vy=9.385e-01   wall_vz=9.388e-01   wall_T=9.385e-01   wall_dp_dn=9.386e-01
SUP   vx=0.000e+00  vy=0.000e+00  vz=0.000e+00  p=0.000e+00  T=0.000e+00  | total=0.000e+00
      w: vx=9.388e-01  vy=9.388e-01  vz=9.388e-01  p=9.388e-01  T=9.388e-01
MSE   vx=7.443e+02  vy=9.117e-03  vz=4.535e-03  p=5.490e-06  T=5.553e-03  | total=7.443e+02




[  613/10000]
PDE   div=5.660e-01  mom_x=9.853e-02  mom_y=3.458e-04  mom_z=1.738e-03  heat=2.159e-08  | total=6.666e-01
      w: div=9.453e-01  mom_x=9.392e-01  mom_y=9.386e-01  mom_z=9.384e-01  heat=9.387e-01
BC    inlet_vx=1.039e+00  inlet_vy=8.391e-01  inlet_vz=9.267e-01  inlet_T=2.670e-03  outlet_p=1.372e-02
      wall_vx=7.189e-01   wall_vy=2.966e-02   wall_vz=1.183e-03   wall_T=5.711e-03   wall_dp_dn=2.981e-04  | total=3.577e+00
      w: inlet_vx=1.022e+00  inlet_vy=9.567e-01  inlet_vz=9.681e-01  inlet_T=9.383e-01  outlet_p=9.383e-01
      w: wall_vx=9.987e-01   wall_vy=9.384e-01   wall_vz=9.387e-01   wall_T=9.384e-01   wall_dp_dn=9.385e-01
SUP   vx=0.000e+00  vy=0.000e+00  vz=0.000e+00  p=0.000e+00  T=0.000e+00  | total=0.000e+00
      w: vx=9.387e-01  vy=9.387e-01  vz=9.387e-01  p=9.387e-01  T=9.387e-01
MSE   vx=7.441e+02  vy=9.113e-03  vz=4.534e-03  p=5.498e-06  T=5.564e-03  | total=7.442e+02




[  614/10000]
PDE   div=5.593e-01  mom_x=9.511e-02  mom_y=3.330e-04  mom_z=1.715e-03  heat=2.166e-08  | total=6.565e-01
      w: div=9.452e-01  mom_x=9.391e-01  mom_y=9.385e-01  mom_z=9.383e-01  heat=9.386e-01
BC    inlet_vx=1.039e+00  inlet_vy=8.391e-01  inlet_vz=9.265e-01  inlet_T=2.680e-03  outlet_p=1.373e-02
      wall_vx=6.921e-01   wall_vy=3.014e-02   wall_vz=1.162e-03   wall_T=5.730e-03   wall_dp_dn=3.057e-04  | total=3.551e+00
      w: inlet_vx=1.022e+00  inlet_vy=9.566e-01  inlet_vz=9.680e-01  inlet_T=9.382e-01  outlet_p=9.382e-01
      w: wall_vx=9.986e-01   wall_vy=9.383e-01   wall_vz=9.386e-01   wall_T=9.383e-01   wall_dp_dn=9.384e-01
SUP   vx=0.000e+00  vy=0.000e+00  vz=0.000e+00  p=0.000e+00  T=0.000e+00  | total=0.000e+00
      w: vx=9.386e-01  vy=9.386e-01  vz=9.386e-01  p=9.386e-01  T=9.386e-01
MSE   vx=7.440e+02  vy=9.110e-03  vz=4.534e-03  p=5.507e-06  T=5.575e-03  | total=7.440e+02




[  615/10000]
PDE   div=5.521e-01  mom_x=9.357e-02  mom_y=3.508e-04  mom_z=1.670e-03  heat=2.055e-08  | total=6.477e-01
      w: div=9.451e-01  mom_x=9.390e-01  mom_y=9.384e-01  mom_z=9.382e-01  heat=9.385e-01
BC    inlet_vx=1.039e+00  inlet_vy=8.391e-01  inlet_vz=9.263e-01  inlet_T=2.691e-03  outlet_p=1.368e-02
      wall_vx=7.092e-01   wall_vy=2.833e-02   wall_vz=1.149e-03   wall_T=5.875e-03   wall_dp_dn=2.941e-04  | total=3.566e+00
      w: inlet_vx=1.022e+00  inlet_vy=9.565e-01  inlet_vz=9.679e-01  inlet_T=9.381e-01  outlet_p=9.381e-01
      w: wall_vx=9.986e-01   wall_vy=9.382e-01   wall_vz=9.385e-01   wall_T=9.382e-01   wall_dp_dn=9.383e-01
SUP   vx=0.000e+00  vy=0.000e+00  vz=0.000e+00  p=0.000e+00  T=0.000e+00  | total=0.000e+00
      w: vx=9.385e-01  vy=9.385e-01  vz=9.385e-01  p=9.385e-01  T=9.385e-01
MSE   vx=7.438e+02  vy=9.106e-03  vz=4.533e-03  p=5.515e-06  T=5.583e-03  | total=7.438e+02




[  616/10000]
PDE   div=5.510e-01  mom_x=9.436e-02  mom_y=3.434e-04  mom_z=1.676e-03  heat=2.096e-08  | total=6.474e-01
      w: div=9.451e-01  mom_x=9.389e-01  mom_y=9.383e-01  mom_z=9.381e-01  heat=9.384e-01
BC    inlet_vx=1.039e+00  inlet_vy=8.391e-01  inlet_vz=9.261e-01  inlet_T=2.701e-03  outlet_p=1.371e-02
      wall_vx=6.570e-01   wall_vy=2.792e-02   wall_vz=1.050e-03   wall_T=5.510e-03   wall_dp_dn=2.968e-04  | total=3.513e+00
      w: inlet_vx=1.022e+00  inlet_vy=9.564e-01  inlet_vz=9.678e-01  inlet_T=9.380e-01  outlet_p=9.379e-01
      w: wall_vx=9.985e-01   wall_vy=9.381e-01   wall_vz=9.384e-01   wall_T=9.381e-01   wall_dp_dn=9.382e-01
SUP   vx=0.000e+00  vy=0.000e+00  vz=0.000e+00  p=0.000e+00  T=0.000e+00  | total=0.000e+00
      w: vx=9.384e-01  vy=9.384e-01  vz=9.384e-01  p=9.384e-01  T=9.384e-01
MSE   vx=7.436e+02  vy=9.103e-03  vz=4.533e-03  p=5.524e-06  T=5.591e-03  | total=7.436e+02




[  617/10000]
PDE   div=5.388e-01  mom_x=9.038e-02  mom_y=3.414e-04  mom_z=1.709e-03  heat=2.070e-08  | total=6.312e-01
      w: div=9.450e-01  mom_x=9.388e-01  mom_y=9.382e-01  mom_z=9.380e-01  heat=9.383e-01
BC    inlet_vx=1.039e+00  inlet_vy=8.391e-01  inlet_vz=9.259e-01  inlet_T=2.712e-03  outlet_p=1.370e-02
      wall_vx=6.602e-01   wall_vy=2.758e-02   wall_vz=1.126e-03   wall_T=5.726e-03   wall_dp_dn=3.208e-04  | total=3.516e+00
      w: inlet_vx=1.022e+00  inlet_vy=9.563e-01  inlet_vz=9.676e-01  inlet_T=9.379e-01  outlet_p=9.378e-01
      w: wall_vx=9.984e-01   wall_vy=9.380e-01   wall_vz=9.383e-01   wall_T=9.380e-01   wall_dp_dn=9.381e-01
SUP   vx=0.000e+00  vy=0.000e+00  vz=0.000e+00  p=0.000e+00  T=0.000e+00  | total=0.000e+00
      w: vx=9.383e-01  vy=9.383e-01  vz=9.383e-01  p=9.383e-01  T=9.383e-01
MSE   vx=7.434e+02  vy=9.099e-03  vz=4.532e-03  p=5.533e-06  T=5.598e-03  | total=7.434e+02




[  618/10000]
PDE   div=5.571e-01  mom_x=9.304e-02  mom_y=3.410e-04  mom_z=1.717e-03  heat=2.136e-08  | total=6.522e-01
      w: div=9.449e-01  mom_x=9.387e-01  mom_y=9.381e-01  mom_z=9.379e-01  heat=9.382e-01
BC    inlet_vx=1.039e+00  inlet_vy=8.391e-01  inlet_vz=9.257e-01  inlet_T=2.723e-03  outlet_p=1.364e-02
      wall_vx=6.780e-01   wall_vy=2.712e-02   wall_vz=1.212e-03   wall_T=5.728e-03   wall_dp_dn=3.023e-04  | total=3.533e+00
      w: inlet_vx=1.022e+00  inlet_vy=9.562e-01  inlet_vz=9.675e-01  inlet_T=9.378e-01  outlet_p=9.377e-01
      w: wall_vx=9.984e-01   wall_vy=9.379e-01   wall_vz=9.382e-01   wall_T=9.379e-01   wall_dp_dn=9.380e-01
SUP   vx=0.000e+00  vy=0.000e+00  vz=0.000e+00  p=0.000e+00  T=0.000e+00  | total=0.000e+00
      w: vx=9.382e-01  vy=9.382e-01  vz=9.382e-01  p=9.382e-01  T=9.382e-01
MSE   vx=7.432e+02  vy=9.095e-03  vz=4.532e-03  p=5.541e-06  T=5.604e-03  | total=7.432e+02




[  619/10000]
PDE   div=5.459e-01  mom_x=9.320e-02  mom_y=3.429e-04  mom_z=1.691e-03  heat=2.020e-08  | total=6.412e-01
      w: div=9.448e-01  mom_x=9.386e-01  mom_y=9.380e-01  mom_z=9.378e-01  heat=9.381e-01
BC    inlet_vx=1.039e+00  inlet_vy=8.391e-01  inlet_vz=9.255e-01  inlet_T=2.734e-03  outlet_p=1.363e-02
      wall_vx=6.318e-01   wall_vy=2.648e-02   wall_vz=1.102e-03   wall_T=5.781e-03   wall_dp_dn=3.141e-04  | total=3.486e+00
      w: inlet_vx=1.022e+00  inlet_vy=9.561e-01  inlet_vz=9.674e-01  inlet_T=9.377e-01  outlet_p=9.376e-01
      w: wall_vx=9.983e-01   wall_vy=9.378e-01   wall_vz=9.381e-01   wall_T=9.378e-01   wall_dp_dn=9.379e-01
SUP   vx=0.000e+00  vy=0.000e+00  vz=0.000e+00  p=0.000e+00  T=0.000e+00  | total=0.000e+00
      w: vx=9.381e-01  vy=9.381e-01  vz=9.381e-01  p=9.381e-01  T=9.381e-01
MSE   vx=7.430e+02  vy=9.092e-03  vz=4.532e-03  p=5.550e-06  T=5.608e-03  | total=7.430e+02




[  620/10000]
PDE   div=5.574e-01  mom_x=9.351e-02  mom_y=3.454e-04  mom_z=1.768e-03  heat=2.067e-08  | total=6.530e-01
      w: div=9.447e-01  mom_x=9.385e-01  mom_y=9.379e-01  mom_z=9.377e-01  heat=9.380e-01
BC    inlet_vx=1.039e+00  inlet_vy=8.391e-01  inlet_vz=9.253e-01  inlet_T=2.745e-03  outlet_p=1.362e-02
      wall_vx=7.079e-01   wall_vy=2.839e-02   wall_vz=1.226e-03   wall_T=5.767e-03   wall_dp_dn=2.750e-04  | total=3.563e+00
      w: inlet_vx=1.022e+00  inlet_vy=9.559e-01  inlet_vz=9.673e-01  inlet_T=9.376e-01  outlet_p=9.375e-01
      w: wall_vx=9.983e-01   wall_vy=9.377e-01   wall_vz=9.380e-01   wall_T=9.377e-01   wall_dp_dn=9.378e-01
SUP   vx=0.000e+00  vy=0.000e+00  vz=0.000e+00  p=0.000e+00  T=0.000e+00  | total=0.000e+00
      w: vx=9.380e-01  vy=9.380e-01  vz=9.380e-01  p=9.380e-01  T=9.380e-01
MSE   vx=7.427e+02  vy=9.088e-03  vz=4.531e-03  p=5.558e-06  T=5.611e-03  | total=7.427e+02




[  621/10000]
PDE   div=5.523e-01  mom_x=9.653e-02  mom_y=3.546e-04  mom_z=1.790e-03  heat=2.187e-08  | total=6.510e-01
      w: div=9.446e-01  mom_x=9.384e-01  mom_y=9.378e-01  mom_z=9.376e-01  heat=9.379e-01
BC    inlet_vx=1.039e+00  inlet_vy=8.390e-01  inlet_vz=9.251e-01  inlet_T=2.756e-03  outlet_p=1.362e-02
      wall_vx=6.643e-01   wall_vy=2.861e-02   wall_vz=1.100e-03   wall_T=5.474e-03   wall_dp_dn=3.035e-04  | total=3.519e+00
      w: inlet_vx=1.022e+00  inlet_vy=9.558e-01  inlet_vz=9.672e-01  inlet_T=9.375e-01  outlet_p=9.374e-01
      w: wall_vx=9.982e-01   wall_vy=9.376e-01   wall_vz=9.379e-01   wall_T=9.376e-01   wall_dp_dn=9.377e-01
SUP   vx=0.000e+00  vy=0.000e+00  vz=0.000e+00  p=0.000e+00  T=0.000e+00  | total=0.000e+00
      w: vx=9.379e-01  vy=9.379e-01  vz=9.379e-01  p=9.379e-01  T=9.379e-01
MSE   vx=7.424e+02  vy=9.084e-03  vz=4.531e-03  p=5.567e-06  T=5.613e-03  | total=7.425e+02




[  622/10000]
PDE   div=5.596e-01  mom_x=9.211e-02  mom_y=3.383e-04  mom_z=1.753e-03  heat=2.045e-08  | total=6.538e-01
      w: div=9.445e-01  mom_x=9.383e-01  mom_y=9.377e-01  mom_z=9.375e-01  heat=9.378e-01
BC    inlet_vx=1.038e+00  inlet_vy=8.390e-01  inlet_vz=9.249e-01  inlet_T=2.767e-03  outlet_p=1.371e-02
      wall_vx=7.116e-01   wall_vy=2.727e-02   wall_vz=1.265e-03   wall_T=6.004e-03   wall_dp_dn=3.002e-04  | total=3.565e+00
      w: inlet_vx=1.022e+00  inlet_vy=9.557e-01  inlet_vz=9.670e-01  inlet_T=9.374e-01  outlet_p=9.373e-01
      w: wall_vx=9.982e-01   wall_vy=9.375e-01   wall_vz=9.378e-01   wall_T=9.375e-01   wall_dp_dn=9.376e-01
SUP   vx=0.000e+00  vy=0.000e+00  vz=0.000e+00  p=0.000e+00  T=0.000e+00  | total=0.000e+00
      w: vx=9.378e-01  vy=9.378e-01  vz=9.378e-01  p=9.378e-01  T=9.378e-01
MSE   vx=7.422e+02  vy=9.081e-03  vz=4.531e-03  p=5.575e-06  T=5.614e-03  | total=7.422e+02




[  623/10000]
PDE   div=5.534e-01  mom_x=9.108e-02  mom_y=3.453e-04  mom_z=1.717e-03  heat=2.072e-08  | total=6.465e-01
      w: div=9.445e-01  mom_x=9.382e-01  mom_y=9.376e-01  mom_z=9.374e-01  heat=9.377e-01
BC    inlet_vx=1.038e+00  inlet_vy=8.390e-01  inlet_vz=9.246e-01  inlet_T=2.778e-03  outlet_p=1.362e-02
      wall_vx=7.230e-01   wall_vy=2.899e-02   wall_vz=1.211e-03   wall_T=5.876e-03   wall_dp_dn=3.020e-04  | total=3.578e+00
      w: inlet_vx=1.022e+00  inlet_vy=9.556e-01  inlet_vz=9.669e-01  inlet_T=9.373e-01  outlet_p=9.372e-01
      w: wall_vx=9.981e-01   wall_vy=9.374e-01   wall_vz=9.377e-01   wall_T=9.374e-01   wall_dp_dn=9.375e-01
SUP   vx=0.000e+00  vy=0.000e+00  vz=0.000e+00  p=0.000e+00  T=0.000e+00  | total=0.000e+00
      w: vx=9.377e-01  vy=9.377e-01  vz=9.377e-01  p=9.377e-01  T=9.377e-01
MSE   vx=7.418e+02  vy=9.077e-03  vz=4.531e-03  p=5.584e-06  T=5.613e-03  | total=7.419e+02




[  624/10000]
PDE   div=5.529e-01  mom_x=9.487e-02  mom_y=3.508e-04  mom_z=1.710e-03  heat=2.050e-08  | total=6.498e-01
      w: div=9.444e-01  mom_x=9.381e-01  mom_y=9.375e-01  mom_z=9.373e-01  heat=9.376e-01
BC    inlet_vx=1.038e+00  inlet_vy=8.390e-01  inlet_vz=9.244e-01  inlet_T=2.788e-03  outlet_p=1.368e-02
      wall_vx=6.892e-01   wall_vy=2.702e-02   wall_vz=1.139e-03   wall_T=5.761e-03   wall_dp_dn=2.894e-04  | total=3.541e+00
      w: inlet_vx=1.022e+00  inlet_vy=9.555e-01  inlet_vz=9.668e-01  inlet_T=9.372e-01  outlet_p=9.371e-01
      w: wall_vx=9.980e-01   wall_vy=9.373e-01   wall_vz=9.376e-01   wall_T=9.373e-01   wall_dp_dn=9.374e-01
SUP   vx=0.000e+00  vy=0.000e+00  vz=0.000e+00  p=0.000e+00  T=0.000e+00  | total=0.000e+00
      w: vx=9.376e-01  vy=9.376e-01  vz=9.376e-01  p=9.376e-01  T=9.376e-01
MSE   vx=7.415e+02  vy=9.074e-03  vz=4.530e-03  p=5.593e-06  T=5.611e-03  | total=7.415e+02




[  625/10000]
PDE   div=5.707e-01  mom_x=9.853e-02  mom_y=3.457e-04  mom_z=1.768e-03  heat=2.171e-08  | total=6.713e-01
      w: div=9.443e-01  mom_x=9.380e-01  mom_y=9.374e-01  mom_z=9.372e-01  heat=9.375e-01
BC    inlet_vx=1.038e+00  inlet_vy=8.390e-01  inlet_vz=9.242e-01  inlet_T=2.798e-03  outlet_p=1.369e-02
      wall_vx=7.117e-01   wall_vy=2.914e-02   wall_vz=1.180e-03   wall_T=5.865e-03   wall_dp_dn=2.913e-04  | total=3.566e+00
      w: inlet_vx=1.022e+00  inlet_vy=9.554e-01  inlet_vz=9.667e-01  inlet_T=9.371e-01  outlet_p=9.370e-01
      w: wall_vx=9.980e-01   wall_vy=9.372e-01   wall_vz=9.375e-01   wall_T=9.372e-01   wall_dp_dn=9.373e-01
SUP   vx=0.000e+00  vy=0.000e+00  vz=0.000e+00  p=0.000e+00  T=0.000e+00  | total=0.000e+00
      w: vx=9.375e-01  vy=9.375e-01  vz=9.375e-01  p=9.375e-01  T=9.375e-01
MSE   vx=7.412e+02  vy=9.070e-03  vz=4.530e-03  p=5.601e-06  T=5.607e-03  | total=7.412e+02




[  626/10000]
PDE   div=5.589e-01  mom_x=9.299e-02  mom_y=3.352e-04  mom_z=1.801e-03  heat=2.047e-08  | total=6.540e-01
      w: div=9.442e-01  mom_x=9.380e-01  mom_y=9.373e-01  mom_z=9.371e-01  heat=9.374e-01
BC    inlet_vx=1.038e+00  inlet_vy=8.389e-01  inlet_vz=9.240e-01  inlet_T=2.808e-03  outlet_p=1.366e-02
      wall_vx=6.984e-01   wall_vy=2.685e-02   wall_vz=1.170e-03   wall_T=5.663e-03   wall_dp_dn=3.049e-04  | total=3.550e+00
      w: inlet_vx=1.022e+00  inlet_vy=9.553e-01  inlet_vz=9.666e-01  inlet_T=9.370e-01  outlet_p=9.369e-01
      w: wall_vx=9.979e-01   wall_vy=9.371e-01   wall_vz=9.374e-01   wall_T=9.371e-01   wall_dp_dn=9.372e-01
SUP   vx=0.000e+00  vy=0.000e+00  vz=0.000e+00  p=0.000e+00  T=0.000e+00  | total=0.000e+00
      w: vx=9.374e-01  vy=9.374e-01  vz=9.374e-01  p=9.374e-01  T=9.374e-01
MSE   vx=7.408e+02  vy=9.067e-03  vz=4.530e-03  p=5.610e-06  T=5.602e-03  | total=7.408e+02




[  627/10000]
PDE   div=5.482e-01  mom_x=9.274e-02  mom_y=3.313e-04  mom_z=1.861e-03  heat=2.057e-08  | total=6.432e-01
      w: div=9.441e-01  mom_x=9.379e-01  mom_y=9.372e-01  mom_z=9.370e-01  heat=9.373e-01
BC    inlet_vx=1.038e+00  inlet_vy=8.389e-01  inlet_vz=9.238e-01  inlet_T=2.817e-03  outlet_p=1.363e-02
      wall_vx=6.778e-01   wall_vy=2.638e-02   wall_vz=1.314e-03   wall_T=5.751e-03   wall_dp_dn=3.129e-04  | total=3.528e+00
      w: inlet_vx=1.022e+00  inlet_vy=9.552e-01  inlet_vz=9.664e-01  inlet_T=9.369e-01  outlet_p=9.368e-01
      w: wall_vx=9.979e-01   wall_vy=9.370e-01   wall_vz=9.373e-01   wall_T=9.370e-01   wall_dp_dn=9.371e-01
SUP   vx=0.000e+00  vy=0.000e+00  vz=0.000e+00  p=0.000e+00  T=0.000e+00  | total=0.000e+00
      w: vx=9.373e-01  vy=9.373e-01  vz=9.373e-01  p=9.373e-01  T=9.373e-01
MSE   vx=7.404e+02  vy=9.064e-03  vz=4.530e-03  p=5.618e-06  T=5.596e-03  | total=7.404e+02




[  628/10000]
PDE   div=5.546e-01  mom_x=9.206e-02  mom_y=3.490e-04  mom_z=1.831e-03  heat=1.954e-08  | total=6.488e-01
      w: div=9.440e-01  mom_x=9.378e-01  mom_y=9.371e-01  mom_z=9.369e-01  heat=9.372e-01
BC    inlet_vx=1.038e+00  inlet_vy=8.389e-01  inlet_vz=9.236e-01  inlet_T=2.827e-03  outlet_p=1.374e-02
      wall_vx=7.031e-01   wall_vy=2.681e-02   wall_vz=1.194e-03   wall_T=5.812e-03   wall_dp_dn=2.677e-04  | total=3.554e+00
      w: inlet_vx=1.022e+00  inlet_vy=9.551e-01  inlet_vz=9.663e-01  inlet_T=9.368e-01  outlet_p=9.367e-01
      w: wall_vx=9.978e-01   wall_vy=9.369e-01   wall_vz=9.372e-01   wall_T=9.369e-01   wall_dp_dn=9.370e-01
SUP   vx=0.000e+00  vy=0.000e+00  vz=0.000e+00  p=0.000e+00  T=0.000e+00  | total=0.000e+00
      w: vx=9.372e-01  vy=9.372e-01  vz=9.372e-01  p=9.372e-01  T=9.372e-01
MSE   vx=7.400e+02  vy=9.061e-03  vz=4.530e-03  p=5.627e-06  T=5.589e-03  | total=7.400e+02




[  629/10000]
PDE   div=5.671e-01  mom_x=9.593e-02  mom_y=3.393e-04  mom_z=1.810e-03  heat=2.178e-08  | total=6.651e-01
      w: div=9.439e-01  mom_x=9.377e-01  mom_y=9.370e-01  mom_z=9.368e-01  heat=9.371e-01
BC    inlet_vx=1.037e+00  inlet_vy=8.388e-01  inlet_vz=9.233e-01  inlet_T=2.836e-03  outlet_p=1.363e-02
      wall_vx=7.049e-01   wall_vy=2.867e-02   wall_vz=1.215e-03   wall_T=5.732e-03   wall_dp_dn=2.949e-04  | total=3.557e+00
      w: inlet_vx=1.022e+00  inlet_vy=9.550e-01  inlet_vz=9.662e-01  inlet_T=9.366e-01  outlet_p=9.366e-01
      w: wall_vx=9.978e-01   wall_vy=9.368e-01   wall_vz=9.371e-01   wall_T=9.368e-01   wall_dp_dn=9.369e-01
SUP   vx=0.000e+00  vy=0.000e+00  vz=0.000e+00  p=0.000e+00  T=0.000e+00  | total=0.000e+00
      w: vx=9.371e-01  vy=9.371e-01  vz=9.371e-01  p=9.371e-01  T=9.371e-01
MSE   vx=7.396e+02  vy=9.058e-03  vz=4.530e-03  p=5.635e-06  T=5.580e-03  | total=7.396e+02




[  630/10000]
PDE   div=5.650e-01  mom_x=9.661e-02  mom_y=3.423e-04  mom_z=1.806e-03  heat=2.246e-08  | total=6.637e-01
      w: div=9.439e-01  mom_x=9.376e-01  mom_y=9.369e-01  mom_z=9.367e-01  heat=9.370e-01
BC    inlet_vx=1.037e+00  inlet_vy=8.388e-01  inlet_vz=9.231e-01  inlet_T=2.845e-03  outlet_p=1.359e-02
      wall_vx=6.964e-01   wall_vy=2.667e-02   wall_vz=1.195e-03   wall_T=5.693e-03   wall_dp_dn=2.940e-04  | total=3.546e+00
      w: inlet_vx=1.022e+00  inlet_vy=9.549e-01  inlet_vz=9.661e-01  inlet_T=9.365e-01  outlet_p=9.365e-01
      w: wall_vx=9.977e-01   wall_vy=9.367e-01   wall_vz=9.370e-01   wall_T=9.367e-01   wall_dp_dn=9.368e-01
SUP   vx=0.000e+00  vy=0.000e+00  vz=0.000e+00  p=0.000e+00  T=0.000e+00  | total=0.000e+00
      w: vx=9.370e-01  vy=9.370e-01  vz=9.370e-01  p=9.370e-01  T=9.370e-01
MSE   vx=7.391e+02  vy=9.055e-03  vz=4.530e-03  p=5.644e-06  T=5.570e-03  | total=7.392e+02




[  631/10000]
PDE   div=5.593e-01  mom_x=9.130e-02  mom_y=3.498e-04  mom_z=1.891e-03  heat=2.042e-08  | total=6.528e-01
      w: div=9.438e-01  mom_x=9.375e-01  mom_y=9.368e-01  mom_z=9.366e-01  heat=9.369e-01
BC    inlet_vx=1.037e+00  inlet_vy=8.388e-01  inlet_vz=9.229e-01  inlet_T=2.855e-03  outlet_p=1.367e-02
      wall_vx=7.469e-01   wall_vy=2.759e-02   wall_vz=1.292e-03   wall_T=5.513e-03   wall_dp_dn=2.997e-04  | total=3.597e+00
      w: inlet_vx=1.022e+00  inlet_vy=9.548e-01  inlet_vz=9.659e-01  inlet_T=9.364e-01  outlet_p=9.364e-01
      w: wall_vx=9.976e-01   wall_vy=9.366e-01   wall_vz=9.369e-01   wall_T=9.366e-01   wall_dp_dn=9.367e-01
SUP   vx=0.000e+00  vy=0.000e+00  vz=0.000e+00  p=0.000e+00  T=0.000e+00  | total=0.000e+00
      w: vx=9.369e-01  vy=9.369e-01  vz=9.369e-01  p=9.369e-01  T=9.369e-01
MSE   vx=7.387e+02  vy=9.052e-03  vz=4.530e-03  p=5.653e-06  T=5.559e-03  | total=7.387e+02




[  632/10000]
PDE   div=5.630e-01  mom_x=9.314e-02  mom_y=3.460e-04  mom_z=1.910e-03  heat=2.096e-08  | total=6.584e-01
      w: div=9.437e-01  mom_x=9.374e-01  mom_y=9.367e-01  mom_z=9.365e-01  heat=9.368e-01
BC    inlet_vx=1.038e+00  inlet_vy=8.387e-01  inlet_vz=9.226e-01  inlet_T=2.864e-03  outlet_p=1.356e-02
      wall_vx=7.679e-01   wall_vy=2.828e-02   wall_vz=1.250e-03   wall_T=5.679e-03   wall_dp_dn=2.892e-04  | total=3.619e+00
      w: inlet_vx=1.022e+00  inlet_vy=9.547e-01  inlet_vz=9.658e-01  inlet_T=9.363e-01  outlet_p=9.363e-01
      w: wall_vx=9.976e-01   wall_vy=9.365e-01   wall_vz=9.368e-01   wall_T=9.365e-01   wall_dp_dn=9.366e-01
SUP   vx=0.000e+00  vy=0.000e+00  vz=0.000e+00  p=0.000e+00  T=0.000e+00  | total=0.000e+00
      w: vx=9.368e-01  vy=9.368e-01  vz=9.368e-01  p=9.368e-01  T=9.368e-01
MSE   vx=7.382e+02  vy=9.049e-03  vz=4.530e-03  p=5.661e-06  T=5.547e-03  | total=7.382e+02




[  633/10000]
PDE   div=5.559e-01  mom_x=8.971e-02  mom_y=3.399e-04  mom_z=1.967e-03  heat=2.012e-08  | total=6.479e-01
      w: div=9.436e-01  mom_x=9.373e-01  mom_y=9.366e-01  mom_z=9.364e-01  heat=9.367e-01
BC    inlet_vx=1.038e+00  inlet_vy=8.387e-01  inlet_vz=9.224e-01  inlet_T=2.873e-03  outlet_p=1.362e-02
      wall_vx=7.465e-01   wall_vy=2.781e-02   wall_vz=1.271e-03   wall_T=5.744e-03   wall_dp_dn=3.096e-04  | total=3.597e+00
      w: inlet_vx=1.022e+00  inlet_vy=9.546e-01  inlet_vz=9.657e-01  inlet_T=9.362e-01  outlet_p=9.362e-01
      w: wall_vx=9.975e-01   wall_vy=9.364e-01   wall_vz=9.367e-01   wall_T=9.364e-01   wall_dp_dn=9.365e-01
SUP   vx=0.000e+00  vy=0.000e+00  vz=0.000e+00  p=0.000e+00  T=0.000e+00  | total=0.000e+00
      w: vx=9.367e-01  vy=9.367e-01  vz=9.367e-01  p=9.367e-01  T=9.367e-01
MSE   vx=7.377e+02  vy=9.046e-03  vz=4.529e-03  p=5.670e-06  T=5.533e-03  | total=7.377e+02




[  634/10000]
PDE   div=5.618e-01  mom_x=9.366e-02  mom_y=3.462e-04  mom_z=1.908e-03  heat=2.138e-08  | total=6.577e-01
      w: div=9.435e-01  mom_x=9.372e-01  mom_y=9.365e-01  mom_z=9.363e-01  heat=9.366e-01
BC    inlet_vx=1.038e+00  inlet_vy=8.386e-01  inlet_vz=9.222e-01  inlet_T=2.882e-03  outlet_p=1.355e-02
      wall_vx=7.311e-01   wall_vy=2.693e-02   wall_vz=1.301e-03   wall_T=5.705e-03   wall_dp_dn=3.017e-04  | total=3.581e+00
      w: inlet_vx=1.022e+00  inlet_vy=9.545e-01  inlet_vz=9.656e-01  inlet_T=9.361e-01  outlet_p=9.361e-01
      w: wall_vx=9.975e-01   wall_vy=9.363e-01   wall_vz=9.366e-01   wall_T=9.363e-01   wall_dp_dn=9.364e-01
SUP   vx=0.000e+00  vy=0.000e+00  vz=0.000e+00  p=0.000e+00  T=0.000e+00  | total=0.000e+00
      w: vx=9.366e-01  vy=9.366e-01  vz=9.366e-01  p=9.366e-01  T=9.366e-01
MSE   vx=7.372e+02  vy=9.043e-03  vz=4.529e-03  p=5.679e-06  T=5.519e-03  | total=7.372e+02




[  635/10000]
PDE   div=5.717e-01  mom_x=9.805e-02  mom_y=3.572e-04  mom_z=1.914e-03  heat=2.257e-08  | total=6.720e-01
      w: div=9.434e-01  mom_x=9.371e-01  mom_y=9.364e-01  mom_z=9.362e-01  heat=9.365e-01
BC    inlet_vx=1.039e+00  inlet_vy=8.386e-01  inlet_vz=9.220e-01  inlet_T=2.891e-03  outlet_p=1.365e-02
      wall_vx=7.303e-01   wall_vy=2.672e-02   wall_vz=1.239e-03   wall_T=5.754e-03   wall_dp_dn=2.984e-04  | total=3.580e+00
      w: inlet_vx=1.022e+00  inlet_vy=9.544e-01  inlet_vz=9.655e-01  inlet_T=9.360e-01  outlet_p=9.360e-01
      w: wall_vx=9.974e-01   wall_vy=9.362e-01   wall_vz=9.365e-01   wall_T=9.362e-01   wall_dp_dn=9.363e-01
SUP   vx=0.000e+00  vy=0.000e+00  vz=0.000e+00  p=0.000e+00  T=0.000e+00  | total=0.000e+00
      w: vx=9.365e-01  vy=9.365e-01  vz=9.365e-01  p=9.365e-01  T=9.365e-01
MSE   vx=7.367e+02  vy=9.041e-03  vz=4.529e-03  p=5.687e-06  T=5.503e-03  | total=7.367e+02




[  636/10000]
PDE   div=5.567e-01  mom_x=9.388e-02  mom_y=3.505e-04  mom_z=2.069e-03  heat=2.101e-08  | total=6.530e-01
      w: div=9.433e-01  mom_x=9.370e-01  mom_y=9.363e-01  mom_z=9.361e-01  heat=9.364e-01
BC    inlet_vx=1.039e+00  inlet_vy=8.385e-01  inlet_vz=9.217e-01  inlet_T=2.900e-03  outlet_p=1.363e-02
      wall_vx=7.235e-01   wall_vy=2.628e-02   wall_vz=1.389e-03   wall_T=5.721e-03   wall_dp_dn=3.104e-04  | total=3.573e+00
      w: inlet_vx=1.022e+00  inlet_vy=9.542e-01  inlet_vz=9.653e-01  inlet_T=9.359e-01  outlet_p=9.359e-01
      w: wall_vx=9.974e-01   wall_vy=9.361e-01   wall_vz=9.364e-01   wall_T=9.361e-01   wall_dp_dn=9.362e-01
SUP   vx=0.000e+00  vy=0.000e+00  vz=0.000e+00  p=0.000e+00  T=0.000e+00  | total=0.000e+00
      w: vx=9.364e-01  vy=9.364e-01  vz=9.364e-01  p=9.364e-01  T=9.364e-01
MSE   vx=7.361e+02  vy=9.038e-03  vz=4.530e-03  p=5.696e-06  T=5.486e-03  | total=7.361e+02




[  637/10000]
PDE   div=5.540e-01  mom_x=9.316e-02  mom_y=3.461e-04  mom_z=1.927e-03  heat=2.169e-08  | total=6.494e-01
      w: div=9.433e-01  mom_x=9.369e-01  mom_y=9.362e-01  mom_z=9.360e-01  heat=9.363e-01
BC    inlet_vx=1.040e+00  inlet_vy=8.385e-01  inlet_vz=9.215e-01  inlet_T=2.910e-03  outlet_p=1.361e-02
      wall_vx=6.904e-01   wall_vy=2.655e-02   wall_vz=1.263e-03   wall_T=5.753e-03   wall_dp_dn=2.881e-04  | total=3.540e+00
      w: inlet_vx=1.022e+00  inlet_vy=9.541e-01  inlet_vz=9.652e-01  inlet_T=9.358e-01  outlet_p=9.358e-01
      w: wall_vx=9.973e-01   wall_vy=9.360e-01   wall_vz=9.363e-01   wall_T=9.360e-01   wall_dp_dn=9.361e-01
SUP   vx=0.000e+00  vy=0.000e+00  vz=0.000e+00  p=0.000e+00  T=0.000e+00  | total=0.000e+00
      w: vx=9.363e-01  vy=9.363e-01  vz=9.363e-01  p=9.363e-01  T=9.363e-01
MSE   vx=7.355e+02  vy=9.036e-03  vz=4.530e-03  p=5.704e-06  T=5.468e-03  | total=7.356e+02




[  638/10000]
PDE   div=5.542e-01  mom_x=9.084e-02  mom_y=3.407e-04  mom_z=2.027e-03  heat=2.085e-08  | total=6.474e-01
      w: div=9.432e-01  mom_x=9.368e-01  mom_y=9.361e-01  mom_z=9.359e-01  heat=9.362e-01
BC    inlet_vx=1.040e+00  inlet_vy=8.384e-01  inlet_vz=9.213e-01  inlet_T=2.920e-03  outlet_p=1.361e-02
      wall_vx=7.221e-01   wall_vy=2.731e-02   wall_vz=1.371e-03   wall_T=5.603e-03   wall_dp_dn=3.185e-04  | total=3.573e+00
      w: inlet_vx=1.023e+00  inlet_vy=9.540e-01  inlet_vz=9.651e-01  inlet_T=9.357e-01  outlet_p=9.357e-01
      w: wall_vx=9.972e-01   wall_vy=9.359e-01   wall_vz=9.362e-01   wall_T=9.359e-01   wall_dp_dn=9.360e-01
SUP   vx=0.000e+00  vy=0.000e+00  vz=0.000e+00  p=0.000e+00  T=0.000e+00  | total=0.000e+00
      w: vx=9.362e-01  vy=9.362e-01  vz=9.362e-01  p=9.362e-01  T=9.362e-01
MSE   vx=7.350e+02  vy=9.034e-03  vz=4.530e-03  p=5.713e-06  T=5.450e-03  | total=7.350e+02




[  639/10000]
PDE   div=5.356e-01  mom_x=8.737e-02  mom_y=3.477e-04  mom_z=2.029e-03  heat=2.070e-08  | total=6.254e-01
      w: div=9.431e-01  mom_x=9.367e-01  mom_y=9.360e-01  mom_z=9.358e-01  heat=9.361e-01
BC    inlet_vx=1.041e+00  inlet_vy=8.383e-01  inlet_vz=9.210e-01  inlet_T=2.931e-03  outlet_p=1.359e-02
      wall_vx=6.860e-01   wall_vy=2.570e-02   wall_vz=1.154e-03   wall_T=5.524e-03   wall_dp_dn=3.127e-04  | total=3.535e+00
      w: inlet_vx=1.023e+00  inlet_vy=9.539e-01  inlet_vz=9.650e-01  inlet_T=9.356e-01  outlet_p=9.356e-01
      w: wall_vx=9.972e-01   wall_vy=9.358e-01   wall_vz=9.361e-01   wall_T=9.358e-01   wall_dp_dn=9.359e-01
SUP   vx=0.000e+00  vy=0.000e+00  vz=0.000e+00  p=0.000e+00  T=0.000e+00  | total=0.000e+00
      w: vx=9.361e-01  vy=9.361e-01  vz=9.361e-01  p=9.361e-01  T=9.361e-01
MSE   vx=7.344e+02  vy=9.031e-03  vz=4.530e-03  p=5.722e-06  T=5.430e-03  | total=7.344e+02




[  640/10000]
PDE   div=5.467e-01  mom_x=8.822e-02  mom_y=3.588e-04  mom_z=2.104e-03  heat=2.124e-08  | total=6.374e-01
      w: div=9.430e-01  mom_x=9.366e-01  mom_y=9.359e-01  mom_z=9.357e-01  heat=9.360e-01
BC    inlet_vx=1.041e+00  inlet_vy=8.383e-01  inlet_vz=9.208e-01  inlet_T=2.943e-03  outlet_p=1.351e-02
      wall_vx=7.245e-01   wall_vy=2.843e-02   wall_vz=1.238e-03   wall_T=5.918e-03   wall_dp_dn=3.114e-04  | total=3.577e+00
      w: inlet_vx=1.023e+00  inlet_vy=9.538e-01  inlet_vz=9.649e-01  inlet_T=9.355e-01  outlet_p=9.355e-01
      w: wall_vx=9.971e-01   wall_vy=9.357e-01   wall_vz=9.360e-01   wall_T=9.357e-01   wall_dp_dn=9.358e-01
SUP   vx=0.000e+00  vy=0.000e+00  vz=0.000e+00  p=0.000e+00  T=0.000e+00  | total=0.000e+00
      w: vx=9.360e-01  vy=9.360e-01  vz=9.360e-01  p=9.360e-01  T=9.360e-01
MSE   vx=7.338e+02  vy=9.029e-03  vz=4.530e-03  p=5.730e-06  T=5.410e-03  | total=7.339e+02




[  641/10000]
PDE   div=5.547e-01  mom_x=9.184e-02  mom_y=3.475e-04  mom_z=2.183e-03  heat=2.117e-08  | total=6.491e-01
      w: div=9.429e-01  mom_x=9.365e-01  mom_y=9.358e-01  mom_z=9.356e-01  heat=9.359e-01
BC    inlet_vx=1.042e+00  inlet_vy=8.382e-01  inlet_vz=9.206e-01  inlet_T=2.956e-03  outlet_p=1.355e-02
      wall_vx=6.885e-01   wall_vy=2.616e-02   wall_vz=1.180e-03   wall_T=5.546e-03   wall_dp_dn=3.179e-04  | total=3.539e+00
      w: inlet_vx=1.023e+00  inlet_vy=9.537e-01  inlet_vz=9.647e-01  inlet_T=9.354e-01  outlet_p=9.354e-01
      w: wall_vx=9.971e-01   wall_vy=9.356e-01   wall_vz=9.359e-01   wall_T=9.356e-01   wall_dp_dn=9.357e-01
SUP   vx=0.000e+00  vy=0.000e+00  vz=0.000e+00  p=0.000e+00  T=0.000e+00  | total=0.000e+00
      w: vx=9.359e-01  vy=9.359e-01  vz=9.359e-01  p=9.359e-01  T=9.359e-01
MSE   vx=7.333e+02  vy=9.027e-03  vz=4.530e-03  p=5.739e-06  T=5.390e-03  | total=7.333e+02




[  642/10000]
PDE   div=5.402e-01  mom_x=8.760e-02  mom_y=3.400e-04  mom_z=2.119e-03  heat=1.922e-08  | total=6.303e-01
      w: div=9.428e-01  mom_x=9.364e-01  mom_y=9.357e-01  mom_z=9.355e-01  heat=9.358e-01
BC    inlet_vx=1.042e+00  inlet_vy=8.381e-01  inlet_vz=9.204e-01  inlet_T=2.970e-03  outlet_p=1.363e-02
      wall_vx=6.839e-01   wall_vy=2.426e-02   wall_vz=1.249e-03   wall_T=5.538e-03   wall_dp_dn=3.062e-04  | total=3.532e+00
      w: inlet_vx=1.023e+00  inlet_vy=9.536e-01  inlet_vz=9.646e-01  inlet_T=9.353e-01  outlet_p=9.353e-01
      w: wall_vx=9.970e-01   wall_vy=9.355e-01   wall_vz=9.358e-01   wall_T=9.355e-01   wall_dp_dn=9.356e-01
SUP   vx=0.000e+00  vy=0.000e+00  vz=0.000e+00  p=0.000e+00  T=0.000e+00  | total=0.000e+00
      w: vx=9.358e-01  vy=9.358e-01  vz=9.358e-01  p=9.358e-01  T=9.358e-01
MSE   vx=7.327e+02  vy=9.025e-03  vz=4.530e-03  p=5.747e-06  T=5.368e-03  | total=7.327e+02




[  643/10000]
PDE   div=5.423e-01  mom_x=8.690e-02  mom_y=3.546e-04  mom_z=2.265e-03  heat=2.061e-08  | total=6.319e-01
      w: div=9.427e-01  mom_x=9.363e-01  mom_y=9.356e-01  mom_z=9.354e-01  heat=9.357e-01
BC    inlet_vx=1.043e+00  inlet_vy=8.380e-01  inlet_vz=9.201e-01  inlet_T=2.985e-03  outlet_p=1.348e-02
      wall_vx=7.114e-01   wall_vy=2.595e-02   wall_vz=1.160e-03   wall_T=5.568e-03   wall_dp_dn=3.326e-04  | total=3.562e+00
      w: inlet_vx=1.023e+00  inlet_vy=9.535e-01  inlet_vz=9.645e-01  inlet_T=9.352e-01  outlet_p=9.352e-01
      w: wall_vx=9.969e-01   wall_vy=9.354e-01   wall_vz=9.357e-01   wall_T=9.354e-01   wall_dp_dn=9.355e-01
SUP   vx=0.000e+00  vy=0.000e+00  vz=0.000e+00  p=0.000e+00  T=0.000e+00  | total=0.000e+00
      w: vx=9.357e-01  vy=9.357e-01  vz=9.357e-01  p=9.357e-01  T=9.357e-01
MSE   vx=7.321e+02  vy=9.024e-03  vz=4.530e-03  p=5.756e-06  T=5.347e-03  | total=7.322e+02




[  644/10000]
PDE   div=5.443e-01  mom_x=8.861e-02  mom_y=3.417e-04  mom_z=2.139e-03  heat=2.035e-08  | total=6.354e-01
      w: div=9.427e-01  mom_x=9.362e-01  mom_y=9.355e-01  mom_z=9.353e-01  heat=9.356e-01
BC    inlet_vx=1.043e+00  inlet_vy=8.380e-01  inlet_vz=9.199e-01  inlet_T=3.002e-03  outlet_p=1.354e-02
      wall_vx=7.226e-01   wall_vy=2.766e-02   wall_vz=1.283e-03   wall_T=5.750e-03   wall_dp_dn=3.222e-04  | total=3.575e+00
      w: inlet_vx=1.023e+00  inlet_vy=9.534e-01  inlet_vz=9.644e-01  inlet_T=9.351e-01  outlet_p=9.351e-01
      w: wall_vx=9.969e-01   wall_vy=9.353e-01   wall_vz=9.356e-01   wall_T=9.353e-01   wall_dp_dn=9.354e-01
SUP   vx=0.000e+00  vy=0.000e+00  vz=0.000e+00  p=0.000e+00  T=0.000e+00  | total=0.000e+00
      w: vx=9.356e-01  vy=9.356e-01  vz=9.356e-01  p=9.356e-01  T=9.356e-01
MSE   vx=7.316e+02  vy=9.022e-03  vz=4.531e-03  p=5.764e-06  T=5.325e-03  | total=7.316e+02




[  645/10000]
PDE   div=5.385e-01  mom_x=8.975e-02  mom_y=3.386e-04  mom_z=2.250e-03  heat=1.972e-08  | total=6.309e-01
      w: div=9.426e-01  mom_x=9.361e-01  mom_y=9.354e-01  mom_z=9.352e-01  heat=9.355e-01
BC    inlet_vx=1.043e+00  inlet_vy=8.379e-01  inlet_vz=9.196e-01  inlet_T=3.019e-03  outlet_p=1.351e-02
      wall_vx=6.805e-01   wall_vy=2.673e-02   wall_vz=1.184e-03   wall_T=5.539e-03   wall_dp_dn=3.379e-04  | total=3.531e+00
      w: inlet_vx=1.023e+00  inlet_vy=9.533e-01  inlet_vz=9.642e-01  inlet_T=9.350e-01  outlet_p=9.350e-01
      w: wall_vx=9.968e-01   wall_vy=9.352e-01   wall_vz=9.355e-01   wall_T=9.352e-01   wall_dp_dn=9.353e-01
SUP   vx=0.000e+00  vy=0.000e+00  vz=0.000e+00  p=0.000e+00  T=0.000e+00  | total=0.000e+00
      w: vx=9.355e-01  vy=9.355e-01  vz=9.355e-01  p=9.355e-01  T=9.355e-01
MSE   vx=7.310e+02  vy=9.020e-03  vz=4.531e-03  p=5.773e-06  T=5.302e-03  | total=7.311e+02




[  646/10000]
PDE   div=5.466e-01  mom_x=8.601e-02  mom_y=3.611e-04  mom_z=2.320e-03  heat=1.872e-08  | total=6.353e-01
      w: div=9.425e-01  mom_x=9.360e-01  mom_y=9.353e-01  mom_z=9.351e-01  heat=9.354e-01
BC    inlet_vx=1.043e+00  inlet_vy=8.378e-01  inlet_vz=9.194e-01  inlet_T=3.039e-03  outlet_p=1.363e-02
      wall_vx=7.474e-01   wall_vy=2.669e-02   wall_vz=1.303e-03   wall_T=5.014e-03   wall_dp_dn=3.063e-04  | total=3.598e+00
      w: inlet_vx=1.023e+00  inlet_vy=9.532e-01  inlet_vz=9.641e-01  inlet_T=9.349e-01  outlet_p=9.349e-01
      w: wall_vx=9.968e-01   wall_vy=9.351e-01   wall_vz=9.354e-01   wall_T=9.351e-01   wall_dp_dn=9.352e-01
SUP   vx=0.000e+00  vy=0.000e+00  vz=0.000e+00  p=0.000e+00  T=0.000e+00  | total=0.000e+00
      w: vx=9.354e-01  vy=9.354e-01  vz=9.354e-01  p=9.354e-01  T=9.354e-01
MSE   vx=7.305e+02  vy=9.019e-03  vz=4.531e-03  p=5.781e-06  T=5.279e-03  | total=7.305e+02




[  647/10000]
PDE   div=5.458e-01  mom_x=8.803e-02  mom_y=3.465e-04  mom_z=2.324e-03  heat=2.103e-08  | total=6.365e-01
      w: div=9.424e-01  mom_x=9.359e-01  mom_y=9.352e-01  mom_z=9.350e-01  heat=9.353e-01
BC    inlet_vx=1.043e+00  inlet_vy=8.377e-01  inlet_vz=9.191e-01  inlet_T=3.059e-03  outlet_p=1.359e-02
      wall_vx=7.177e-01   wall_vy=2.558e-02   wall_vz=1.301e-03   wall_T=5.484e-03   wall_dp_dn=3.155e-04  | total=3.567e+00
      w: inlet_vx=1.023e+00  inlet_vy=9.531e-01  inlet_vz=9.640e-01  inlet_T=9.348e-01  outlet_p=9.348e-01
      w: wall_vx=9.967e-01   wall_vy=9.350e-01   wall_vz=9.353e-01   wall_T=9.350e-01   wall_dp_dn=9.351e-01
SUP   vx=0.000e+00  vy=0.000e+00  vz=0.000e+00  p=0.000e+00  T=0.000e+00  | total=0.000e+00
      w: vx=9.353e-01  vy=9.353e-01  vz=9.353e-01  p=9.353e-01  T=9.353e-01
MSE   vx=7.299e+02  vy=9.017e-03  vz=4.532e-03  p=5.790e-06  T=5.256e-03  | total=7.300e+02




[  648/10000]
PDE   div=5.432e-01  mom_x=9.025e-02  mom_y=3.574e-04  mom_z=2.388e-03  heat=2.238e-08  | total=6.362e-01
      w: div=9.423e-01  mom_x=9.358e-01  mom_y=9.351e-01  mom_z=9.349e-01  heat=9.352e-01
BC    inlet_vx=1.044e+00  inlet_vy=8.376e-01  inlet_vz=9.189e-01  inlet_T=3.081e-03  outlet_p=1.364e-02
      wall_vx=7.128e-01   wall_vy=2.678e-02   wall_vz=1.325e-03   wall_T=5.680e-03   wall_dp_dn=3.191e-04  | total=3.564e+00
      w: inlet_vx=1.023e+00  inlet_vy=9.530e-01  inlet_vz=9.639e-01  inlet_T=9.347e-01  outlet_p=9.347e-01
      w: wall_vx=9.967e-01   wall_vy=9.349e-01   wall_vz=9.352e-01   wall_T=9.349e-01   wall_dp_dn=9.350e-01
SUP   vx=0.000e+00  vy=0.000e+00  vz=0.000e+00  p=0.000e+00  T=0.000e+00  | total=0.000e+00
      w: vx=9.352e-01  vy=9.352e-01  vz=9.352e-01  p=9.352e-01  T=9.352e-01
MSE   vx=7.294e+02  vy=9.016e-03  vz=4.532e-03  p=5.798e-06  T=5.233e-03  | total=7.294e+02




[  649/10000]
PDE   div=5.458e-01  mom_x=8.935e-02  mom_y=3.586e-04  mom_z=2.390e-03  heat=2.229e-08  | total=6.379e-01
      w: div=9.422e-01  mom_x=9.357e-01  mom_y=9.350e-01  mom_z=9.348e-01  heat=9.351e-01
BC    inlet_vx=1.044e+00  inlet_vy=8.375e-01  inlet_vz=9.187e-01  inlet_T=3.104e-03  outlet_p=1.366e-02
      wall_vx=7.229e-01   wall_vy=2.708e-02   wall_vz=1.249e-03   wall_T=5.350e-03   wall_dp_dn=3.370e-04  | total=3.574e+00
      w: inlet_vx=1.023e+00  inlet_vy=9.529e-01  inlet_vz=9.638e-01  inlet_T=9.346e-01  outlet_p=9.346e-01
      w: wall_vx=9.966e-01   wall_vy=9.348e-01   wall_vz=9.351e-01   wall_T=9.348e-01   wall_dp_dn=9.349e-01
SUP   vx=0.000e+00  vy=0.000e+00  vz=0.000e+00  p=0.000e+00  T=0.000e+00  | total=0.000e+00
      w: vx=9.351e-01  vy=9.351e-01  vz=9.351e-01  p=9.351e-01  T=9.351e-01
MSE   vx=7.288e+02  vy=9.015e-03  vz=4.532e-03  p=5.806e-06  T=5.209e-03  | total=7.289e+02




[  650/10000]
PDE   div=5.307e-01  mom_x=8.760e-02  mom_y=3.490e-04  mom_z=2.415e-03  heat=2.052e-08  | total=6.211e-01
      w: div=9.421e-01  mom_x=9.356e-01  mom_y=9.349e-01  mom_z=9.347e-01  heat=9.350e-01
BC    inlet_vx=1.044e+00  inlet_vy=8.374e-01  inlet_vz=9.184e-01  inlet_T=3.128e-03  outlet_p=1.368e-02
      wall_vx=6.744e-01   wall_vy=2.532e-02   wall_vz=1.274e-03   wall_T=5.563e-03   wall_dp_dn=3.589e-04  | total=3.523e+00
      w: inlet_vx=1.023e+00  inlet_vy=9.528e-01  inlet_vz=9.636e-01  inlet_T=9.345e-01  outlet_p=9.345e-01
      w: wall_vx=9.965e-01   wall_vy=9.347e-01   wall_vz=9.350e-01   wall_T=9.347e-01   wall_dp_dn=9.348e-01
SUP   vx=0.000e+00  vy=0.000e+00  vz=0.000e+00  p=0.000e+00  T=0.000e+00  | total=0.000e+00
      w: vx=9.350e-01  vy=9.350e-01  vz=9.350e-01  p=9.350e-01  T=9.350e-01
MSE   vx=7.283e+02  vy=9.014e-03  vz=4.533e-03  p=5.815e-06  T=5.185e-03  | total=7.283e+02




[  651/10000]
PDE   div=5.464e-01  mom_x=9.063e-02  mom_y=3.630e-04  mom_z=2.340e-03  heat=2.255e-08  | total=6.397e-01
      w: div=9.420e-01  mom_x=9.355e-01  mom_y=9.348e-01  mom_z=9.346e-01  heat=9.349e-01
BC    inlet_vx=1.044e+00  inlet_vy=8.373e-01  inlet_vz=9.182e-01  inlet_T=3.154e-03  outlet_p=1.354e-02
      wall_vx=7.280e-01   wall_vy=2.783e-02   wall_vz=1.292e-03   wall_T=5.511e-03   wall_dp_dn=3.310e-04  | total=3.579e+00
      w: inlet_vx=1.023e+00  inlet_vy=9.526e-01  inlet_vz=9.635e-01  inlet_T=9.344e-01  outlet_p=9.344e-01
      w: wall_vx=9.965e-01   wall_vy=9.346e-01   wall_vz=9.349e-01   wall_T=9.346e-01   wall_dp_dn=9.347e-01
SUP   vx=0.000e+00  vy=0.000e+00  vz=0.000e+00  p=0.000e+00  T=0.000e+00  | total=0.000e+00
      w: vx=9.349e-01  vy=9.349e-01  vz=9.349e-01  p=9.349e-01  T=9.349e-01
MSE   vx=7.278e+02  vy=9.013e-03  vz=4.533e-03  p=5.823e-06  T=5.161e-03  | total=7.278e+02




[  652/10000]
PDE   div=5.536e-01  mom_x=9.259e-02  mom_y=3.596e-04  mom_z=2.395e-03  heat=2.325e-08  | total=6.490e-01
      w: div=9.420e-01  mom_x=9.354e-01  mom_y=9.347e-01  mom_z=9.345e-01  heat=9.348e-01
BC    inlet_vx=1.044e+00  inlet_vy=8.372e-01  inlet_vz=9.179e-01  inlet_T=3.182e-03  outlet_p=1.355e-02
      wall_vx=7.136e-01   wall_vy=2.616e-02   wall_vz=1.376e-03   wall_T=5.585e-03   wall_dp_dn=3.214e-04  | total=3.563e+00
      w: inlet_vx=1.023e+00  inlet_vy=9.525e-01  inlet_vz=9.634e-01  inlet_T=9.343e-01  outlet_p=9.343e-01
      w: wall_vx=9.964e-01   wall_vy=9.345e-01   wall_vz=9.348e-01   wall_T=9.345e-01   wall_dp_dn=9.346e-01
SUP   vx=0.000e+00  vy=0.000e+00  vz=0.000e+00  p=0.000e+00  T=0.000e+00  | total=0.000e+00
      w: vx=9.348e-01  vy=9.348e-01  vz=9.348e-01  p=9.348e-01  T=9.348e-01
MSE   vx=7.273e+02  vy=9.012e-03  vz=4.534e-03  p=5.831e-06  T=5.137e-03  | total=7.273e+02




[  653/10000]
PDE   div=5.436e-01  mom_x=8.888e-02  mom_y=3.559e-04  mom_z=2.501e-03  heat=2.231e-08  | total=6.353e-01
      w: div=9.419e-01  mom_x=9.353e-01  mom_y=9.346e-01  mom_z=9.344e-01  heat=9.347e-01
BC    inlet_vx=1.044e+00  inlet_vy=8.371e-01  inlet_vz=9.177e-01  inlet_T=3.210e-03  outlet_p=1.346e-02
      wall_vx=7.651e-01   wall_vy=2.745e-02   wall_vz=1.411e-03   wall_T=5.161e-03   wall_dp_dn=3.504e-04  | total=3.614e+00
      w: inlet_vx=1.023e+00  inlet_vy=9.524e-01  inlet_vz=9.633e-01  inlet_T=9.342e-01  outlet_p=9.342e-01
      w: wall_vx=9.964e-01   wall_vy=9.344e-01   wall_vz=9.347e-01   wall_T=9.344e-01   wall_dp_dn=9.345e-01
SUP   vx=0.000e+00  vy=0.000e+00  vz=0.000e+00  p=0.000e+00  T=0.000e+00  | total=0.000e+00
      w: vx=9.347e-01  vy=9.347e-01  vz=9.347e-01  p=9.347e-01  T=9.347e-01
MSE   vx=7.268e+02  vy=9.012e-03  vz=4.534e-03  p=5.840e-06  T=5.112e-03  | total=7.268e+02




[  654/10000]
PDE   div=5.422e-01  mom_x=8.780e-02  mom_y=3.515e-04  mom_z=2.389e-03  heat=2.212e-08  | total=6.328e-01
      w: div=9.418e-01  mom_x=9.352e-01  mom_y=9.345e-01  mom_z=9.343e-01  heat=9.346e-01
BC    inlet_vx=1.043e+00  inlet_vy=8.370e-01  inlet_vz=9.174e-01  inlet_T=3.240e-03  outlet_p=1.352e-02
      wall_vx=7.421e-01   wall_vy=2.505e-02   wall_vz=1.423e-03   wall_T=5.202e-03   wall_dp_dn=3.397e-04  | total=3.589e+00
      w: inlet_vx=1.023e+00  inlet_vy=9.523e-01  inlet_vz=9.631e-01  inlet_T=9.341e-01  outlet_p=9.341e-01
      w: wall_vx=9.963e-01   wall_vy=9.343e-01   wall_vz=9.346e-01   wall_T=9.343e-01   wall_dp_dn=9.344e-01
SUP   vx=0.000e+00  vy=0.000e+00  vz=0.000e+00  p=0.000e+00  T=0.000e+00  | total=0.000e+00
      w: vx=9.346e-01  vy=9.346e-01  vz=9.346e-01  p=9.346e-01  T=9.346e-01
MSE   vx=7.262e+02  vy=9.011e-03  vz=4.535e-03  p=5.848e-06  T=5.088e-03  | total=7.263e+02




[  655/10000]
PDE   div=5.440e-01  mom_x=9.219e-02  mom_y=3.717e-04  mom_z=2.536e-03  heat=2.265e-08  | total=6.391e-01
      w: div=9.417e-01  mom_x=9.351e-01  mom_y=9.344e-01  mom_z=9.342e-01  heat=9.345e-01
BC    inlet_vx=1.043e+00  inlet_vy=8.369e-01  inlet_vz=9.172e-01  inlet_T=3.271e-03  outlet_p=1.347e-02
      wall_vx=6.819e-01   wall_vy=2.596e-02   wall_vz=1.283e-03   wall_T=5.149e-03   wall_dp_dn=3.590e-04  | total=3.529e+00
      w: inlet_vx=1.023e+00  inlet_vy=9.522e-01  inlet_vz=9.630e-01  inlet_T=9.340e-01  outlet_p=9.340e-01
      w: wall_vx=9.962e-01   wall_vy=9.342e-01   wall_vz=9.345e-01   wall_T=9.342e-01   wall_dp_dn=9.343e-01
SUP   vx=0.000e+00  vy=0.000e+00  vz=0.000e+00  p=0.000e+00  T=0.000e+00  | total=0.000e+00
      w: vx=9.345e-01  vy=9.345e-01  vz=9.345e-01  p=9.345e-01  T=9.345e-01
MSE   vx=7.257e+02  vy=9.010e-03  vz=4.535e-03  p=5.856e-06  T=5.063e-03  | total=7.258e+02




[  656/10000]
PDE   div=5.417e-01  mom_x=8.689e-02  mom_y=3.630e-04  mom_z=2.482e-03  heat=2.152e-08  | total=6.314e-01
      w: div=9.416e-01  mom_x=9.350e-01  mom_y=9.343e-01  mom_z=9.341e-01  heat=9.344e-01
BC    inlet_vx=1.043e+00  inlet_vy=8.367e-01  inlet_vz=9.169e-01  inlet_T=3.303e-03  outlet_p=1.350e-02
      wall_vx=7.307e-01   wall_vy=2.660e-02   wall_vz=1.430e-03   wall_T=5.187e-03   wall_dp_dn=3.655e-04  | total=3.578e+00
      w: inlet_vx=1.023e+00  inlet_vy=9.521e-01  inlet_vz=9.629e-01  inlet_T=9.339e-01  outlet_p=9.339e-01
      w: wall_vx=9.962e-01   wall_vy=9.341e-01   wall_vz=9.344e-01   wall_T=9.341e-01   wall_dp_dn=9.342e-01
SUP   vx=0.000e+00  vy=0.000e+00  vz=0.000e+00  p=0.000e+00  T=0.000e+00  | total=0.000e+00
      w: vx=9.344e-01  vy=9.344e-01  vz=9.344e-01  p=9.344e-01  T=9.344e-01
MSE   vx=7.252e+02  vy=9.010e-03  vz=4.536e-03  p=5.865e-06  T=5.039e-03  | total=7.253e+02




[  657/10000]
PDE   div=5.353e-01  mom_x=8.516e-02  mom_y=3.525e-04  mom_z=2.557e-03  heat=2.097e-08  | total=6.234e-01
      w: div=9.415e-01  mom_x=9.349e-01  mom_y=9.342e-01  mom_z=9.340e-01  heat=9.343e-01
BC    inlet_vx=1.043e+00  inlet_vy=8.366e-01  inlet_vz=9.167e-01  inlet_T=3.337e-03  outlet_p=1.357e-02
      wall_vx=7.546e-01   wall_vy=2.723e-02   wall_vz=1.345e-03   wall_T=5.139e-03   wall_dp_dn=3.770e-04  | total=3.602e+00
      w: inlet_vx=1.023e+00  inlet_vy=9.520e-01  inlet_vz=9.628e-01  inlet_T=9.338e-01  outlet_p=9.338e-01
      w: wall_vx=9.961e-01   wall_vy=9.340e-01   wall_vz=9.343e-01   wall_T=9.340e-01   wall_dp_dn=9.341e-01
SUP   vx=0.000e+00  vy=0.000e+00  vz=0.000e+00  p=0.000e+00  T=0.000e+00  | total=0.000e+00
      w: vx=9.343e-01  vy=9.343e-01  vz=9.343e-01  p=9.343e-01  T=9.343e-01
MSE   vx=7.247e+02  vy=9.010e-03  vz=4.536e-03  p=5.873e-06  T=5.015e-03  | total=7.248e+02




[  658/10000]
PDE   div=5.287e-01  mom_x=8.412e-02  mom_y=3.731e-04  mom_z=2.603e-03  heat=2.198e-08  | total=6.158e-01
      w: div=9.414e-01  mom_x=9.348e-01  mom_y=9.341e-01  mom_z=9.339e-01  heat=9.342e-01
BC    inlet_vx=1.043e+00  inlet_vy=8.365e-01  inlet_vz=9.164e-01  inlet_T=3.372e-03  outlet_p=1.352e-02
      wall_vx=6.950e-01   wall_vy=2.464e-02   wall_vz=1.217e-03   wall_T=5.234e-03   wall_dp_dn=3.434e-04  | total=3.539e+00
      w: inlet_vx=1.023e+00  inlet_vy=9.519e-01  inlet_vz=9.626e-01  inlet_T=9.337e-01  outlet_p=9.337e-01
      w: wall_vx=9.961e-01   wall_vy=9.339e-01   wall_vz=9.342e-01   wall_T=9.339e-01   wall_dp_dn=9.340e-01
SUP   vx=0.000e+00  vy=0.000e+00  vz=0.000e+00  p=0.000e+00  T=0.000e+00  | total=0.000e+00
      w: vx=9.342e-01  vy=9.342e-01  vz=9.342e-01  p=9.342e-01  T=9.342e-01
MSE   vx=7.243e+02  vy=9.010e-03  vz=4.537e-03  p=5.881e-06  T=4.991e-03  | total=7.243e+02




[  659/10000]
PDE   div=5.374e-01  mom_x=8.498e-02  mom_y=3.690e-04  mom_z=2.597e-03  heat=2.057e-08  | total=6.254e-01
      w: div=9.414e-01  mom_x=9.347e-01  mom_y=9.340e-01  mom_z=9.338e-01  heat=9.341e-01
BC    inlet_vx=1.043e+00  inlet_vy=8.364e-01  inlet_vz=9.162e-01  inlet_T=3.408e-03  outlet_p=1.355e-02
      wall_vx=7.141e-01   wall_vy=2.700e-02   wall_vz=1.342e-03   wall_T=5.385e-03   wall_dp_dn=3.563e-04  | total=3.560e+00
      w: inlet_vx=1.023e+00  inlet_vy=9.518e-01  inlet_vz=9.625e-01  inlet_T=9.336e-01  outlet_p=9.336e-01
      w: wall_vx=9.960e-01   wall_vy=9.338e-01   wall_vz=9.341e-01   wall_T=9.338e-01   wall_dp_dn=9.339e-01
SUP   vx=0.000e+00  vy=0.000e+00  vz=0.000e+00  p=0.000e+00  T=0.000e+00  | total=0.000e+00
      w: vx=9.341e-01  vy=9.341e-01  vz=9.341e-01  p=9.341e-01  T=9.341e-01
MSE   vx=7.238e+02  vy=9.010e-03  vz=4.537e-03  p=5.889e-06  T=4.967e-03  | total=7.238e+02




[  660/10000]
PDE   div=5.366e-01  mom_x=9.010e-02  mom_y=3.778e-04  mom_z=2.666e-03  heat=2.351e-08  | total=6.297e-01
      w: div=9.413e-01  mom_x=9.346e-01  mom_y=9.339e-01  mom_z=9.337e-01  heat=9.340e-01
BC    inlet_vx=1.042e+00  inlet_vy=8.362e-01  inlet_vz=9.159e-01  inlet_T=3.446e-03  outlet_p=1.351e-02
      wall_vx=6.759e-01   wall_vy=2.608e-02   wall_vz=1.297e-03   wall_T=5.145e-03   wall_dp_dn=3.666e-04  | total=3.520e+00
      w: inlet_vx=1.023e+00  inlet_vy=9.517e-01  inlet_vz=9.624e-01  inlet_T=9.335e-01  outlet_p=9.335e-01
      w: wall_vx=9.960e-01   wall_vy=9.337e-01   wall_vz=9.340e-01   wall_T=9.337e-01   wall_dp_dn=9.338e-01
SUP   vx=0.000e+00  vy=0.000e+00  vz=0.000e+00  p=0.000e+00  T=0.000e+00  | total=0.000e+00
      w: vx=9.340e-01  vy=9.340e-01  vz=9.340e-01  p=9.340e-01  T=9.340e-01
MSE   vx=7.234e+02  vy=9.010e-03  vz=4.538e-03  p=5.898e-06  T=4.944e-03  | total=7.234e+02




[  661/10000]
PDE   div=5.533e-01  mom_x=9.304e-02  mom_y=3.830e-04  mom_z=2.591e-03  heat=2.374e-08  | total=6.493e-01
      w: div=9.412e-01  mom_x=9.345e-01  mom_y=9.338e-01  mom_z=9.336e-01  heat=9.339e-01
BC    inlet_vx=1.042e+00  inlet_vy=8.361e-01  inlet_vz=9.157e-01  inlet_T=3.485e-03  outlet_p=1.346e-02
      wall_vx=7.385e-01   wall_vy=2.679e-02   wall_vz=1.442e-03   wall_T=5.044e-03   wall_dp_dn=3.682e-04  | total=3.582e+00
      w: inlet_vx=1.023e+00  inlet_vy=9.516e-01  inlet_vz=9.623e-01  inlet_T=9.334e-01  outlet_p=9.334e-01
      w: wall_vx=9.959e-01   wall_vy=9.336e-01   wall_vz=9.339e-01   wall_T=9.336e-01   wall_dp_dn=9.337e-01
SUP   vx=0.000e+00  vy=0.000e+00  vz=0.000e+00  p=0.000e+00  T=0.000e+00  | total=0.000e+00
      w: vx=9.339e-01  vy=9.339e-01  vz=9.339e-01  p=9.339e-01  T=9.339e-01
MSE   vx=7.229e+02  vy=9.010e-03  vz=4.538e-03  p=5.906e-06  T=4.920e-03  | total=7.229e+02




[  662/10000]
PDE   div=5.431e-01  mom_x=8.573e-02  mom_y=3.686e-04  mom_z=2.424e-03  heat=2.090e-08  | total=6.317e-01
      w: div=9.411e-01  mom_x=9.344e-01  mom_y=9.337e-01  mom_z=9.335e-01  heat=9.338e-01
BC    inlet_vx=1.041e+00  inlet_vy=8.360e-01  inlet_vz=9.154e-01  inlet_T=3.525e-03  outlet_p=1.336e-02
      wall_vx=7.374e-01   wall_vy=2.743e-02   wall_vz=1.478e-03   wall_T=5.242e-03   wall_dp_dn=3.487e-04  | total=3.581e+00
      w: inlet_vx=1.023e+00  inlet_vy=9.515e-01  inlet_vz=9.622e-01  inlet_T=9.333e-01  outlet_p=9.333e-01
      w: wall_vx=9.958e-01   wall_vy=9.335e-01   wall_vz=9.338e-01   wall_T=9.335e-01   wall_dp_dn=9.336e-01
SUP   vx=0.000e+00  vy=0.000e+00  vz=0.000e+00  p=0.000e+00  T=0.000e+00  | total=0.000e+00
      w: vx=9.338e-01  vy=9.338e-01  vz=9.338e-01  p=9.338e-01  T=9.338e-01
MSE   vx=7.225e+02  vy=9.010e-03  vz=4.539e-03  p=5.914e-06  T=4.897e-03  | total=7.225e+02




[  663/10000]
PDE   div=5.438e-01  mom_x=8.879e-02  mom_y=3.758e-04  mom_z=2.700e-03  heat=2.195e-08  | total=6.357e-01
      w: div=9.410e-01  mom_x=9.343e-01  mom_y=9.336e-01  mom_z=9.334e-01  heat=9.337e-01
BC    inlet_vx=1.041e+00  inlet_vy=8.358e-01  inlet_vz=9.152e-01  inlet_T=3.565e-03  outlet_p=1.341e-02
      wall_vx=7.318e-01   wall_vy=2.652e-02   wall_vz=1.376e-03   wall_T=5.049e-03   wall_dp_dn=3.747e-04  | total=3.574e+00
      w: inlet_vx=1.023e+00  inlet_vy=9.514e-01  inlet_vz=9.620e-01  inlet_T=9.332e-01  outlet_p=9.332e-01
      w: wall_vx=9.958e-01   wall_vy=9.334e-01   wall_vz=9.337e-01   wall_T=9.334e-01   wall_dp_dn=9.335e-01
SUP   vx=0.000e+00  vy=0.000e+00  vz=0.000e+00  p=0.000e+00  T=0.000e+00  | total=0.000e+00
      w: vx=9.337e-01  vy=9.337e-01  vz=9.337e-01  p=9.337e-01  T=9.337e-01
MSE   vx=7.221e+02  vy=9.011e-03  vz=4.539e-03  p=5.922e-06  T=4.874e-03  | total=7.221e+02




[  664/10000]
PDE   div=5.480e-01  mom_x=8.871e-02  mom_y=3.794e-04  mom_z=2.580e-03  heat=2.301e-08  | total=6.397e-01
      w: div=9.409e-01  mom_x=9.342e-01  mom_y=9.335e-01  mom_z=9.333e-01  heat=9.336e-01
BC    inlet_vx=1.040e+00  inlet_vy=8.357e-01  inlet_vz=9.150e-01  inlet_T=3.606e-03  outlet_p=1.347e-02
      wall_vx=7.417e-01   wall_vy=2.809e-02   wall_vz=1.344e-03   wall_T=5.209e-03   wall_dp_dn=3.680e-04  | total=3.585e+00
      w: inlet_vx=1.023e+00  inlet_vy=9.513e-01  inlet_vz=9.619e-01  inlet_T=9.331e-01  outlet_p=9.331e-01
      w: wall_vx=9.957e-01   wall_vy=9.333e-01   wall_vz=9.336e-01   wall_T=9.333e-01   wall_dp_dn=9.334e-01
SUP   vx=0.000e+00  vy=0.000e+00  vz=0.000e+00  p=0.000e+00  T=0.000e+00  | total=0.000e+00
      w: vx=9.336e-01  vy=9.336e-01  vz=9.336e-01  p=9.336e-01  T=9.336e-01
MSE   vx=7.216e+02  vy=9.012e-03  vz=4.540e-03  p=5.930e-06  T=4.851e-03  | total=7.217e+02




[  665/10000]
PDE   div=5.360e-01  mom_x=8.652e-02  mom_y=3.817e-04  mom_z=2.653e-03  heat=2.285e-08  | total=6.255e-01
      w: div=9.408e-01  mom_x=9.341e-01  mom_y=9.334e-01  mom_z=9.332e-01  heat=9.335e-01
BC    inlet_vx=1.040e+00  inlet_vy=8.356e-01  inlet_vz=9.147e-01  inlet_T=3.649e-03  outlet_p=1.345e-02
      wall_vx=7.549e-01   wall_vy=2.735e-02   wall_vz=1.347e-03   wall_T=4.917e-03   wall_dp_dn=3.879e-04  | total=3.596e+00
      w: inlet_vx=1.023e+00  inlet_vy=9.512e-01  inlet_vz=9.618e-01  inlet_T=9.330e-01  outlet_p=9.330e-01
      w: wall_vx=9.957e-01   wall_vy=9.332e-01   wall_vz=9.335e-01   wall_T=9.332e-01   wall_dp_dn=9.333e-01
SUP   vx=0.000e+00  vy=0.000e+00  vz=0.000e+00  p=0.000e+00  T=0.000e+00  | total=0.000e+00
      w: vx=9.335e-01  vy=9.335e-01  vz=9.335e-01  p=9.335e-01  T=9.335e-01
MSE   vx=7.212e+02  vy=9.012e-03  vz=4.541e-03  p=5.938e-06  T=4.829e-03  | total=7.212e+02




[  666/10000]
PDE   div=5.224e-01  mom_x=8.289e-02  mom_y=3.712e-04  mom_z=2.619e-03  heat=2.208e-08  | total=6.082e-01
      w: div=9.408e-01  mom_x=9.340e-01  mom_y=9.333e-01  mom_z=9.330e-01  heat=9.334e-01
BC    inlet_vx=1.039e+00  inlet_vy=8.354e-01  inlet_vz=9.145e-01  inlet_T=3.691e-03  outlet_p=1.352e-02
      wall_vx=7.169e-01   wall_vy=2.739e-02   wall_vz=1.438e-03   wall_T=4.943e-03   wall_dp_dn=3.616e-04  | total=3.557e+00
      w: inlet_vx=1.023e+00  inlet_vy=9.510e-01  inlet_vz=9.617e-01  inlet_T=9.329e-01  outlet_p=9.329e-01
      w: wall_vx=9.956e-01   wall_vy=9.331e-01   wall_vz=9.334e-01   wall_T=9.331e-01   wall_dp_dn=9.332e-01
SUP   vx=0.000e+00  vy=0.000e+00  vz=0.000e+00  p=0.000e+00  T=0.000e+00  | total=0.000e+00
      w: vx=9.334e-01  vy=9.334e-01  vz=9.334e-01  p=9.334e-01  T=9.334e-01
MSE   vx=7.208e+02  vy=9.014e-03  vz=4.541e-03  p=5.946e-06  T=4.807e-03  | total=7.209e+02




[  667/10000]
PDE   div=5.397e-01  mom_x=8.551e-02  mom_y=3.931e-04  mom_z=2.661e-03  heat=2.127e-08  | total=6.283e-01
      w: div=9.407e-01  mom_x=9.339e-01  mom_y=9.332e-01  mom_z=9.329e-01  heat=9.333e-01
BC    inlet_vx=1.038e+00  inlet_vy=8.353e-01  inlet_vz=9.142e-01  inlet_T=3.735e-03  outlet_p=1.327e-02
      wall_vx=7.414e-01   wall_vy=2.604e-02   wall_vz=1.466e-03   wall_T=4.898e-03   wall_dp_dn=3.651e-04  | total=3.579e+00
      w: inlet_vx=1.023e+00  inlet_vy=9.509e-01  inlet_vz=9.615e-01  inlet_T=9.328e-01  outlet_p=9.328e-01
      w: wall_vx=9.955e-01   wall_vy=9.330e-01   wall_vz=9.333e-01   wall_T=9.330e-01   wall_dp_dn=9.331e-01
SUP   vx=0.000e+00  vy=0.000e+00  vz=0.000e+00  p=0.000e+00  T=0.000e+00  | total=0.000e+00
      w: vx=9.333e-01  vy=9.333e-01  vz=9.333e-01  p=9.333e-01  T=9.333e-01
MSE   vx=7.205e+02  vy=9.015e-03  vz=4.542e-03  p=5.954e-06  T=4.786e-03  | total=7.205e+02




[  668/10000]
PDE   div=5.396e-01  mom_x=8.772e-02  mom_y=3.963e-04  mom_z=2.642e-03  heat=2.341e-08  | total=6.303e-01
      w: div=9.406e-01  mom_x=9.338e-01  mom_y=9.331e-01  mom_z=9.328e-01  heat=9.332e-01
BC    inlet_vx=1.038e+00  inlet_vy=8.351e-01  inlet_vz=9.140e-01  inlet_T=3.779e-03  outlet_p=1.345e-02
      wall_vx=7.259e-01   wall_vy=2.677e-02   wall_vz=1.395e-03   wall_T=4.972e-03   wall_dp_dn=3.681e-04  | total=3.564e+00
      w: inlet_vx=1.023e+00  inlet_vy=9.508e-01  inlet_vz=9.614e-01  inlet_T=9.327e-01  outlet_p=9.327e-01
      w: wall_vx=9.955e-01   wall_vy=9.329e-01   wall_vz=9.332e-01   wall_T=9.329e-01   wall_dp_dn=9.330e-01
SUP   vx=0.000e+00  vy=0.000e+00  vz=0.000e+00  p=0.000e+00  T=0.000e+00  | total=0.000e+00
      w: vx=9.332e-01  vy=9.332e-01  vz=9.332e-01  p=9.332e-01  T=9.332e-01
MSE   vx=7.201e+02  vy=9.016e-03  vz=4.543e-03  p=5.963e-06  T=4.765e-03  | total=7.201e+02




[  669/10000]
PDE   div=5.337e-01  mom_x=8.390e-02  mom_y=3.880e-04  mom_z=2.666e-03  heat=2.207e-08  | total=6.206e-01
      w: div=9.405e-01  mom_x=9.337e-01  mom_y=9.330e-01  mom_z=9.327e-01  heat=9.331e-01
BC    inlet_vx=1.037e+00  inlet_vy=8.350e-01  inlet_vz=9.137e-01  inlet_T=3.823e-03  outlet_p=1.349e-02
      wall_vx=7.490e-01   wall_vy=2.567e-02   wall_vz=1.393e-03   wall_T=5.032e-03   wall_dp_dn=3.909e-04  | total=3.585e+00
      w: inlet_vx=1.023e+00  inlet_vy=9.507e-01  inlet_vz=9.613e-01  inlet_T=9.326e-01  outlet_p=9.326e-01
      w: wall_vx=9.954e-01   wall_vy=9.328e-01   wall_vz=9.331e-01   wall_T=9.328e-01   wall_dp_dn=9.329e-01
SUP   vx=0.000e+00  vy=0.000e+00  vz=0.000e+00  p=0.000e+00  T=0.000e+00  | total=0.000e+00
      w: vx=9.331e-01  vy=9.331e-01  vz=9.331e-01  p=9.331e-01  T=9.331e-01
MSE   vx=7.197e+02  vy=9.017e-03  vz=4.543e-03  p=5.971e-06  T=4.744e-03  | total=7.198e+02




[  670/10000]
PDE   div=5.333e-01  mom_x=8.408e-02  mom_y=3.731e-04  mom_z=2.685e-03  heat=2.167e-08  | total=6.205e-01
      w: div=9.404e-01  mom_x=9.336e-01  mom_y=9.329e-01  mom_z=9.326e-01  heat=9.330e-01
BC    inlet_vx=1.036e+00  inlet_vy=8.348e-01  inlet_vz=9.135e-01  inlet_T=3.867e-03  outlet_p=1.336e-02
      wall_vx=7.286e-01   wall_vy=2.700e-02   wall_vz=1.390e-03   wall_T=5.229e-03   wall_dp_dn=4.040e-04  | total=3.564e+00
      w: inlet_vx=1.023e+00  inlet_vy=9.506e-01  inlet_vz=9.612e-01  inlet_T=9.325e-01  outlet_p=9.325e-01
      w: wall_vx=9.954e-01   wall_vy=9.327e-01   wall_vz=9.330e-01   wall_T=9.327e-01   wall_dp_dn=9.328e-01
SUP   vx=0.000e+00  vy=0.000e+00  vz=0.000e+00  p=0.000e+00  T=0.000e+00  | total=0.000e+00
      w: vx=9.330e-01  vy=9.330e-01  vz=9.330e-01  p=9.330e-01  T=9.330e-01
MSE   vx=7.194e+02  vy=9.019e-03  vz=4.544e-03  p=5.979e-06  T=4.724e-03  | total=7.194e+02




[  671/10000]
PDE   div=5.373e-01  mom_x=8.516e-02  mom_y=3.896e-04  mom_z=2.699e-03  heat=2.114e-08  | total=6.256e-01
      w: div=9.403e-01  mom_x=9.335e-01  mom_y=9.328e-01  mom_z=9.325e-01  heat=9.329e-01
BC    inlet_vx=1.036e+00  inlet_vy=8.347e-01  inlet_vz=9.132e-01  inlet_T=3.912e-03  outlet_p=1.356e-02
      wall_vx=7.036e-01   wall_vy=2.672e-02   wall_vz=1.435e-03   wall_T=5.042e-03   wall_dp_dn=3.755e-04  | total=3.538e+00
      w: inlet_vx=1.023e+00  inlet_vy=9.505e-01  inlet_vz=9.610e-01  inlet_T=9.324e-01  outlet_p=9.324e-01
      w: wall_vx=9.953e-01   wall_vy=9.326e-01   wall_vz=9.329e-01   wall_T=9.326e-01   wall_dp_dn=9.327e-01
SUP   vx=0.000e+00  vy=0.000e+00  vz=0.000e+00  p=0.000e+00  T=0.000e+00  | total=0.000e+00
      w: vx=9.329e-01  vy=9.329e-01  vz=9.329e-01  p=9.329e-01  T=9.329e-01
MSE   vx=7.191e+02  vy=9.021e-03  vz=4.545e-03  p=5.987e-06  T=4.705e-03  | total=7.191e+02




[  672/10000]
PDE   div=5.359e-01  mom_x=8.441e-02  mom_y=3.899e-04  mom_z=2.535e-03  heat=2.286e-08  | total=6.232e-01
      w: div=9.402e-01  mom_x=9.334e-01  mom_y=9.327e-01  mom_z=9.324e-01  heat=9.328e-01
BC    inlet_vx=1.035e+00  inlet_vy=8.345e-01  inlet_vz=9.130e-01  inlet_T=3.957e-03  outlet_p=1.339e-02
      wall_vx=7.273e-01   wall_vy=2.787e-02   wall_vz=1.404e-03   wall_T=5.125e-03   wall_dp_dn=3.817e-04  | total=3.562e+00
      w: inlet_vx=1.023e+00  inlet_vy=9.504e-01  inlet_vz=9.609e-01  inlet_T=9.323e-01  outlet_p=9.323e-01
      w: wall_vx=9.952e-01   wall_vy=9.325e-01   wall_vz=9.328e-01   wall_T=9.325e-01   wall_dp_dn=9.326e-01
SUP   vx=0.000e+00  vy=0.000e+00  vz=0.000e+00  p=0.000e+00  T=0.000e+00  | total=0.000e+00
      w: vx=9.328e-01  vy=9.328e-01  vz=9.328e-01  p=9.328e-01  T=9.328e-01
MSE   vx=7.188e+02  vy=9.022e-03  vz=4.545e-03  p=5.995e-06  T=4.686e-03  | total=7.188e+02




[  673/10000]
PDE   div=5.344e-01  mom_x=8.388e-02  mom_y=3.986e-04  mom_z=2.722e-03  heat=2.088e-08  | total=6.214e-01
      w: div=9.402e-01  mom_x=9.333e-01  mom_y=9.326e-01  mom_z=9.323e-01  heat=9.327e-01
BC    inlet_vx=1.034e+00  inlet_vy=8.343e-01  inlet_vz=9.128e-01  inlet_T=4.002e-03  outlet_p=1.332e-02
      wall_vx=7.451e-01   wall_vy=2.627e-02   wall_vz=1.531e-03   wall_T=5.046e-03   wall_dp_dn=3.862e-04  | total=3.577e+00
      w: inlet_vx=1.023e+00  inlet_vy=9.503e-01  inlet_vz=9.608e-01  inlet_T=9.322e-01  outlet_p=9.322e-01
      w: wall_vx=9.952e-01   wall_vy=9.324e-01   wall_vz=9.327e-01   wall_T=9.324e-01   wall_dp_dn=9.325e-01
SUP   vx=0.000e+00  vy=0.000e+00  vz=0.000e+00  p=0.000e+00  T=0.000e+00  | total=0.000e+00
      w: vx=9.327e-01  vy=9.327e-01  vz=9.327e-01  p=9.327e-01  T=9.327e-01
MSE   vx=7.185e+02  vy=9.024e-03  vz=4.546e-03  p=6.003e-06  T=4.668e-03  | total=7.185e+02




[  674/10000]
PDE   div=5.347e-01  mom_x=8.419e-02  mom_y=3.911e-04  mom_z=2.715e-03  heat=2.203e-08  | total=6.220e-01
      w: div=9.401e-01  mom_x=9.332e-01  mom_y=9.325e-01  mom_z=9.322e-01  heat=9.326e-01
BC    inlet_vx=1.033e+00  inlet_vy=8.342e-01  inlet_vz=9.125e-01  inlet_T=4.046e-03  outlet_p=1.335e-02
      wall_vx=7.127e-01   wall_vy=2.598e-02   wall_vz=1.363e-03   wall_T=5.102e-03   wall_dp_dn=4.049e-04  | total=3.543e+00
      w: inlet_vx=1.024e+00  inlet_vy=9.502e-01  inlet_vz=9.607e-01  inlet_T=9.321e-01  outlet_p=9.321e-01
      w: wall_vx=9.951e-01   wall_vy=9.323e-01   wall_vz=9.326e-01   wall_T=9.323e-01   wall_dp_dn=9.324e-01
SUP   vx=0.000e+00  vy=0.000e+00  vz=0.000e+00  p=0.000e+00  T=0.000e+00  | total=0.000e+00
      w: vx=9.326e-01  vy=9.326e-01  vz=9.326e-01  p=9.326e-01  T=9.326e-01
MSE   vx=7.182e+02  vy=9.026e-03  vz=4.547e-03  p=6.011e-06  T=4.650e-03  | total=7.182e+02




[  675/10000]
PDE   div=5.366e-01  mom_x=8.382e-02  mom_y=3.814e-04  mom_z=2.627e-03  heat=2.227e-08  | total=6.234e-01
      w: div=9.400e-01  mom_x=9.331e-01  mom_y=9.324e-01  mom_z=9.321e-01  heat=9.325e-01
BC    inlet_vx=1.032e+00  inlet_vy=8.340e-01  inlet_vz=9.123e-01  inlet_T=4.091e-03  outlet_p=1.329e-02
      wall_vx=7.207e-01   wall_vy=2.676e-02   wall_vz=1.519e-03   wall_T=4.940e-03   wall_dp_dn=3.773e-04  | total=3.550e+00
      w: inlet_vx=1.024e+00  inlet_vy=9.501e-01  inlet_vz=9.605e-01  inlet_T=9.320e-01  outlet_p=9.320e-01
      w: wall_vx=9.951e-01   wall_vy=9.322e-01   wall_vz=9.325e-01   wall_T=9.322e-01   wall_dp_dn=9.323e-01
SUP   vx=0.000e+00  vy=0.000e+00  vz=0.000e+00  p=0.000e+00  T=0.000e+00  | total=0.000e+00
      w: vx=9.325e-01  vy=9.325e-01  vz=9.325e-01  p=9.325e-01  T=9.325e-01
MSE   vx=7.179e+02  vy=9.028e-03  vz=4.548e-03  p=6.019e-06  T=4.633e-03  | total=7.180e+02




[  676/10000]
PDE   div=5.389e-01  mom_x=8.696e-02  mom_y=4.024e-04  mom_z=2.684e-03  heat=2.353e-08  | total=6.289e-01
      w: div=9.399e-01  mom_x=9.330e-01  mom_y=9.323e-01  mom_z=9.320e-01  heat=9.324e-01
BC    inlet_vx=1.031e+00  inlet_vy=8.339e-01  inlet_vz=9.120e-01  inlet_T=4.135e-03  outlet_p=1.328e-02
      wall_vx=7.119e-01   wall_vy=2.421e-02   wall_vz=1.365e-03   wall_T=4.645e-03   wall_dp_dn=3.956e-04  | total=3.537e+00
      w: inlet_vx=1.024e+00  inlet_vy=9.500e-01  inlet_vz=9.604e-01  inlet_T=9.319e-01  outlet_p=9.319e-01
      w: wall_vx=9.950e-01   wall_vy=9.321e-01   wall_vz=9.324e-01   wall_T=9.321e-01   wall_dp_dn=9.322e-01
SUP   vx=0.000e+00  vy=0.000e+00  vz=0.000e+00  p=0.000e+00  T=0.000e+00  | total=0.000e+00
      w: vx=9.324e-01  vy=9.324e-01  vz=9.324e-01  p=9.324e-01  T=9.324e-01
MSE   vx=7.177e+02  vy=9.031e-03  vz=4.548e-03  p=6.027e-06  T=4.617e-03  | total=7.177e+02




[  677/10000]
PDE   div=5.376e-01  mom_x=8.999e-02  mom_y=3.989e-04  mom_z=2.768e-03  heat=2.300e-08  | total=6.307e-01
      w: div=9.398e-01  mom_x=9.329e-01  mom_y=9.322e-01  mom_z=9.319e-01  heat=9.323e-01
BC    inlet_vx=1.030e+00  inlet_vy=8.337e-01  inlet_vz=9.118e-01  inlet_T=4.179e-03  outlet_p=1.327e-02
      wall_vx=7.151e-01   wall_vy=2.537e-02   wall_vz=1.514e-03   wall_T=4.791e-03   wall_dp_dn=4.086e-04  | total=3.540e+00
      w: inlet_vx=1.024e+00  inlet_vy=9.499e-01  inlet_vz=9.603e-01  inlet_T=9.318e-01  outlet_p=9.318e-01
      w: wall_vx=9.950e-01   wall_vy=9.320e-01   wall_vz=9.323e-01   wall_T=9.320e-01   wall_dp_dn=9.321e-01
SUP   vx=0.000e+00  vy=0.000e+00  vz=0.000e+00  p=0.000e+00  T=0.000e+00  | total=0.000e+00
      w: vx=9.323e-01  vy=9.323e-01  vz=9.323e-01  p=9.323e-01  T=9.323e-01
MSE   vx=7.175e+02  vy=9.033e-03  vz=4.549e-03  p=6.034e-06  T=4.601e-03  | total=7.175e+02




[  678/10000]
PDE   div=5.264e-01  mom_x=8.209e-02  mom_y=3.992e-04  mom_z=2.681e-03  heat=2.146e-08  | total=6.116e-01
      w: div=9.397e-01  mom_x=9.328e-01  mom_y=9.321e-01  mom_z=9.318e-01  heat=9.322e-01
BC    inlet_vx=1.029e+00  inlet_vy=8.335e-01  inlet_vz=9.115e-01  inlet_T=4.222e-03  outlet_p=1.328e-02
      wall_vx=6.871e-01   wall_vy=2.641e-02   wall_vz=1.383e-03   wall_T=4.518e-03   wall_dp_dn=3.969e-04  | total=3.511e+00
      w: inlet_vx=1.024e+00  inlet_vy=9.498e-01  inlet_vz=9.602e-01  inlet_T=9.317e-01  outlet_p=9.317e-01
      w: wall_vx=9.949e-01   wall_vy=9.319e-01   wall_vz=9.322e-01   wall_T=9.319e-01   wall_dp_dn=9.320e-01
SUP   vx=0.000e+00  vy=0.000e+00  vz=0.000e+00  p=0.000e+00  T=0.000e+00  | total=0.000e+00
      w: vx=9.322e-01  vy=9.322e-01  vz=9.322e-01  p=9.322e-01  T=9.322e-01
MSE   vx=7.173e+02  vy=9.035e-03  vz=4.550e-03  p=6.042e-06  T=4.586e-03  | total=7.173e+02




[  679/10000]
PDE   div=5.345e-01  mom_x=8.646e-02  mom_y=4.065e-04  mom_z=2.814e-03  heat=2.205e-08  | total=6.241e-01
      w: div=9.396e-01  mom_x=9.327e-01  mom_y=9.320e-01  mom_z=9.317e-01  heat=9.321e-01
BC    inlet_vx=1.027e+00  inlet_vy=8.334e-01  inlet_vz=9.113e-01  inlet_T=4.265e-03  outlet_p=1.335e-02
      wall_vx=7.142e-01   wall_vy=2.585e-02   wall_vz=1.390e-03   wall_T=5.115e-03   wall_dp_dn=3.877e-04  | total=3.537e+00
      w: inlet_vx=1.024e+00  inlet_vy=9.497e-01  inlet_vz=9.600e-01  inlet_T=9.316e-01  outlet_p=9.316e-01
      w: wall_vx=9.948e-01   wall_vy=9.318e-01   wall_vz=9.321e-01   wall_T=9.318e-01   wall_dp_dn=9.319e-01
SUP   vx=0.000e+00  vy=0.000e+00  vz=0.000e+00  p=0.000e+00  T=0.000e+00  | total=0.000e+00
      w: vx=9.321e-01  vy=9.321e-01  vz=9.321e-01  p=9.321e-01  T=9.321e-01
MSE   vx=7.171e+02  vy=9.038e-03  vz=4.550e-03  p=6.050e-06  T=4.571e-03  | total=7.171e+02




[  680/10000]
PDE   div=5.370e-01  mom_x=8.801e-02  mom_y=4.038e-04  mom_z=2.652e-03  heat=2.381e-08  | total=6.280e-01
      w: div=9.395e-01  mom_x=9.326e-01  mom_y=9.319e-01  mom_z=9.316e-01  heat=9.320e-01
BC    inlet_vx=1.026e+00  inlet_vy=8.332e-01  inlet_vz=9.110e-01  inlet_T=4.307e-03  outlet_p=1.336e-02
      wall_vx=6.827e-01   wall_vy=2.486e-02   wall_vz=1.330e-03   wall_T=4.847e-03   wall_dp_dn=3.897e-04  | total=3.502e+00
      w: inlet_vx=1.024e+00  inlet_vy=9.496e-01  inlet_vz=9.599e-01  inlet_T=9.315e-01  outlet_p=9.315e-01
      w: wall_vx=9.948e-01   wall_vy=9.317e-01   wall_vz=9.320e-01   wall_T=9.317e-01   wall_dp_dn=9.318e-01
SUP   vx=0.000e+00  vy=0.000e+00  vz=0.000e+00  p=0.000e+00  T=0.000e+00  | total=0.000e+00
      w: vx=9.320e-01  vy=9.320e-01  vz=9.320e-01  p=9.320e-01  T=9.320e-01
MSE   vx=7.169e+02  vy=9.040e-03  vz=4.551e-03  p=6.058e-06  T=4.558e-03  | total=7.169e+02




[  681/10000]
PDE   div=5.405e-01  mom_x=8.819e-02  mom_y=4.134e-04  mom_z=2.633e-03  heat=2.385e-08  | total=6.317e-01
      w: div=9.395e-01  mom_x=9.325e-01  mom_y=9.318e-01  mom_z=9.315e-01  heat=9.319e-01
BC    inlet_vx=1.025e+00  inlet_vy=8.330e-01  inlet_vz=9.108e-01  inlet_T=4.349e-03  outlet_p=1.318e-02
      wall_vx=7.175e-01   wall_vy=2.597e-02   wall_vz=1.549e-03   wall_T=4.554e-03   wall_dp_dn=3.869e-04  | total=3.536e+00
      w: inlet_vx=1.024e+00  inlet_vy=9.494e-01  inlet_vz=9.598e-01  inlet_T=9.314e-01  outlet_p=9.314e-01
      w: wall_vx=9.947e-01   wall_vy=9.316e-01   wall_vz=9.319e-01   wall_T=9.316e-01   wall_dp_dn=9.317e-01
SUP   vx=0.000e+00  vy=0.000e+00  vz=0.000e+00  p=0.000e+00  T=0.000e+00  | total=0.000e+00
      w: vx=9.319e-01  vy=9.319e-01  vz=9.319e-01  p=9.319e-01  T=9.319e-01
MSE   vx=7.168e+02  vy=9.043e-03  vz=4.552e-03  p=6.066e-06  T=4.545e-03  | total=7.168e+02
